Pick,Player,Team,Pos.,Salary,Team
1,Ashton Jeanty ,LV , RB,$48 ,Green Rahe Packers
2,Bijan Robinson ,Atl , RB,$82 ,The Randy Savages
3,Rashee Rice ,KC , WR,$7 ,Godwin's Plan
4,Christian McCaffrey ,SF , RB,$56 ,San gronkowski 69ers
5,Jahmyr Gibbs ,Det , RB,$75 ,Bill Cosby Sleepers
6,CeeDee Lamb ,Dal , WR,$65 ,Password is Taco
7,Derrick Henry ,Bal , RB,$61 ,The White Walkers
8,Travis Kelce ,KC , TE,$6 ,Bobby Bad Beats
9,George Kittle ,SF , TE,$32 ,Bill Cosby Sleepers
10,Josh Allen ,Buf , QB,$33 ,San gronkowski 69ers
11,Lamar Jackson ,Bal , QB,$36 ,Garbage Time All-...
12,Nico Collins ,Hou , WR,$52 ,Phillip OchoOcho
13,Amon-Ra St. Brown ,Det , WR,$67 ,The Randy Savages
14,Jalen Hurts ,Phi , QB,$34 ,Bill Cosby Sleepers
15,Joe Mixon ,Hou , RB,$6 ,Bill Cosby Sleepers
16,Mike Evans ,SF , WR,$24 ,Bill Cosby Sleepers
17,Josh Jacobs ,GB , RB,$60 ,Phillip OchoOcho
18,Kyren Williams ,LAR , RB,$51 ,Trundle The Great
19,Tee Higgins ,Cin , WR,$31 ,Green Rahe Packers
20,A.J. Brown ,NE , WR,$62 ,Password is Taco
21,Omarion Hampton ,LAC , RB,$39 ,The White Walkers
22,Marvin Harrison Jr. ,Ari , WR,$25 ,Trundle The Great
23,Alvin Kamara ,NO , RB,$35 ,Phillip OchoOcho
24,Davante Adams ,LAR , WR,$36 ,Bobby Bad Beats
25,Tyreek Hill ,Mia , WR,$35 ,Godwin's Plan
26,Sam LaPorta ,Det , TE,$10 ,Password is Taco
27,Xavier Worthy ,KC , WR,$18 ,Trundle The Great
28,TreVeyon Henderson ,NE , RB,$17 ,Godwin's Plan
29,Kenneth Walker III ,KC , RB,$30 ,Godwin's Plan
30,Terry McLaurin ,Was , WR,$42 ,Password is Taco
31,George Pickens ,Dal , WR,$22 ,Phillip OchoOcho
32,Zay Flowers ,Bal , WR,$39 ,Garbage Time All-...
33,Chuba Hubbard ,Car , RB,$27 ,Garbage Time All-...
34,James Conner ,Ari , RB,$29 ,The Randy Savages
35,Justin Fields ,KC , QB,$2 ,Ridley Me This
36,DeVonta Smith ,Phi , WR,$19 ,Bobby Bad Beats
37,DK Metcalf ,Pit , WR,$22 ,Bill Cosby Sleepers
38,Joe Burrow ,Cin , QB,$23 ,Bobby Bad Beats
39,Deebo Samuel Sr. ,SF , WR,$13 ,Bobby Bad Beats
40,Tetairoa McMillan ,Car , WR,$18 ,Ridley Me This
41,DJ Moore ,Buf , WR,$19 ,Godwin's Plan
42,Tony Pollard ,Ten , RB,$24 ,Bobby Bad Beats
43,RJ Harvey ,Den , RB,$17 ,Phillip OchoOcho
44,T.J. Hockenson ,Min , TE,$8 ,Trundle The Great
45,Isiah Pacheco ,Det , RB,$13 ,Bobby Bad Beats
46,Jameson Williams ,Det , WR,$26 ,Garbage Time All-...
47,Chris Olave ,NO , WR,$14 ,Garbage Time All-...
48,Jaylen Waddle ,Den , WR,$16 ,Bill Cosby Sleepers
49,Calvin Ridley ,Ten , WR,$16 ,Ridley Me This
50,David Montgomery ,Hou , RB,$11 ,Green Rahe Packers
51,Quinshon Judkins ,Cle , RB,$4 ,Bobby Bad Beats
52,Travis Hunter ,Jax , WR,$16 ,Ridley Me This
53,Emeka Egbuka ,TB , WR,$14 ,Phillip OchoOcho
54,Aaron Jones Sr. ,Min , RB,$14 ,Bill Cosby Sleepers
55,Tucker Kraft ,GB , TE,$6 ,Phillip OchoOcho
56,Tyrone Tracy Jr. ,NYG , RB,$9 ,Bobby Bad Beats
57,Mark Andrews ,Bal , TE,$2 ,Ridley Me This
58,D'Andre Swift ,Chi , RB,$14 ,The White Walkers
59,Michael Pittman Jr. ,Pit , WR,$4 ,San gronkowski 69ers
60,Courtland Sutton ,Den , WR,$37 ,Ridley Me This
61,Rome Odunze ,Chi , WR,$10 ,Green Rahe Packers
62,Patrick Mahomes ,KC , QB,$12 ,Password is Taco
63,Khalil Shakir ,Buf , WR,$4 ,Trundle The Great
64,Jordan Mason ,Min , RB,$11 ,Phillip OchoOcho
65,Baker Mayfield ,TB , QB,$6 ,The Randy Savages
66,Braelon Allen ,NYJ , RB,$4 ,Trundle The Great
67,Ricky Pearsall ,SF , WR,$20 ,The Randy Savages
68,Eagles ,Phi , DEF,$2 ,Trundle The Great
69,Broncos ,Den , DEF,$2 ,Ridley Me This
70,Tank Bigsby ,Phi , RB,$4 ,Godwin's Plan
71,Cooper Kupp ,Sea , WR,$17 ,The White Walkers
72,Jakobi Meyers ,Jax , WR,$8 ,Green Rahe Packers
73,Bo Nix ,Den , QB,$5 ,Ridley Me This
74,Evan Engram ,Den , TE,$2 ,Trundle The Great
75,Kyler Murray ,Min , QB,$3 ,Green Rahe Packers
76,Kaleb Johnson ,Pit , RB,$2 ,Green Rahe Packers
77,Matthew Golden ,GB , WR,$16 ,Green Rahe Packers
78,Jaylen Warren ,Pit , RB,$4 ,Godwin's Plan
79,Packers ,GB , DEF,$1 ,Phillip OchoOcho
80,Keenan Allen ,LAC , WR,$5 ,Bill Cosby Sleepers
81,Ravens ,Bal , DEF,$4 ,Garbage Time All-...
82,Matthew Stafford ,LAR , QB,$1 ,Garbage Time All-...
83,Javonte Williams ,Dal , RB,$2 ,San gronkowski 69ers
84,Jacory Croskey-Merritt ,Was , RB,$5 ,Garbage Time All-...
85,Jauan Jennings ,Min , WR,$11 ,Bobby Bad Beats
86,Josh Downs ,Ind , WR,$11 ,Garbage Time All-...
87,Stefon Diggs ,Was , WR,$6 ,San gronkowski 69ers
88,Jordan Addison ,Min , WR,$10 ,The White Walkers
89,Ollie Gordon II ,Mia , RB,$5 ,Green Rahe Packers
90,Jared Goff ,Det , QB,$2 ,Godwin's Plan
91,Travis Etienne Jr. ,NO , RB,$5 ,Godwin's Plan
92,Christian Kirk ,SF , WR,$6 ,The White Walkers
93,Steelers ,Pit , DEF,$1 ,Bobby Bad Beats
94,Brian Robinson ,Atl , RB,$7 ,Garbage Time All-...
95,Trevor Lawrence ,Jax , QB,$1 ,Trundle The Great
96,Jayden Reed ,GB , WR,$2 ,Bobby Bad Beats
97,Rhamondre Stevenson ,NE , RB,$2 ,Trundle The Great
98,Justin Herbert ,LAC , QB,$2 ,Trundle The Great
99,Tyler Warren ,Ind , TE,$7 ,The Randy Savages
100,Chris Godwin Jr. ,TB , WR,$2 ,San gronkowski 69ers
101,David Njoku ,LAC , TE,$6 ,Green Rahe Packers
102,Jerome Ford ,Was , RB,$1 ,San gronkowski 69ers
103,Nick Chubb ,Hou , RB,$5 ,Ridley Me This
104,Lions ,Det , DEF,$1 ,Bill Cosby Sleepers
105,Cam Skattebo ,NYG , RB,$5 ,Garbage Time All-...
106,Darnell Mooney ,NYG , WR,$1 ,Trundle The Great
107,Bhayshul Tuten ,Jax , RB,$1 ,The Randy Savages
108,Dalton Kincaid ,Buf , TE,$1 ,Godwin's Plan
109,Colston Loveland ,Chi , TE,$2 ,Ridley Me This
110,Rachaad White ,Was , RB,$1 ,Ridley Me This
111,Tyler Allgeier ,Ari , RB,$2 ,The Randy Savages
112,Keon Coleman ,Buf , WR,$2 ,Green Rahe Packers
113,Dallas Goedert ,Phi , TE,$1 ,San gronkowski 69ers
114,Jake Ferguson ,Dal , TE,$4 ,Phillip OchoOcho
115,Rashod Bateman ,Bal , WR,$1 ,Bill Cosby Sleepers
116,Luther Burden III ,Chi , WR,$7 ,Garbage Time All-...
117,Adam Thielen ,Pit , WR,$2 ,San gronkowski 69ers
118,Brandon Aiyuk ,SF , WR,$1 ,Godwin's Plan
119,Joshua Palmer ,Buf , WR,$1 ,The White Walkers
120,Jayden Higgins ,Hou , WR,$1 ,Ridley Me This
121,Austin Ekeler ,Was , RB,$2 ,San gronkowski 69ers
122,Dylan Sampson ,Cle , RB,$1 ,Green Rahe Packers
123,Jaydon Blue ,Dal , RB,$3 ,San gronkowski 69ers
124,Jalen Coker ,Car , WR,$1 ,Phillip OchoOcho
125,Cowboys ,Dal , DEF,$1 ,Bill Cosby Sleepers
126,Cam Ward ,Ten , QB,$1 ,The Randy Savages
127,C.J. Stroud ,Hou , QB,$1 ,Godwin's Plan
128,Najee Harris ,LAC , RB,$2 ,Phillip OchoOcho
129,Trey Benson ,Ari , RB,$1 ,Password is Taco
130,Tyjae Spears ,Ten , RB,$1 ,San gronkowski 69ers
131,Rashid Shaheed ,Sea , WR,$2 ,The Randy Savages
132,Jordan Love ,GB , QB,$1 ,The White Walkers
133,Ray Davis ,Buf , RB,$1 ,Password is Taco
134,Cedric Tillman ,Cle , WR,$1 ,The Randy Savages
135,Zach Ertz ,Was , TE,$1 ,The White Walkers
136,Rico Dowdle ,Pit , RB,$1 ,Password is Taco
137,Vikings ,Min , DEF,$1 ,The Randy Savages
138,Justice Hill ,Bal , RB,$1 ,The White Walkers
139,Will Shipley ,Phi , RB,$1 ,Password is Taco
140,Texans ,Hou , DEF,$1 ,The White Walkers
141,Chris Rodriguez Jr. ,Jax , RB,$2 ,The White Walkers
142,Isaac Guerendo ,SF , RB,$1 ,Password is Taco
143,Kareem Hunt ,KC , RB,$1 ,Password is Taco
144,Amari Cooper ,Buf , WR,$1 ,Password is Taco
145,Garrett Wilson ,NYJ , WR ,$16 ,Trundle The Great
146,Jonathan Taylor ,Ind , RB ,$29 ,Trundle The Great
147,J.K. Dobbins ,Den , RB ,$8 ,Bill Cosby Sleepers
148,Jerry Jeudy ,Cle , WR ,$7 ,Bill Cosby Sleepers
149,Brock Purdy ,SF , QB ,$6 ,Phillip OchoOcho
150,Jaxon Smith-Njigba ,Sea , WR ,$9 ,Phillip OchoOcho
151,Bucky Irving ,TB , RB ,$6 ,Password is Taco
152,Brian Thomas Jr. ,Jax , WR ,$11 ,Password is Taco
153,Saquon Barkley ,Phi , RB ,$61 ,San gronkowski 69ers
154,Puka Nacua ,LAR , WR ,$11 ,San gronkowski 69ers
155,Trey McBride ,Ari , TE ,$11 ,Bobby Bad Beats
156,Drake London ,Atl , WR ,$24 ,Bobby Bad Beats
157,Dalton Schultz ,Hou , TE ,$7 ,Garbage Time All-...
158,Zach Charbonnet ,Sea , RB ,$7 ,Garbage Time All-...
159,Brock Bowers ,LV , TE ,$8 ,The Randy Savages
160,Ladd McConkey ,LAC , WR ,$10 ,The Randy Savages
161,Ja'Marr Chase ,Cin , WR ,$31 ,The White Walkers
162,Jayden Daniels ,Was , QB ,$10 ,The White Walkers
163,Chase Brown ,Cin , RB ,$11 ,Godwin's Plan
164,Justin Jefferson ,Min , WR ,$28 ,Godwin's Plan
165,De'Von Achane ,Mia , RB ,$21 ,Ridley Me This
166,Breece Hall ,NYJ , RB ,$24 ,Ridley Me This
167,James Cook III ,Buf , RB ,$20 ,Green Rahe Packers
168,Malik Nabers ,NYG , WR ,$27 ,Green Rahe Packers
