Draft_Year,Round,Player,School,Position
2026,1,Fernando Mendoza,,QB
2026,1,Jeremiyah Love,,RB
2026,1,Carnell Tate,,WR
2026,1,Jordyn Tyson,,WR
2026,1,Ty Simpson,,QB
2026,1,Kenyon Sadiq,,TE
2026,1,Makai Lemon,,WR
2026,1,KC Concepcion,,WR
2026,1,Omar Cooper Jr.,,WR
2026,1,Jadarian Price,,RB
2026,2,De'Zhaun Stribling,,WR
2026,2,Denzel Boston,,WR
2026,2,Germie Bernard,,WR
2026,2,Eli Stowers,,TE
2026,2,Nate Boerkircher,,TE
2026,2,Marlin Klein,,TE
2026,2,Max Klare,,TE
2026,3,Carson Beck,,QB
2026,3,Sam Roush,,TE
2026,3,Antonio Williams,,WR
2026,3,Oscar Delp,,TE
2026,3,Malachi Fields,,WR
2026,3,Caleb Douglas,,WR
2026,3,Drew Allar,,QB
2026,3,Zachariah Branch,,WR
2026,3,Ja'Kobi Lane,,WR
2026,3,Chris Brazzell II,,WR
2026,3,Ted Hurst,,WR
2026,3,Will Kacmarek,,TE
2026,3,Zavion Thomas,,WR
2026,3,Kaelon Black,,RB
2026,3,Chris Bell,,WR
2026,3,Eli Raridon,,TE
2026,4,Brenen Thompson,,WR
2026,4,Jonah Coleman,,RB
2026,4,Cade Klubnik,,QB
2026,4,Elijah Sarratt,,WR
2026,4,Kaden Wetjen,,WR
2026,4,Mike Washington Jr.,,RB
2026,4,Skyler Bell,,WR
2026,4,Matthew Hibner,,TE
2026,4,Bryce Lance,,WR
2026,4,Colbie Young,,WR
2026,5,Reggie Virgil,,WR
2026,5,Justin Joly,,TE
2026,5,Max Bredeson,,TE
2026,5,Emmett Johnson,,RB
2026,5,Tanner Koziol,,TE
2026,5,Nicholas Singleton,,RB
2026,5,Kendrick Law,,WR
2026,5,Riley Nowakowski,,TE
2026,5,Joe Royer,,TE
2026,5,Josh Cuevas,,TE
2026,5,Adam Randall,,RB
2026,5,Cyrus Allen,,WR
2026,5,Kevin Coleman Jr.,,WR
2026,5,Cole Payton,,QB
2026,5,Seydou Traore,,TE
2026,6,Taylen Green,,QB
2026,6,Bauer Sharp,,TE
2026,6,Kaytron Allen,,RB
2026,6,Barion Brown,,WR
2026,6,Josh Cameron,,WR
2026,6,Malik Benson,,WR
2026,6,CJ Daniels,,WR
2026,6,Demond Claiborne,,RB
2026,6,Emmanuel Henderson Jr.,,WR
2026,6,CJ Williams,,WR
2026,6,Lewis Bond,,WR
2026,7,Anthony Smith,,WR
2026,7,Jack Endries,,TE
2026,7,Athan Kaliakmanis,,QB
2026,7,Jaren Kanak,,TE
2026,7,Eli Heidenreich,,RB
2026,7,Behren Morton,,QB
2026,7,Seth McGowan,,RB
2026,7,Jam Miller,,RB
2026,7,Carsen Ryan,,TE
2026,7,Garrett Nussmeier,,QB
2026,7,Deion Burks,,WR
2026,7,Dallen Bentley,,TE
