Team,Player,Pos.,Age,HT,WT,Exp,College
ARI,Carson Beck,QB,23.0,"6' 4""",220 lbs,0,
ARI,Gardner Minshew II,QB,30.0,"6' 1""",225 lbs,8,
ARI,Jacoby Brissett,QB,33.0,"6' 4""",235 lbs,11,
ARI,Kedon Slovis,QB,25.0,"6' 2""",223 lbs,2,
ARI,Bam Knight,RB,25.0,"5' 11""",210 lbs,4,
ARI,Corey Kiner,RB,24.0,"5' 9""",209 lbs,2,
ARI,Evan Hull,RB,25.0,"5' 10""",209 lbs,1,
ARI,James Conner,RB,31.0,"6' 1""",233 lbs,10,
ARI,Jeremiyah Love,RB,21.0,"6' 0""",212 lbs,0,
ARI,Tre Stewart,RB,23.0,"5' 8""",186 lbs,1,
ARI,Trey Benson,RB,24.0,"6' 0""",225 lbs,3,
ARI,Tyler Allgeier,RB,26.0,"5' 10""",220 lbs,5,
ARI,Baylor Cupp,TE,26.0,"6' 6""",243 lbs,1,
ARI,Elijah Higgins,TE,25.0,"6' 3""",245 lbs,4,
ARI,Jameson Geers,TE,23.0,"6' 5""",250 lbs,0,
ARI,Rivaldo Fairweather,TE,24.0,"6' 3""",249 lbs,1,
ARI,Shawn Bowman,TE,26.0,"6' 4""",249 lbs,1,
ARI,Teagan Quitoriano,TE,26.0,"6' 6""",259 lbs,5,
ARI,Tip Reiman,TE,24.0,"6' 5""",271 lbs,3,
ARI,Trey McBride,TE,26.0,"6' 4""",246 lbs,5,
ARI,Bryson Green,WR,23.0,"6' 1""",210 lbs,1,
ARI,Devin Duvernay,WR,28.0,"5' 11""",202 lbs,6,
ARI,Harrison Wallace III,WR,23.0,"6' 0""",192 lbs,0,
ARI,Ihmir Smith-Marsette,WR,26.0,"6' 1""",200 lbs,5,
ARI,Jalen Brooks,WR,26.0,"6' 2""",205 lbs,4,
ARI,Kendrick Bourne,WR,31.0,"6' 1""",205 lbs,10,
ARI,Marvin Harrison Jr.,WR,24.0,"6' 3""",220 lbs,3,
ARI,Michael Wilson,WR,26.0,"6' 2""",213 lbs,4,
ARI,Reggie Virgil,WR,22.0,"6' 3""",187 lbs,0,
ARI,Simi Fehoko,WR,28.0,"6' 4""",225 lbs,6,
ARI,Xavier Weaver,WR,25.0,"6' 0""",185 lbs,3,
ATL,Cooper Rush,QB,32.0,"6' 3""",224 lbs,9,
ATL,Jack Strand,QB,22.0,"6' 5""",240 lbs,0,
ATL,Michael Penix Jr.,QB,26.0,"6' 3""",220 lbs,3,
ATL,Tua Tagovailoa,QB,28.0,"6' 1""",225 lbs,7,
ATL,Bijan Robinson,RB,24.0,"5' 11""",215 lbs,4,
ATL,Brian Robinson Jr.,RB,27.0,"6' 1""",225 lbs,5,
ATL,Cash Jones,RB,26.0,"5' 11""",195 lbs,0,
ATL,Nathan Carter,RB,24.0,"5' 10""",202 lbs,2,
ATL,Trey Sermon,RB,27.0,"6' 0""",215 lbs,5,
ATL,Tyler Goodson,RB,25.0,"5' 9""",197 lbs,4,
ATL,Austin Hooper,TE,31.0,"6' 4""",254 lbs,11,
ATL,Charlie Woerner,TE,28.0,"6' 5""",250 lbs,7,
ATL,Jack Velling,TE,22.0,"6' 5""",245 lbs,0,
ATL,Joshua Simon,TE,25.0,"6' 4""",240 lbs,1,
ATL,Kyle Pitts Sr.,TE,25.0,"6' 6""",250 lbs,5,
ATL,Nick Muse,TE,27.0,"6' 5""",252 lbs,3,
ATL,Antwane Wells Jr.,WR,25.0,"6' 0""",205 lbs,1,
ATL,Beaux Collins,WR,23.0,"6' 3""",206 lbs,2,
ATL,Chris Blair,WR,28.0,"6' 2""",215 lbs,2,
ATL,Drake London,WR,25.0,"6' 4""",215 lbs,5,
ATL,Dylan Drummond,WR,26.0,"6' 0""",190 lbs,2,
ATL,Jahan Dotson,WR,26.0,"5' 11""",184 lbs,5,
ATL,Keelan Marion,WR,26.0,"6' 0""",195 lbs,0,
ATL,Olamide Zaccheaus,WR,29.0,"5' 8""",194 lbs,8,
ATL,Vinny Anthony II,WR,23.0,"6' 0""",190 lbs,0,
ATL,Zachariah Branch,WR,22.0,"5' 10""",180 lbs,0,
BAL,Austin Reed,QB,26.0,"6' 1""",214 lbs,1,
BAL,Joe Fagnano,QB,25.0,"6' 3""",226 lbs,0,
BAL,Lamar Jackson,QB,29.0,"6' 2""",205 lbs,9,
BAL,Skylar Thompson,QB,29.0,"6' 2""",219 lbs,5,
BAL,Tyler Huntley,QB,28.0,"6' 1""",204 lbs,7,
BAL,Adam Randall,RB,22.0,"6' 3""",232 lbs,0,
BAL,Derrick Henry,RB,32.0,"6' 2""",252 lbs,11,
BAL,Dontae McMillan,RB,25.0,"5' 10""",203 lbs,0,
BAL,Elijah Tau-Tolliver,RB,23.0,"6' 0""",204 lbs,0,
BAL,Jonathan Ward,RB,28.0,"6' 0""",202 lbs,6,
BAL,Justice Hill,RB,28.0,"5' 10""",205 lbs,8,
BAL,Rasheen Ali,RB,25.0,"5' 11""",210 lbs,3,
BAL,Durham Smythe,TE,31.0,"6' 4""",248 lbs,9,
BAL,Josh Cuevas,TE,23.0,"6' 3""",245 lbs,0,
BAL,Mark Andrews,TE,30.0,"6' 5""",250 lbs,9,
BAL,Matthew Hibner,TE,24.0,"6' 4""",251 lbs,0,
BAL,Ty Pezza,TE,23.0,"6' 3""",234 lbs,0,
BAL,Chris Moore,WR,33.0,"6' 1""",200 lbs,10,
BAL,Cornelius Johnson,WR,25.0,"6' 3""",208 lbs,1,
BAL,Cortez Braham Jr.,WR,26.0,"6' 2""",203 lbs,0,
BAL,Dayton Wade,WR,25.0,"5' 9""",184 lbs,2,
BAL,Devontez Walker,WR,25.0,"6' 1""",198 lbs,3,
BAL,Elijah Sarratt,WR,23.0,"6' 2""",210 lbs,0,
BAL,Ja'Kobi Lane,WR,22.0,"6' 4""",200 lbs,0,
BAL,LaJohntay Wester,WR,24.0,"5' 9""",170 lbs,2,
BAL,Octavian Smith Jr.,WR,23.0,"5' 11""",184 lbs,0,
BAL,Rashod Bateman,WR,26.0,"6' 1""",193 lbs,6,
BAL,Xavier Guillory,WR,25.0,"6' 2""",203 lbs,1,
BAL,Zay Flowers,WR,25.0,"5' 9""",183 lbs,4,
BUF,Josh Allen,QB,30.0,"6' 5""",237 lbs,9,
BUF,Kyle Allen,QB,30.0,"6' 3""",210 lbs,8,
BUF,Shane Buechele,QB,28.0,"6' 0""",210 lbs,4,
BUF,Frank Gore Jr.,RB,24.0,"5' 8""",201 lbs,1,
BUF,Ian Wheeler,RB,24.0,"5' 11""",205 lbs,2,
BUF,James Cook III,RB,26.0,"5' 11""",190 lbs,5,
BUF,Ray Davis,RB,26.0,"5' 8""",211 lbs,3,
BUF,Ty Johnson,RB,28.0,"5' 10""",210 lbs,8,
BUF,Dalton Kincaid,TE,26.0,"6' 3""",246 lbs,4,
BUF,Dawson Knox,TE,29.0,"6' 4""",254 lbs,8,
BUF,Jackson Hawes,TE,25.0,"6' 4""",253 lbs,2,
BUF,Keleki Latu,TE,24.0,"6' 6""",249 lbs,1,
BUF,Shane Zylstra,TE,29.0,"6' 4""",244 lbs,5,
BUF,DJ Moore,WR,29.0,"6' 0""",213 lbs,9,
BUF,Dante Pettis,WR,30.0,"6' 1""",195 lbs,8,
BUF,Ja'Mori Maclin,WR,24.0,"5' 11""",183 lbs,0,
BUF,Joshua Palmer,WR,26.0,"6' 1""",210 lbs,6,
BUF,Keon Coleman,WR,23.0,"6' 3""",213 lbs,3,
BUF,Khalil Shakir,WR,26.0,"6' 0""",190 lbs,5,
BUF,Mac Dalena,WR,24.0,"5' 11""",180 lbs,1,
BUF,Max Tomczak,WR,23.0,"6' 0""",195 lbs,0,
BUF,Mecole Hardman Jr.,WR,28.0,"5' 10""",187 lbs,8,
BUF,Quentin Skinner,WR,24.0,"6' 5""",195 lbs,1,
BUF,Skyler Bell,WR,24.0,"5' 11""",192 lbs,0,
BUF,Stephen Gosnell,WR,24.0,"6' 1""",198 lbs,1,
BUF,Trent Sherfield,WR,30.0,"6' 1""",205 lbs,9,
BUF,Tyrell Shavers,WR,27.0,"6' 4""",211 lbs,2,
CAR,Bryce Young,QB,25.0,"5' 10""",204 lbs,4,
CAR,Haynes King,QB,25.0,"6' 2""",212 lbs,0,
CAR,Kenny Pickett,QB,28.0,"6' 3""",220 lbs,5,
CAR,Kyle Trask,QB,28.0,"6' 5""",236 lbs,5,
CAR,AJ Dillon,RB,28.0,"6' 0""",247 lbs,7,
CAR,Anthony Tyus III,RB,23.0,"6' 1""",226 lbs,1,
CAR,Chuba Hubbard,RB,27.0,"6' 1""",210 lbs,6,
CAR,Jonathon Brooks,RB,23.0,"6' 0""",207 lbs,3,
CAR,Miles Davis,RB,24.0,"5' 11""",215 lbs,0,
CAR,Trevor Etienne,RB,22.0,"5' 8""",198 lbs,2,
CAR,Caden Prieskorn,TE,26.0,"6' 5""",255 lbs,1,
CAR,Darren Waller,TE,33.0,"6' 6""",245 lbs,9,
CAR,Feleipe Franks,TE,28.0,"6' 6""",228 lbs,4,
CAR,Ja'Tavion Sanders,TE,23.0,"6' 4""",252 lbs,3,
CAR,James Mitchell,TE,27.0,"6' 4""",249 lbs,4,
CAR,Mitchell Evans,TE,23.0,"6' 5""",258 lbs,2,
CAR,Tommy Tremble,TE,26.0,"6' 4""",250 lbs,6,
CAR,Brycen Tremayne,WR,26.0,"6' 4""",212 lbs,2,
CAR,Casey Washington,WR,25.0,"6' 0""",200 lbs,3,
CAR,Chris Brazzell II,WR,22.0,"6' 4""",198 lbs,0,
CAR,Dan Chisena,WR,29.0,"6' 3""",202 lbs,5,
CAR,David Moore,WR,31.0,"6' 0""",220 lbs,8,
CAR,Elijah Cooks,WR,27.0,"6' 4""",215 lbs,2,
CAR,Ja'seem Reed,WR,23.0,"6' 2""",195 lbs,1,
CAR,Jalen Coker,WR,24.0,"6' 3""",213 lbs,3,
CAR,Jimmy Horn Jr.,WR,23.0,"5' 8""",174 lbs,2,
CAR,John Metchie III,WR,26.0,"5' 11""",187 lbs,4,
CAR,Roc Taylor,WR,24.0,"6' 1""",213 lbs,1,
CAR,Tetairoa McMillan,WR,23.0,"6' 5""",212 lbs,2,
CAR,Xavier Legette,WR,25.0,"6' 3""",227 lbs,3,
CHI,Caleb Williams,QB,24.0,"6' 1""",226 lbs,3,
CHI,Case Keenum,QB,38.0,"6' 1""",220 lbs,14,
CHI,Miller Moss,QB,24.0,"6' 1""",211 lbs,0,
CHI,Tyson Bagent,QB,26.0,"6' 3""",212 lbs,4,
CHI,Brittain Brown,RB,28.0,"6' 1""",205 lbs,3,
CHI,D'Andre Swift,RB,27.0,"5' 8""",204 lbs,7,
CHI,Kyle Monangai,RB,24.0,"5' 8""",207 lbs,2,
CHI,Roschon Johnson,RB,25.0,"6' 0""",227 lbs,4,
CHI,Salvon Ahmed,RB,27.0,"5' 11""",196 lbs,5,
CHI,Cole Kmet,TE,27.0,"6' 6""",257 lbs,7,
CHI,Colston Loveland,TE,22.0,"6' 6""",241 lbs,2,
CHI,Hayden Large,TE,24.0,"6' 4""",250 lbs,0,
CHI,Nikola Kalinic,TE,29.0,"6' 4""",248 lbs,2,
CHI,Qadir Ismail,TE,26.0,"6' 6""",245 lbs,1,
CHI,Sam Roush,TE,22.0,"6' 5""",267 lbs,0,
CHI,Stephen Carlson,TE,29.0,"6' 4""",248 lbs,4,
CHI,JP Richardson,WR,24.0,"5' 11""",192 lbs,1,
CHI,Jahdae Walker,WR,24.0,"6' 3""",206 lbs,2,
CHI,Kaden Davis,WR,27.0,"6' 1""",193 lbs,1,
CHI,Kalif Raymond,WR,32.0,"5' 9""",160 lbs,10,
CHI,Luther Burden III,WR,22.0,"6' 0""",210 lbs,2,
CHI,Maurice Alexander,WR,29.0,"5' 10""",173 lbs,1,
CHI,Omari Kelly,WR,22.0,"5' 11""",190 lbs,0,
CHI,Ray-Ray McCloud III,WR,29.0,"5' 9""",190 lbs,8,
CHI,Rome Odunze,WR,24.0,"6' 3""",214 lbs,3,
CHI,Scotty Miller,WR,29.0,"5' 9""",174 lbs,8,
CHI,Zavion Thomas,WR,22.0,"5' 10""",190 lbs,0,
CIN,Joe Burrow,QB,29.0,"6' 4""",215 lbs,7,
CIN,Joe Flacco,QB,41.0,"6' 6""",245 lbs,19,
CIN,Josh Johnson,QB,40.0,"6' 3""",219 lbs,12,
CIN,Sean Clifford,QB,28.0,"6' 2""",212 lbs,2,
CIN,Chase Brown,RB,26.0,"5' 10""",210 lbs,4,
CIN,Gary Brightwell,RB,28.0,"6' 1""",218 lbs,4,
CIN,Jamal Haynes,RB,23.0,"5' 7""",195 lbs,0,
CIN,Kendall Milton,RB,24.0,"6' 1""",230 lbs,1,
CIN,Kentrel Bullock,RB,24.0,"5' 10""",204 lbs,0,
CIN,Samaje Perine,RB,30.0,"5' 11""",240 lbs,10,
CIN,Tahj Brooks,RB,24.0,"5' 9""",220 lbs,2,
CIN,Cam Grandy,TE,26.0,"6' 5""",253 lbs,3,
CIN,Drew Sample,TE,30.0,"6' 5""",260 lbs,8,
CIN,Erick All Jr.,TE,25.0,"6' 5""",255 lbs,3,
CIN,Jack Endries,TE,22.0,"6' 5""",245 lbs,0,
CIN,Josh Kattus,TE,22.0,"6' 4""",245 lbs,0,
CIN,Mike Gesicki,TE,30.0,"6' 6""",245 lbs,9,
CIN,Tanner Hudson,TE,31.0,"6' 5""",241 lbs,7,
CIN,Andrei Iosivas,WR,26.0,"6' 3""",210 lbs,4,
CIN,Charlie Jones,WR,27.0,"6' 0""",190 lbs,4,
CIN,Colbie Young,WR,24.0,"6' 3""",218 lbs,0,
CIN,Dohnte Meyers,WR,26.0,"5' 11""",186 lbs,1,
CIN,Ja'Marr Chase,WR,26.0,"6' 0""",205 lbs,6,
CIN,Jordan Moore,WR,24.0,"6' 0""",191 lbs,1,
CIN,Ke'Shawn Williams,WR,24.0,"5' 9""",189 lbs,2,
CIN,Kendric Pryor,WR,28.0,"5' 11""",189 lbs,2,
CIN,Mitchell Tinsley,WR,26.0,"6' 1""",205 lbs,3,
CIN,Noah Thomas,WR,22.0,"6' 5""",203 lbs,0,
CIN,Tee Higgins,WR,27.0,"6' 4""",220 lbs,7,
CIN,Xavier Johnson,WR,27.0,"6' 1""",210 lbs,1,
CLE,Deshaun Watson,QB,30.0,"6' 3""",223 lbs,10,
CLE,Dillon Gabriel,QB,25.0,"5' 11""",205 lbs,2,
CLE,Shedeur Sanders,QB,24.0,"6' 2""",212 lbs,2,
CLE,Taylen Green,QB,23.0,"6' 6""",230 lbs,0,
CLE,Ahmani Marshall,RB,24.0,"6' 1""",225 lbs,1,
CLE,Davon Booth,RB,24.0,"5' 10""",192 lbs,0,
CLE,Dylan Sampson,RB,21.0,"5' 8""",200 lbs,2,
CLE,Quinshon Judkins,RB,22.0,"6' 0""",221 lbs,2,
CLE,Raheim Sanders,RB,24.0,"6' 0""",230 lbs,2,
CLE,Blake Whiteheart,TE,26.0,"6' 4""",250 lbs,4,
CLE,Brenden Bates,TE,26.0,"6' 5""",255 lbs,3,
CLE,Carsen Ryan,TE,23.0,"6' 3""",255 lbs,0,
CLE,Drew Biber,TE,,"6' 3""",247 lbs,0,
CLE,Harold Fannin Jr.,TE,22.0,"6' 4""",241 lbs,2,
CLE,Jack Stoll,TE,28.0,"6' 4""",245 lbs,6,
CLE,Jermaine Terry II,TE,23.0,"6' 4""",245 lbs,1,
CLE,Joe Royer,TE,24.0,"6' 5""",250 lbs,0,
CLE,Ben Patterson,WR,23.0,"6' 5""",220 lbs,0,
CLE,Cedric Tillman,WR,26.0,"6' 3""",215 lbs,4,
CLE,Denzel Boston,WR,22.0,"6' 4""",215 lbs,0,
CLE,Gage Larvadain,WR,23.0,"5' 8""",171 lbs,2,
CLE,Isaiah Bond,WR,22.0,"5' 11""",180 lbs,2,
CLE,Jamari Thrash,WR,25.0,"6' 0""",190 lbs,3,
CLE,Jerry Jeudy,WR,27.0,"6' 1""",195 lbs,7,
CLE,KC Concepcion,WR,21.0,"6' 0""",190 lbs,0,
CLE,Kole Wilson,WR,22.0,"5' 9""",177 lbs,0,
CLE,Luke Floriea,WR,24.0,"5' 8""",180 lbs,1,
CLE,Malachi Corley,WR,24.0,"5' 11""",215 lbs,3,
CLE,Tylan Wallace,WR,27.0,"5' 11""",200 lbs,6,
DAL,Dak Prescott,QB,33.0,"6' 2""",230 lbs,11,
DAL,Joe Milton III,QB,26.0,"6' 5""",236 lbs,3,
DAL,Sam Howell,QB,25.0,"6' 1""",225 lbs,5,
DAL,Israel Abanikanda,RB,23.0,"5' 10""",217 lbs,3,
DAL,Jashaun Corbin,RB,26.0,"5' 11""",203 lbs,2,
DAL,Javonte Williams,RB,26.0,"5' 10""",222 lbs,6,
DAL,Jaydon Blue,RB,22.0,"5' 9""",198 lbs,2,
DAL,Malik Davis,RB,27.0,"5' 10""",205 lbs,3,
DAL,Phil Mafah,RB,23.0,"6' 1""",232 lbs,2,
DAL,Brevyn Spann-Ford,TE,26.0,"6' 6""",265 lbs,3,
DAL,DJ Rogers,TE,24.0,"6' 4""",245 lbs,0,
DAL,Jake Ferguson,TE,27.0,"6' 5""",250 lbs,5,
DAL,Luke Schoonmaker,TE,27.0,"6' 5""",250 lbs,4,
DAL,Michael Trigg,TE,24.0,"6' 4""",240 lbs,0,
DAL,Princeton Fant,TE,27.0,"6' 2""",245 lbs,2,
DAL,Zack Kuntz,TE,27.0,"6' 8""",251 lbs,1,
DAL,Anthony Smith,WR,24.0,"6' 2""",197 lbs,0,
DAL,Camden Brown,WR,22.0,"6' 2""",204 lbs,0,
DAL,CeeDee Lamb,WR,27.0,"6' 2""",198 lbs,7,
DAL,Denzel Mims,WR,28.0,"6' 3""",207 lbs,4,
DAL,George Pickens,WR,25.0,"6' 3""",200 lbs,5,
DAL,Jaden Smith,WR,24.0,"6' 6""",210 lbs,0,
DAL,Jonathan Mingo,WR,25.0,"6' 2""",225 lbs,4,
DAL,Jordan Hudson,WR,22.0,"6' 1""",199 lbs,0,
DAL,KaVontae Turpin,WR,30.0,"5' 7""",158 lbs,5,
DAL,Marquez Valdes-Scantling,WR,31.0,"6' 4""",206 lbs,9,
DAL,Ryan Flournoy,WR,26.0,"6' 1""",205 lbs,3,
DAL,Tyler Johnson,WR,27.0,"6' 1""",208 lbs,6,
DEN,Bo Nix,QB,26.0,"6' 2""",217 lbs,3,
DEN,Jarrett Stidham,QB,30.0,"6' 3""",215 lbs,7,
DEN,Sam Ehlinger,QB,27.0,"6' 1""",222 lbs,6,
DEN,Cody Schrader,RB,26.0,"5' 9""",214 lbs,3,
DEN,J.K. Dobbins,RB,27.0,"5' 10""",212 lbs,7,
DEN,Jaleel McLaughlin,RB,25.0,"5' 7""",187 lbs,4,
DEN,Jonah Coleman,RB,23.0,"5' 8""",220 lbs,0,
DEN,RJ Harvey,RB,25.0,"5' 8""",205 lbs,2,
DEN,Tyler Badie,RB,26.0,"5' 8""",197 lbs,3,
DEN,Adam Trautman,TE,29.0,"6' 5""",253 lbs,7,
DEN,Caleb Lohner,TE,24.0,"6' 7""",250 lbs,1,
DEN,Dallen Bentley,TE,25.0,"6' 4""",253 lbs,0,
DEN,Evan Engram,TE,31.0,"6' 3""",240 lbs,10,
DEN,Justin Joly,TE,22.0,"6' 3""",241 lbs,0,
DEN,Lucas Krull,TE,28.0,"6' 6""",260 lbs,4,
DEN,Nate Adkins,TE,27.0,"6' 3""",252 lbs,4,
DEN,Cameron Ross,WR,25.0,"5' 10""",186 lbs,0,
DEN,Courtland Sutton,WR,30.0,"6' 4""",216 lbs,9,
DEN,Dane Key,WR,23.0,"6' 3""",210 lbs,0,
DEN,Hakeem Butler,WR,30.0,"6' 5""",227 lbs,2,
DEN,Jaylen Waddle,WR,27.0,"5' 10""",185 lbs,6,
DEN,Joseph Manjack IV,WR,23.0,"6' 3""",210 lbs,0,
DEN,Kolbe Katsis,WR,24.0,"6' 1""",185 lbs,0,
DEN,Kyre Duplessis,WR,24.0,"5' 11""",190 lbs,0,
DEN,Kyrese Rowan,WR,25.0,"5' 10""",185 lbs,1,
DEN,Lil'Jordan Humphrey,WR,28.0,"6' 4""",225 lbs,7,
DEN,Marvin Mims Jr.,WR,24.0,"5' 11""",182 lbs,4,
DEN,Michael Bandy,WR,28.0,"5' 10""",190 lbs,3,
DEN,Pat Bryant,WR,23.0,"6' 2""",204 lbs,2,
DEN,Troy Franklin,WR,23.0,"6' 3""",180 lbs,3,
DET,Jared Goff,QB,31.0,"6' 4""",217 lbs,11,
DET,Joshua Dobbs,QB,31.0,"6' 3""",216 lbs,9,
DET,Luke Altmyer,QB,23.0,"6' 1""",213 lbs,0,
DET,Isiah Pacheco,RB,27.0,"5' 10""",210 lbs,5,
DET,Jabari Small,RB,25.0,"5' 11""",208 lbs,1,
DET,Jacob Saylors,RB,26.0,"5' 11""",195 lbs,2,
DET,Jahmyr Gibbs,RB,24.0,"5' 9""",202 lbs,4,
DET,Justin Jackson,RB,30.0,"6' 0""",199 lbs,6,
DET,Kye Robichaux,RB,23.0,"6' 0""",213 lbs,2,
DET,Raheem Blackshear,RB,28.0,"5' 9""",190 lbs,4,
DET,Sione Vaki,RB,25.0,"5' 11""",216 lbs,3,
DET,Trayveon Williams,RB,28.0,"5' 8""",206 lbs,8,
DET,Brock Wright,TE,27.0,"6' 5""",254 lbs,6,
DET,Sam LaPorta,TE,25.0,"6' 3""",245 lbs,4,
DET,Thomas Gordon,TE,25.0,"6' 4""",250 lbs,1,
DET,Tyler Conklin,TE,31.0,"6' 3""",245 lbs,9,
DET,Zach Horton,TE,23.0,"6' 4""",256 lbs,1,
DET,Amon-Ra St. Brown,WR,26.0,"6' 0""",202 lbs,6,
DET,Cedrick Wilson Jr.,WR,30.0,"6' 2""",205 lbs,9,
DET,Dominic Lovett,WR,23.0,"5' 10""",185 lbs,2,
DET,Greg Dortch,WR,28.0,"5' 7""",183 lbs,6,
DET,Isaac TeSlaa,WR,24.0,"6' 4""",214 lbs,2,
DET,Jackson Meeks,WR,23.0,"6' 2""",235 lbs,1,
DET,Jameson Williams,WR,25.0,"6' 1""",184 lbs,5,
DET,Kendrick Law,WR,22.0,"5' 11""",203 lbs,0,
DET,Lucky Jackson,WR,29.0,"6' 1""",185 lbs,1,
DET,Malik Cunningham,WR,27.0,"6' 1""",190 lbs,2,
DET,Tarik Black,WR,28.0,"6' 3""",213 lbs,1,
DET,Tay Martin,WR,28.0,"6' 3""",186 lbs,1,
DET,Tom Kennedy,WR,30.0,"5' 10""",195 lbs,4,
GB,Jordan Love,QB,27.0,"6' 4""",219 lbs,7,
GB,Kyle McCord,QB,23.0,"6' 3""",218 lbs,1,
GB,Tyrod Taylor,QB,37.0,"6' 1""",217 lbs,16,
GB,Chris Brooks,RB,26.0,"6' 1""",219 lbs,4,
GB,Damien Martinez,RB,22.0,"6' 0""",217 lbs,1,
GB,Jaden Nixon,RB,23.0,"5' 10""",199 lbs,0,
GB,Josh Jacobs,RB,28.0,"5' 10""",223 lbs,8,
GB,MarShawn Lloyd,RB,25.0,"5' 9""",220 lbs,3,
GB,Pierre Strong Jr.,RB,27.0,"5' 11""",207 lbs,4,
GB,Drake Dabney,TE,24.0,"6' 5""",246 lbs,1,
GB,Josh Whyle,TE,26.0,"6' 7""",248 lbs,4,
GB,Luke Musgrave,TE,25.0,"6' 6""",253 lbs,4,
GB,McCallan Castles,TE,26.0,"6' 4""",244 lbs,1,
GB,Messiah Swinson,TE,26.0,"6' 7""",259 lbs,1,
GB,Thomas Yassmin,TE,26.0,"6' 4""",245 lbs,1,
GB,Tucker Kraft,TE,25.0,"6' 5""",259 lbs,4,
GB,Bo Melton,WR,27.0,"5' 11""",189 lbs,3,
GB,Chris Hilton Jr.,WR,23.0,"6' 0""",188 lbs,0,
GB,Christian Watson,WR,27.0,"6' 4""",215 lbs,5,
GB,Isaiah Neyor,WR,25.0,"6' 4""",218 lbs,1,
GB,J. Michael Sturdivant,WR,23.0,"6' 3""",207 lbs,0,
GB,Jayden Reed,WR,26.0,"5' 11""",187 lbs,4,
GB,Kaden Prather,WR,23.0,"6' 3""",204 lbs,1,
GB,Kisean Johnson,WR,24.0,"6' 0""",216 lbs,0,
GB,Matthew Golden,WR,23.0,"5' 11""",191 lbs,2,
GB,Savion Williams,WR,24.0,"6' 4""",222 lbs,2,
GB,Skyy Moore,WR,25.0,"5' 10""",195 lbs,5,
GB,Will Sheppard,WR,24.0,"6' 3""",196 lbs,1,
HOU,Brett Rypien,QB,30.0,"6' 2""",202 lbs,8,
HOU,C.J. Stroud,QB,24.0,"6' 3""",218 lbs,4,
HOU,Davis Mills,QB,27.0,"6' 4""",225 lbs,6,
HOU,Graham Mertz,QB,25.0,"6' 2""",216 lbs,2,
HOU,British Brooks,RB,26.0,"5' 11""",225 lbs,3,
HOU,David Montgomery,RB,29.0,"5' 11""",230 lbs,8,
HOU,Deuce Vaughn,RB,24.0,"5' 6""",176 lbs,4,
HOU,Jawhar Jordan,RB,27.0,"5' 10""",185 lbs,1,
HOU,Josh Pitsenberger,RB,22.0,"6' 0""",215 lbs,0,
HOU,Noah Whittington,RB,24.0,"5' 8""",203 lbs,0,
HOU,Owen Wright,RB,27.0,"5' 9""",217 lbs,2,
HOU,Woody Marks,RB,25.0,"5' 10""",208 lbs,2,
HOU,Brevin Jordan,TE,26.0,"6' 3""",245 lbs,6,
HOU,Cade Stover,TE,26.0,"6' 4""",251 lbs,3,
HOU,Dalton Schultz,TE,30.0,"6' 5""",242 lbs,9,
HOU,Foster Moreau,TE,29.0,"6' 4""",250 lbs,8,
HOU,Layne Pryor,TE,23.0,"6' 2""",250 lbs,1,
HOU,Louis Hansen,TE,24.0,"6' 5""",240 lbs,0,
HOU,Marlin Klein,TE,23.0,"6' 6""",250 lbs,0,
HOU,Daniel Sobkowicz,WR,23.0,"6' 3""",205 lbs,0,
HOU,Jared Wayne,WR,25.0,"6' 3""",210 lbs,1,
HOU,Jayden Higgins,WR,23.0,"6' 4""",215 lbs,2,
HOU,Jaylin Noel,WR,23.0,"5' 11""",201 lbs,2,
HOU,Josh Kelly,WR,25.0,"6' 1""",192 lbs,1,
HOU,Justin Watson,WR,30.0,"6' 2""",215 lbs,9,
HOU,Kayshon Boutte,WR,24.0,"5' 11""",203 lbs,4,
HOU,Lewis Bond,WR,23.0,"5' 11""",190 lbs,0,
HOU,Nico Collins,WR,27.0,"6' 4""",222 lbs,6,
HOU,Sterling Shepard,WR,33.0,"5' 10""",194 lbs,10,
HOU,Tank Dell,WR,26.0,"5' 10""",165 lbs,4,
HOU,Treyvhon Saunders,WR,22.0,"5' 9""",190 lbs,0,
HOU,Xavier Hutchinson,WR,26.0,"6' 3""",210 lbs,4,
HOU,Zay Jones,WR,31.0,"6' 2""",200 lbs,9,
IND,Anthony Richardson Sr.,QB,24.0,"6' 4""",244 lbs,4,
IND,Daniel Jones,QB,29.0,"6' 5""",230 lbs,8,
IND,Easton Stick,QB,30.0,"6' 1""",224 lbs,7,
IND,Riley Leonard,QB,23.0,"6' 4""",213 lbs,2,
IND,Anderson Castle,RB,24.0,"5' 11""",221 lbs,0,
IND,DJ Giddens,RB,22.0,"6' 0""",212 lbs,2,
IND,Jonathan Taylor,RB,27.0,"5' 10""",226 lbs,7,
IND,Seth McGowan,RB,24.0,"6' 0""",223 lbs,0,
IND,Ulysses Bentley IV,RB,25.0,"5' 10""",200 lbs,1,
IND,Carson Towt,TE,25.0,"6' 8""",250 lbs,0,
IND,Drew Ogletree,TE,28.0,"6' 5""",260 lbs,5,
IND,JJ Galbreath,TE,25.0,"6' 4""",231 lbs,1,
IND,Mo Alie-Cox,TE,32.0,"6' 5""",267 lbs,9,
IND,Pharaoh Brown,TE,32.0,"6' 5""",246 lbs,9,
IND,Sean McKeon,TE,28.0,"6' 5""",255 lbs,5,
IND,Tyler Moore,TE,,"6' 5""",255 lbs,0,
IND,Tyler Warren,TE,24.0,"6' 6""",256 lbs,2,
IND,Will Mallory,TE,27.0,"6' 4""",239 lbs,4,
IND,Alec Pierce,WR,26.0,"6' 3""",211 lbs,5,
IND,Anthony Gould,WR,25.0,"5' 8""",174 lbs,3,
IND,Ashton Dulin,WR,29.0,"6' 2""",215 lbs,8,
IND,Coleman Owen,WR,25.0,"5' 10""",181 lbs,1,
IND,D.J. Montgomery,WR,29.0,"6' 1""",201 lbs,5,
IND,Deion Burks,WR,23.0,"5' 9""",180 lbs,0,
IND,Eli Pancol,WR,26.0,"6' 3""",205 lbs,1,
IND,Josh Downs,WR,25.0,"5' 9""",171 lbs,4,
IND,Keenan Allen,WR,34.0,"6' 2""",211 lbs,13,
IND,Laquon Treadwell,WR,31.0,"6' 2""",215 lbs,10,
IND,Nick Westbrook-Ikhine,WR,29.0,"6' 2""",211 lbs,7,
IND,Raylen Sharpe,WR,24.0,"5' 9""",169 lbs,0,
IND,Sahmir Hagans,WR,23.0,"5' 10""",190 lbs,0,
JAX,Carter Bradley,QB,26.0,"6' 3""",221 lbs,1,
JAX,Joey Aguilar,QB,25.0,"6' 3""",225 lbs,0,
JAX,Nick Mullens,QB,31.0,"6' 0""",210 lbs,8,
JAX,Trevor Lawrence,QB,26.0,"6' 6""",220 lbs,6,
JAX,Ameer Abdullah,RB,33.0,"5' 8""",203 lbs,12,
JAX,Bhayshul Tuten,RB,23.0,"5' 9""",209 lbs,2,
JAX,Chris Rodriguez Jr.,RB,26.0,"5' 11""",224 lbs,4,
JAX,DeeJay Dallas,RB,27.0,"5' 10""",225 lbs,7,
JAX,J'Mari Taylor,RB,24.0,"5' 9""",199 lbs,0,
JAX,LeQuint Allen Jr.,RB,22.0,"6' 0""",201 lbs,2,
JAX,Brenton Strange,TE,25.0,"6' 4""",253 lbs,4,
JAX,Hunter Long,TE,28.0,"6' 5""",243 lbs,6,
JAX,Nate Boerkircher,TE,24.0,"6' 5""",245 lbs,0,
JAX,Patrick Herbert,TE,25.0,"6' 5""",255 lbs,1,
JAX,Quintin Morris,TE,27.0,"6' 2""",243 lbs,5,
JAX,Tanner Koziol,TE,22.0,"6' 7""",250 lbs,0,
JAX,Austin Trammell,WR,28.0,"5' 10""",185 lbs,4,
JAX,Brady Boyd,WR,24.0,"6' 1""",195 lbs,0,
JAX,Brian Thomas Jr.,WR,23.0,"6' 2""",209 lbs,3,
JAX,CJ Williams,WR,23.0,"6' 1""",205 lbs,0,
JAX,Chandler Brayboy,WR,25.0,"6' 1""",199 lbs,1,
JAX,Jakobi Meyers,WR,29.0,"6' 2""",200 lbs,8,
JAX,Josh Cameron,WR,23.0,"6' 1""",224 lbs,0,
JAX,Michael Wortham,WR,24.0,"5' 9""",190 lbs,0,
JAX,Parker Washington,WR,24.0,"5' 10""",204 lbs,4,
JAX,Tim Jones,WR,28.0,"6' 1""",200 lbs,4,
JAX,Travis Hunter,WR,23.0,"6' 1""",185 lbs,2,
JAX,Trebor Pena,WR,24.0,"5' 10""",187 lbs,0,
KC,Chris Oladokun,QB,28.0,"6' 1""",213 lbs,1,
KC,Garrett Nussmeier,QB,24.0,"6' 1""",205 lbs,0,
KC,Justin Fields,QB,27.0,"6' 3""",227 lbs,6,
KC,Patrick Mahomes,QB,30.0,"6' 2""",225 lbs,10,
KC,Brashard Smith,RB,23.0,"5' 10""",196 lbs,2,
KC,EJ Smith,RB,24.0,"5' 11""",211 lbs,0,
KC,Emari Demercado,RB,27.0,"5' 9""",215 lbs,4,
KC,Emmett Johnson,RB,22.0,"5' 11""",200 lbs,0,
KC,Jaydn Ott,RB,23.0,"5' 11""",208 lbs,0,
KC,Kenneth Walker III,RB,25.0,"5' 9""",211 lbs,5,
KC,Jake Briningstool,TE,23.0,"6' 6""",240 lbs,2,
KC,Jared Wiley,TE,25.0,"6' 6""",249 lbs,3,
KC,John Michael Gyllenborg,TE,24.0,"6' 5""",251 lbs,0,
KC,Mason Pline,TE,26.0,"6' 7""",260 lbs,2,
KC,Noah Gray,TE,27.0,"6' 3""",240 lbs,6,
KC,Travis Kelce,TE,36.0,"6' 5""",250 lbs,14,
KC,Tre Watson,TE,23.0,"6' 5""",250 lbs,1,
KC,Andrew Armstrong,WR,25.0,"6' 4""",210 lbs,1,
KC,Cyrus Allen,WR,23.0,"5' 11""",180 lbs,0,
KC,Jacob De Jesus,WR,24.0,"5' 7""",170 lbs,0,
KC,Jalen Royals,WR,23.0,"6' 0""",195 lbs,2,
KC,Jason Brownlee,WR,27.0,"6' 3""",202 lbs,3,
KC,Jeff Caldwell,WR,23.0,"6' 5""",215 lbs,0,
KC,Jeff Weimer,WR,,"6' 2""",211 lbs,0,
KC,Jimmy Holiday,WR,24.0,"6' 1""",211 lbs,1,
KC,Nikko Remigio,WR,26.0,"5' 9""",187 lbs,2,
KC,Omari Evans,WR,22.0,"6' 0""",195 lbs,0,
KC,Rashee Rice,WR,26.0,"6' 1""",204 lbs,4,
KC,Tyquan Thornton,WR,26.0,"6' 2""",185 lbs,5,
KC,Xavier Loyd,WR,23.0,"6' 2""",196 lbs,0,
KC,Xavier Worthy,WR,23.0,"5' 11""",165 lbs,3,
LAC,DJ Uiagalelei,QB,25.0,"6' 4""",252 lbs,1,
LAC,Justin Herbert,QB,28.0,"6' 6""",236 lbs,7,
LAC,Trey Lance,QB,26.0,"6' 4""",226 lbs,6,
LAC,Amar Johnson,RB,23.0,"5' 10""",205 lbs,1,
LAC,Greg Desrosiers Jr.,RB,25.0,"5' 11""",200 lbs,0,
LAC,Jaret Patterson,RB,26.0,"5' 8""",195 lbs,3,
LAC,Keaton Mitchell,RB,24.0,"5' 8""",191 lbs,4,
LAC,Kimani Vidal,RB,24.0,"5' 8""",215 lbs,3,
LAC,Omarion Hampton,RB,23.0,"6' 0""",220 lbs,2,
LAC,Charlie Kolar,TE,27.0,"6' 6""",250 lbs,5,
LAC,David Njoku,TE,30.0,"6' 4""",246 lbs,12,
LAC,Evan Svoboda,TE,23.0,"6' 5""",251 lbs,0,
LAC,Jerand Bradley,TE,23.0,"6' 5""",223 lbs,0,
LAC,Johnny Pascuzzi,TE,24.0,"6' 4""",241 lbs,0,
LAC,Oronde Gadsden,TE,23.0,"6' 5""",236 lbs,2,
LAC,Brenen Thompson,WR,23.0,"5' 9""",170 lbs,0,
LAC,Dalevon Campbell,WR,24.0,"6' 4""",220 lbs,2,
LAC,Derius Davis,WR,25.0,"5' 8""",165 lbs,4,
LAC,Devonte Ross,WR,23.0,"5' 10""",170 lbs,0,
LAC,Gary Jennings,WR,29.0,"6' 1""",214 lbs,3,
LAC,JaQuae Jackson,WR,26.0,"6' 1""",184 lbs,2,
LAC,KeAndre Lambert-Smith,WR,24.0,"6' 1""",182 lbs,2,
LAC,Ladd McConkey,WR,24.0,"6' 0""",185 lbs,3,
LAC,Liam Clifford,WR,,"6' 1""",206 lbs,0,
LAC,Luke Grimm,WR,25.0,"6' 0""",190 lbs,1,
LAC,Quentin Johnston,WR,24.0,"6' 2""",208 lbs,4,
LAC,Sincere Brown,WR,24.0,"6' 5""",190 lbs,0,
LAC,Tre' Harris,WR,24.0,"6' 3""",210 lbs,2,
LAR,Matthew Caldwell,QB,23.0,"6' 4""",209 lbs,0,
LAR,Matthew Stafford,QB,38.0,"6' 3""",214 lbs,18,
LAR,Stetson Bennett IV,QB,28.0,"5' 11""",192 lbs,3,
LAR,Ty Simpson,QB,23.0,"6' 1""",211 lbs,0,
LAR,Blake Corum,RB,25.0,"5' 8""",202 lbs,3,
LAR,Dean Connors,RB,22.0,"5' 11""",206 lbs,0,
LAR,Jarquez Hunter,RB,23.0,"5' 10""",211 lbs,2,
LAR,Jordan Waters,RB,25.0,"6' 0""",225 lbs,1,
LAR,Kyren Williams,RB,25.0,"5' 9""",207 lbs,5,
LAR,Ronnie Rivers,RB,27.0,"5' 9""",198 lbs,5,
LAR,Colby Parkinson,TE,27.0,"6' 7""",266 lbs,7,
LAR,Dan Villari,TE,24.0,"6' 4""",243 lbs,0,
LAR,Davis Allen,TE,25.0,"6' 6""",253 lbs,4,
LAR,Mark Redman,TE,24.0,"6' 5""",258 lbs,1,
LAR,Max Klare,TE,23.0,"6' 4""",246 lbs,0,
LAR,Rohan Jones,TE,24.0,"6' 3""",236 lbs,0,
LAR,Terrance Ferguson,TE,23.0,"6' 5""",252 lbs,2,
LAR,Tyler Higbee,TE,33.0,"6' 6""",253 lbs,11,
LAR,Alex Bachman,WR,30.0,"6' 0""",190 lbs,3,
LAR,Brennan Presley,WR,24.0,"5' 8""",174 lbs,1,
LAR,CJ Daniels,WR,24.0,"6' 2""",202 lbs,0,
LAR,Davante Adams,WR,33.0,"6' 1""",204 lbs,13,
LAR,Jordan Whittington,WR,25.0,"6' 1""",202 lbs,3,
LAR,Konata Mumpfield,WR,23.0,"6' 1""",188 lbs,2,
LAR,Puka Nacua,WR,25.0,"6' 2""",216 lbs,4,
LAR,Tru Edwards,WR,25.0,"6' 3""",211 lbs,1,
LAR,Tyler Scott,WR,24.0,"5' 11""",185 lbs,3,
LAR,Xavier Smith,WR,28.0,"5' 9""",180 lbs,3,
LV,Aidan O'Connell,QB,27.0,"6' 3""",206 lbs,4,
LV,Fernando Mendoza,QB,22.0,"6' 5""",225 lbs,0,
LV,Jacob Clark,QB,25.0,"6' 5""",220 lbs,0,
LV,Kirk Cousins,QB,38.0,"6' 3""",209 lbs,15,
LV,Ashton Jeanty,RB,22.0,"5' 8""",208 lbs,2,
LV,Chris Collier,RB,26.0,"5' 10""",203 lbs,2,
LV,Dare Ogunbowale,RB,32.0,"5' 10""",205 lbs,9,
LV,Dylan Laube,RB,26.0,"5' 9""",204 lbs,3,
LV,Mike Washington Jr.,RB,23.0,"6' 2""",228 lbs,0,
LV,Roman Hemby,RB,24.0,"6' 0""",210 lbs,0,
LV,Albert Okwuegbunam Jr.,TE,28.0,"6' 5""",258 lbs,6,
LV,Brock Bowers,TE,23.0,"6' 4""",235 lbs,3,
LV,Carter Runyon,TE,25.0,"6' 4""",243 lbs,2,
LV,Chris Myarick,TE,30.0,"6' 5""",261 lbs,5,
LV,Ian Thomas,TE,30.0,"6' 3""",253 lbs,9,
LV,Michael Mayer,TE,25.0,"6' 4""",256 lbs,4,
LV,Patrick Gurd,TE,24.0,"6' 4""",250 lbs,0,
LV,Brandon Johnson,WR,28.0,"6' 2""",195 lbs,3,
LV,Chase Roberts,WR,25.0,"6' 4""",210 lbs,0,
LV,Corey Rucker,WR,24.0,"6' 0""",213 lbs,0,
LV,Dareke Young,WR,27.0,"6' 2""",224 lbs,5,
LV,Deven Thompkins,WR,26.0,"5' 8""",155 lbs,5,
LV,Dont'e Thornton Jr.,WR,23.0,"6' 5""",205 lbs,2,
LV,E.J. Williams Jr.,WR,24.0,"6' 4""",205 lbs,0,
LV,Jack Bech,WR,23.0,"6' 1""",214 lbs,2,
LV,Jalen Nailor,WR,27.0,"6' 0""",190 lbs,5,
LV,Justin Shorter,WR,26.0,"6' 4""",227 lbs,4,
LV,Malik Benson,WR,23.0,"6' 1""",195 lbs,0,
LV,Noah Brown,WR,30.0,"6' 2""",225 lbs,10,
LV,Phillip Dorsett II,WR,33.0,"5' 10""",185 lbs,9,
LV,Shedrick Jackson,WR,26.0,"6' 1""",198 lbs,1,
LV,Tre Tucker,WR,25.0,"5' 8""",182 lbs,4,
MIA,Cam Miller,QB,25.0,"6' 1""",211 lbs,1,
MIA,Malik Willis,QB,27.0,"6' 1""",225 lbs,5,
MIA,Mark Gronowski,QB,24.0,"6' 2""",226 lbs,0,
MIA,Quinn Ewers,QB,23.0,"6' 2""",209 lbs,2,
MIA,Carlos Washington Jr.,RB,27.0,"5' 11""",210 lbs,1,
MIA,De'Von Achane,RB,24.0,"5' 9""",191 lbs,4,
MIA,Donovan Edwards,RB,23.0,"6' 1""",212 lbs,1,
MIA,Jaylen Wright,RB,23.0,"5' 10""",208 lbs,3,
MIA,Ollie Gordon II,RB,22.0,"6' 2""",225 lbs,2,
MIA,Ben Sims,TE,26.0,"6' 5""",250 lbs,4,
MIA,Cole Turner,TE,26.0,"6' 6""",240 lbs,3,
MIA,Ethan Conner,TE,23.0,"6' 4""",245 lbs,0,
MIA,Greg Dulcich,TE,26.0,"6' 4""",245 lbs,5,
MIA,Jeremiah Franklin,TE,22.0,"6' 3""",246 lbs,0,
MIA,Seydou Traore,TE,24.0,"6' 4""",235 lbs,0,
MIA,Will Kacmarek,TE,23.0,"6' 6""",258 lbs,0,
MIA,AJ Henning,WR,24.0,"5' 10""",192 lbs,1,
MIA,Caleb Douglas,WR,22.0,"6' 4""",205 lbs,0,
MIA,Chris Bell,WR,22.0,"6' 2""",220 lbs,0,
MIA,Donaven McCulley,WR,23.0,"6' 4""",203 lbs,0,
MIA,Jalen Reagor,WR,27.0,"5' 11""",197 lbs,7,
MIA,Jalen Tolbert,WR,27.0,"6' 1""",195 lbs,5,
MIA,Kevin Coleman Jr.,WR,22.0,"5' 10""",180 lbs,0,
MIA,Malik Washington,WR,25.0,"5' 8""",195 lbs,3,
MIA,Tahj Washington,WR,25.0,"5' 10""",174 lbs,3,
MIA,Terrace Marshall Jr.,WR,26.0,"6' 2""",200 lbs,5,
MIA,Theo Wease Jr.,WR,25.0,"6' 2""",210 lbs,1,
MIA,Tutu Atwell,WR,26.0,"5' 9""",165 lbs,6,
MIN,Carson Wentz,QB,33.0,"6' 5""",237 lbs,11,
MIN,J.J. McCarthy,QB,23.0,"6' 3""",219 lbs,3,
MIN,Kyler Murray,QB,29.0,"5' 10""",207 lbs,8,
MIN,Max Brosmer,QB,25.0,"6' 2""",218 lbs,2,
MIN,Aaron Jones Sr.,RB,31.0,"5' 10""",208 lbs,10,
MIN,Demond Claiborne,RB,22.0,"5' 10""",188 lbs,0,
MIN,Jermar Jefferson,RB,26.0,"5' 10""",215 lbs,5,
MIN,Jordan Mason,RB,27.0,"5' 11""",230 lbs,5,
MIN,Zavier Scott,RB,27.0,"6' 1""",221 lbs,2,
MIN,Ben Yurosek,TE,24.0,"6' 4""",251 lbs,2,
MIN,Bryson Nesbit,TE,23.0,"6' 5""",228 lbs,1,
MIN,Gavin Bartholomew,TE,23.0,"6' 5""",249 lbs,2,
MIN,Josh Oliver,TE,29.0,"6' 5""",264 lbs,8,
MIN,Marshall Lang,TE,24.0,"6' 4""",246 lbs,1,
MIN,Matt Lauter,TE,,"6' 3""",245 lbs,0,
MIN,T.J. Hockenson,TE,29.0,"6' 5""",248 lbs,8,
MIN,Dillon Bell,WR,22.0,"6' 0""",209 lbs,0,
MIN,Dontae Fleming,WR,24.0,"6' 2""",180 lbs,1,
MIN,Jauan Jennings,WR,29.0,"6' 3""",212 lbs,6,
MIN,Jeshaun Jones,WR,26.0,"6' 1""",188 lbs,1,
MIN,Jordan Addison,WR,24.0,"5' 11""",179 lbs,4,
MIN,Justin Jefferson,WR,27.0,"6' 1""",195 lbs,7,
MIN,Marcus Sanders Jr.,WR,22.0,"6' 1""",190 lbs,0,
MIN,Michael Briscoe,WR,24.0,"6' 2""",209 lbs,0,
MIN,Myles Price,WR,24.0,"5' 9""",183 lbs,2,
MIN,Tai Felton,WR,23.0,"6' 1""",186 lbs,2,
MIN,Terrill Davis,WR,23.0,"6' 0""",195 lbs,0,
MIN,Trayvon Rudolph,WR,24.0,"5' 10""",187 lbs,0,
NE,Behren Morton,QB,24.0,"6' 2""",218 lbs,0,
NE,Drake Maye,QB,23.0,"6' 4""",225 lbs,3,
NE,Tommy DeVito,QB,28.0,"6' 2""",210 lbs,4,
NE,Hassan Haskins,RB,26.0,"6' 2""",228 lbs,4,
NE,JaMycal Hasty,RB,29.0,"5' 8""",205 lbs,6,
NE,Jam Miller,RB,22.0,"5' 10""",209 lbs,0,
NE,Lan Larison,RB,24.0,"5' 11""",209 lbs,2,
NE,Myles Montgomery,RB,23.0,"5' 11""",205 lbs,0,
NE,Rhamondre Stevenson,RB,28.0,"6' 0""",227 lbs,6,
NE,TreVeyon Henderson,RB,23.0,"5' 10""",202 lbs,2,
NE,CJ Dippre,TE,24.0,"6' 5""",256 lbs,2,
NE,Eli Raridon,TE,22.0,"6' 6""",245 lbs,0,
NE,Hunter Henry,TE,31.0,"6' 5""",249 lbs,11,
NE,Jack Westover,TE,27.0,"6' 3""",252 lbs,2,
NE,Julian Hill,TE,26.0,"6' 4""",251 lbs,4,
NE,Tanner Arkin,TE,23.0,"6' 4""",262 lbs,0,
NE,A.J. Brown,WR,29.0,"6' 1""",226 lbs,8,
NE,Cameron Dorner,WR,22.0,"6' 1""",188 lbs,0,
NE,DeMario Douglas,WR,25.0,"5' 8""",185 lbs,4,
NE,Efton Chism III,WR,24.0,"5' 10""",198 lbs,2,
NE,Jalen Hurd,WR,30.0,"6' 5""",230 lbs,4,
NE,Jeremiah Webb,WR,25.0,"5' 11""",198 lbs,1,
NE,Jimmy Kibble,WR,22.0,"6' 1""",199 lbs,0,
NE,Kobe Prentice,WR,22.0,"5' 10""",184 lbs,0,
NE,Kyle Dixon,WR,25.0,"6' 2""",220 lbs,0,
NE,Kyle Williams,WR,23.0,"5' 11""",190 lbs,2,
NE,Mack Hollins,WR,32.0,"6' 4""",221 lbs,10,
NE,Nick DeGennaro,WR,25.0,"6' 1""",196 lbs,0,
NE,Romeo Doubs,WR,26.0,"6' 2""",210 lbs,5,
NE,Tejhaun Palmer,WR,26.0,"6' 2""",210 lbs,1,
NO,Hunter Dekkers,QB,25.0,"6' 1""",210 lbs,1,
NO,Spencer Rattler,QB,25.0,"6' 0""",211 lbs,3,
NO,Tyler Shough,QB,26.0,"6' 5""",219 lbs,2,
NO,Zach Wilson,QB,27.0,"6' 2""",214 lbs,6,
NO,Alvin Kamara,RB,31.0,"5' 10""",215 lbs,10,
NO,Audric Estime,RB,22.0,"5' 11""",227 lbs,3,
NO,CJ Donaldson,RB,22.0,"6' 1""",230 lbs,0,
NO,Devin Neal,RB,23.0,"5' 11""",213 lbs,2,
NO,Kendre Miller,RB,24.0,"6' 0""",220 lbs,4,
NO,Travis Etienne Jr.,RB,27.0,"5' 10""",215 lbs,6,
NO,Ty Chandler,RB,28.0,"5' 11""",205 lbs,5,
NO,Cody Hardy,TE,22.0,"6' 5""",271 lbs,0,
NO,Juwan Johnson,TE,29.0,"6' 4""",231 lbs,7,
NO,Moliki Matavao,TE,23.0,"6' 6""",263 lbs,2,
NO,Noah Fant,TE,28.0,"6' 4""",249 lbs,8,
NO,Oscar Delp,TE,23.0,"6' 4""",245 lbs,0,
NO,Treyton Welch,TE,25.0,"6' 4""",240 lbs,1,
NO,Zaire Mitchell-Paden,TE,27.0,"6' 5""",257 lbs,2,
NO,Barion Brown,WR,22.0,"5' 11""",177 lbs,0,
NO,Brock Rechsteiner,WR,24.0,"6' 2""",225 lbs,0,
NO,Bryce Lance,WR,24.0,"6' 3""",204 lbs,0,
NO,Bub Means,WR,25.0,"6' 2""",215 lbs,3,
NO,Chris Olave,WR,26.0,"6' 0""",187 lbs,5,
NO,Devaughn Vele,WR,28.0,"6' 5""",210 lbs,3,
NO,Jalen Moreno-Cropper,WR,25.0,"6' 0""",172 lbs,1,
NO,Jordyn Tyson,WR,22.0,"6' 2""",203 lbs,0,
NO,Kevin Austin Jr.,WR,26.0,"6' 2""",200 lbs,3,
NO,Mason Tipton,WR,25.0,"5' 11""",187 lbs,3,
NO,Ronnie Bell,WR,26.0,"6' 0""",192 lbs,3,
NO,Trey Palmer,WR,25.0,"6' 1""",190 lbs,4,
NYG,Brandon Allen,QB,33.0,"6' 2""",219 lbs,10,
NYG,Jake Haener,QB,27.0,"6' 1""",200 lbs,3,
NYG,Jameis Winston,QB,32.0,"6' 4""",231 lbs,12,
NYG,Jaxson Dart,QB,23.0,"6' 2""",223 lbs,2,
NYG,Cam Skattebo,RB,24.0,"5' 11""",215 lbs,2,
NYG,Damon Bankston,RB,23.0,"5' 10""",186 lbs,0,
NYG,Dante Miller,RB,27.0,"5' 9""",200 lbs,1,
NYG,Devin Singletary,RB,28.0,"5' 7""",203 lbs,8,
NYG,Eric Gray,RB,26.0,"5' 10""",211 lbs,4,
NYG,Najee Harris,RB,28.0,"6' 1""",232 lbs,6,
NYG,Tyrone Tracy Jr.,RB,26.0,"5' 11""",210 lbs,3,
NYG,Chris Manhertz,TE,34.0,"6' 6""",235 lbs,11,
NYG,Isaiah Likely,TE,26.0,"6' 4""",241 lbs,5,
NYG,Tanner Conner,TE,28.0,"6' 3""",232 lbs,4,
NYG,Theo Johnson,TE,25.0,"6' 6""",264 lbs,3,
NYG,Thomas Fidone II,TE,23.0,"6' 6""",255 lbs,2,
NYG,Braxton Berrios,WR,30.0,"5' 9""",190 lbs,9,
NYG,Calvin Austin III,WR,27.0,"5' 9""",162 lbs,5,
NYG,Dalen Cambre,WR,25.0,"6' 0""",192 lbs,2,
NYG,Darius Slayton,WR,29.0,"6' 1""",198 lbs,8,
NYG,Darnell Mooney,WR,28.0,"5' 11""",177 lbs,7,
NYG,Gunner Olszewski,WR,29.0,"6' 0""",190 lbs,8,
NYG,Isaiah Hodgins,WR,27.0,"6' 3""",200 lbs,5,
NYG,Jalin Hyatt,WR,24.0,"6' 0""",185 lbs,4,
NYG,Malachi Fields,WR,22.0,"6' 4""",222 lbs,0,
NYG,Malik Nabers,WR,23.0,"6' 0""",200 lbs,3,
NYG,Odell Beckham Jr.,WR,33.0,"5' 11""",198 lbs,11,
NYG,Ryan Miller,WR,26.0,"6' 2""",221 lbs,3,
NYG,Xavier Gipson,WR,25.0,"5' 9""",189 lbs,4,
NYJ,Bailey Zappe,QB,27.0,"6' 1""",220 lbs,4,
NYJ,Brady Cook,QB,24.0,"6' 2""",215 lbs,2,
NYJ,Cade Klubnik,QB,22.0,"6' 2""",207 lbs,0,
NYJ,Geno Smith,QB,35.0,"6' 2""",221 lbs,14,
NYJ,Braelon Allen,RB,22.0,"6' 1""",235 lbs,3,
NYJ,Breece Hall,RB,25.0,"5' 11""",217 lbs,5,
NYJ,Chip Trayanum,RB,24.0,"5' 10""",224 lbs,0,
NYJ,Dominic Richardson,RB,25.0,"6' 0""",204 lbs,0,
NYJ,Isaiah Davis,RB,24.0,"6' 1""",220 lbs,3,
NYJ,Kene Nwangwu,RB,28.0,"6' 1""",210 lbs,6,
NYJ,Sam Scott,RB,23.0,"6' 1""",213 lbs,0,
NYJ,Chase Curtis,TE,26.0,"6' 5""",235 lbs,0,
NYJ,Connor Hulstein,TE,,"6' 5""",235 lbs,0,
NYJ,Jelani Woods,TE,27.0,"6' 7""",253 lbs,5,
NYJ,Jeremy Ruckert,TE,26.0,"6' 5""",250 lbs,5,
NYJ,Kenyon Sadiq,TE,21.0,"6' 3""",241 lbs,0,
NYJ,Mason Taylor,TE,22.0,"6' 5""",251 lbs,2,
NYJ,Adonai Mitchell,WR,23.0,"6' 2""",205 lbs,3,
NYJ,Arian Smith,WR,24.0,"6' 0""",179 lbs,2,
NYJ,Cam Camper,WR,25.0,"6' 3""",198 lbs,1,
NYJ,Caullin Lacy,WR,24.0,"5' 9""",183 lbs,0,
NYJ,Garrett Wilson,WR,26.0,"6' 0""",183 lbs,5,
NYJ,Isaiah Williams,WR,25.0,"5' 10""",185 lbs,3,
NYJ,Jamaal Pritchett,WR,23.0,"5' 8""",175 lbs,1,
NYJ,Junior Bergen,WR,23.0,"5' 9""",184 lbs,1,
NYJ,Malik McClain,WR,23.0,"6' 4""",195 lbs,0,
NYJ,Omar Cooper Jr.,WR,22.0,"6' 0""",199 lbs,0,
NYJ,Quincy Skinner Jr.,WR,23.0,"6' 2""",205 lbs,1,
NYJ,Tim Patrick,WR,32.0,"6' 5""",210 lbs,9,
PHI,Andy Dalton,QB,38.0,"6' 2""",220 lbs,16,
PHI,Cole Payton,QB,23.0,"6' 2""",232 lbs,0,
PHI,Jalen Hurts,QB,28.0,"6' 1""",223 lbs,7,
PHI,Tanner McKee,QB,26.0,"6' 6""",231 lbs,4,
PHI,Carson Steele,RB,23.0,"6' 0""",228 lbs,2,
PHI,Dameon Pierce,RB,26.0,"5' 10""",218 lbs,5,
PHI,Ja'Quinden Jackson,RB,24.0,"6' 2""",233 lbs,1,
PHI,Saquon Barkley,RB,29.0,"6' 0""",233 lbs,9,
PHI,Tank Bigsby,RB,23.0,"5' 11""",215 lbs,4,
PHI,Will Shipley,RB,23.0,"5' 11""",209 lbs,3,
PHI,Cameron Latu,TE,26.0,"6' 5""",244 lbs,3,
PHI,Dallas Goedert,TE,31.0,"6' 5""",256 lbs,9,
PHI,E.J. Jenkins,TE,27.0,"6' 6""",245 lbs,2,
PHI,Eli Stowers,TE,23.0,"6' 4""",239 lbs,0,
PHI,Grant Calcaterra,TE,27.0,"6' 4""",240 lbs,5,
PHI,Johnny Mundt,TE,31.0,"6' 4""",245 lbs,9,
PHI,Stone Smartt,TE,27.0,"6' 4""",226 lbs,5,
PHI,Brandon Hayes,WR,,"6' 2""",205 lbs,0,
PHI,Britain Covey,WR,29.0,"5' 8""",173 lbs,5,
PHI,Danny Gray,WR,27.0,"6' 0""",200 lbs,3,
PHI,Darius Cooper,WR,24.0,"5' 11""",210 lbs,2,
PHI,DeVonta Smith,WR,27.0,"6' 0""",170 lbs,6,
PHI,Dontayvion Wicks,WR,25.0,"6' 1""",206 lbs,4,
PHI,Elijah Moore,WR,26.0,"5' 10""",178 lbs,6,
PHI,Erik Ezukanma,WR,26.0,"6' 2""",206 lbs,3,
PHI,Hollywood Brown,WR,29.0,"5' 9""",170 lbs,8,
PHI,Johnny Wilson,WR,25.0,"6' 6""",228 lbs,3,
PHI,Makai Lemon,WR,22.0,"5' 11""",192 lbs,0,
PHI,Quez Watkins,WR,28.0,"6' 0""",193 lbs,5,
PHI,Samori Toure,WR,28.0,"6' 1""",196 lbs,3,
PIT,Aaron Rodgers,QB,42.0,"6' 2""",223 lbs,22,
PIT,Drew Allar,QB,22.0,"6' 5""",228 lbs,0,
PIT,Mason Rudolph,QB,31.0,"6' 5""",235 lbs,9,
PIT,Will Howard,QB,24.0,"6' 4""",236 lbs,2,
PIT,Alex Tecza,RB,,"6' 0""",199 lbs,0,
PIT,Eli Heidenreich,RB,23.0,"6' 0""",198 lbs,0,
PIT,Jaylen Warren,RB,27.0,"5' 8""",215 lbs,5,
PIT,Kaleb Johnson,RB,23.0,"6' 1""",224 lbs,2,
PIT,Lew Nichols,RB,25.0,"5' 10""",220 lbs,1,
PIT,Max Hurleman,RB,24.0,"5' 11""",200 lbs,1,
PIT,Rico Dowdle,RB,28.0,"5' 11""",215 lbs,7,
PIT,Travis Homer,RB,28.0,"5' 10""",202 lbs,8,
PIT,Darnell Washington,TE,25.0,"6' 7""",264 lbs,4,
PIT,Jaheim Bell,TE,25.0,"6' 2""",241 lbs,2,
PIT,Lake McRee,TE,23.0,"6' 4""",243 lbs,0,
PIT,Lance Mason,TE,22.0,"6' 3""",243 lbs,0,
PIT,Pat Freiermuth,TE,27.0,"6' 5""",258 lbs,6,
PIT,Robert Tonyan,TE,32.0,"6' 5""",240 lbs,8,
PIT,Ben Skowronek,WR,29.0,"6' 3""",224 lbs,6,
PIT,Brandon Smith,WR,27.0,"6' 2""",220 lbs,1,
PIT,Cole Burgess,WR,26.0,"6' 1""",192 lbs,1,
PIT,Cornell Powell,WR,28.0,"6' 0""",205 lbs,5,
PIT,DK Metcalf,WR,28.0,"6' 4""",229 lbs,8,
PIT,Germie Bernard,WR,22.0,"6' 1""",206 lbs,0,
PIT,Isaiah Winstead,WR,27.0,"6' 4""",213 lbs,1,
PIT,Jakobie Keeney-James,WR,25.0,"6' 1""",195 lbs,1,
PIT,Joaquin Davis,WR,24.0,"6' 4""",195 lbs,1,
PIT,Kaden Wetjen,WR,24.0,"5' 9""",196 lbs,0,
PIT,Levi Wentz,WR,24.0,"6' 2""",205 lbs,0,
PIT,Michael Pittman Jr.,WR,28.0,"6' 4""",223 lbs,7,
PIT,Roman Wilson,WR,25.0,"5' 10""",186 lbs,3,
SEA,Drew Lock,QB,29.0,"6' 4""",228 lbs,8,
SEA,Jalen Milroe,QB,23.0,"6' 2""",216 lbs,2,
SEA,Sam Darnold,QB,29.0,"6' 3""",225 lbs,9,
SEA,Anthony Hankerson,RB,22.0,"5' 8""",204 lbs,0,
SEA,Emanuel Wilson,RB,27.0,"5' 10""",226 lbs,4,
SEA,George Holani,RB,26.0,"5' 11""",210 lbs,3,
SEA,Jacardia Wright,RB,25.0,"6' 0""",218 lbs,1,
SEA,Jadarian Price,RB,22.0,"5' 11""",209 lbs,0,
SEA,Zach Charbonnet,RB,25.0,"6' 1""",220 lbs,4,
SEA,AJ Barner,TE,24.0,"6' 6""",251 lbs,3,
SEA,Elijah Arroyo,TE,23.0,"6' 5""",254 lbs,2,
SEA,Eric Saubert,TE,32.0,"6' 5""",248 lbs,9,
SEA,Nick Kallerup,TE,25.0,"6' 5""",266 lbs,2,
SEA,Nick Vannett,TE,33.0,"6' 6""",261 lbs,11,
SEA,Cody White,WR,27.0,"6' 3""",227 lbs,5,
SEA,Cooper Kupp,WR,33.0,"6' 1""",205 lbs,10,
SEA,Emmanuel Henderson Jr.,WR,23.0,"6' 1""",185 lbs,0,
SEA,Irv Charles,WR,29.0,"6' 4""",219 lbs,4,
SEA,Jake Bobo,WR,28.0,"6' 4""",211 lbs,4,
SEA,Jaxon Smith-Njigba,WR,24.0,"6' 0""",197 lbs,4,
SEA,Julian Hicks,WR,26.0,"6' 2""",201 lbs,1,
SEA,Montorie Foster Jr.,WR,25.0,"5' 11""",188 lbs,1,
SEA,Rashad Rochelle,WR,22.0,"5' 11""",185 lbs,0,
SEA,Rashid Shaheed,WR,27.0,"6' 0""",180 lbs,5,
SEA,Ricky White III,WR,24.0,"6' 1""",181 lbs,1,
SEA,Tory Horton,WR,23.0,"6' 2""",196 lbs,2,
SEA,Velus Jones Jr.,WR,29.0,"6' 0""",204 lbs,6,
SF,Adrian Martinez,QB,26.0,"6' 2""",220 lbs,2,
SF,Brock Purdy,QB,26.0,"6' 1""",220 lbs,5,
SF,Kurtis Rourke,QB,25.0,"6' 4""",220 lbs,1,
SF,Mac Jones,QB,27.0,"6' 3""",220 lbs,6,
SF,Christian McCaffrey,RB,30.0,"5' 11""",210 lbs,10,
SF,Isaac Guerendo,RB,26.0,"6' 0""",221 lbs,3,
SF,Jordan James,RB,22.0,"5' 9""",208 lbs,2,
SF,Kaelon Black,RB,24.0,"5' 9""",208 lbs,0,
SF,Khalil Herbert,RB,28.0,"5' 9""",212 lbs,6,
SF,Patrick Taylor Jr.,RB,28.0,"6' 2""",217 lbs,6,
SF,Sincere McCormick,RB,25.0,"5' 8""",204 lbs,3,
SF,Zamir White,RB,26.0,"5' 11""",227 lbs,4,
SF,Brayden Willis,TE,26.0,"6' 4""",240 lbs,4,
SF,George Kittle,TE,32.0,"6' 4""",250 lbs,10,
SF,Hayden Rucci,TE,25.0,"6' 5""",247 lbs,1,
SF,Jake Tonges,TE,27.0,"6' 4""",240 lbs,4,
SF,Josiah Deguara,TE,29.0,"6' 2""",240 lbs,6,
SF,Khalil Dinkins,TE,24.0,"6' 4""",226 lbs,0,
SF,Luke Farrell,TE,28.0,"6' 5""",250 lbs,6,
SF,Tanner McLachlan,TE,27.0,"6' 5""",244 lbs,2,
SF,Brandon Aiyuk,WR,28.0,"6' 0""",200 lbs,6,
SF,Christian Kirk,WR,29.0,"5' 11""",200 lbs,9,
SF,De'Zhaun Stribling,WR,23.0,"6' 2""",207 lbs,0,
SF,Deebo Samuel Sr.,WR,30.0,"6' 0""",215 lbs,8,
SF,Demarcus Robinson,WR,31.0,"6' 1""",202 lbs,11,
SF,Jacob Cowing,WR,25.0,"5' 9""",171 lbs,3,
SF,Jordan Watkins,WR,24.0,"5' 11""",196 lbs,2,
SF,KhaDarel Hodge,WR,31.0,"6' 2""",210 lbs,9,
SF,Malik Turner,WR,30.0,"6' 2""",202 lbs,5,
SF,Mike Evans,WR,33.0,"6' 5""",231 lbs,13,
SF,Ricky Pearsall,WR,25.0,"6' 1""",189 lbs,3,
SF,Trenton Irwin,WR,30.0,"6' 2""",204 lbs,6,
SF,Wesley Grimes,WR,22.0,"6' 2""",194 lbs,0,
SF,Will Pauling,WR,23.0,"5' 9""",183 lbs,0,
TB,Baker Mayfield,QB,31.0,"6' 1""",215 lbs,9,
TB,Connor Bazelak,QB,25.0,"6' 3""",225 lbs,2,
TB,Jake Browning,QB,30.0,"6' 2""",209 lbs,4,
TB,Jalon Daniels,QB,23.0,"6' 1""",219 lbs,0,
TB,Barika Kpeenu,RB,,"5' 10""",213 lbs,0,
TB,Bucky Irving,RB,24.0,"5' 10""",195 lbs,3,
TB,Josh Williams,RB,25.0,"5' 9""",210 lbs,2,
TB,Kadarius Calloway,RB,24.0,"6' 0""",213 lbs,0,
TB,Kenny Gainwell,RB,27.0,"5' 9""",200 lbs,6,
TB,Sean Tucker,RB,24.0,"5' 10""",205 lbs,4,
TB,Bauer Sharp,TE,23.0,"6' 4""",246 lbs,0,
TB,Cade Otton,TE,27.0,"6' 5""",247 lbs,5,
TB,Devin Culp,TE,26.0,"6' 4""",237 lbs,3,
TB,Kenny Fletcher Jr.,TE,22.0,"6' 3""",250 lbs,0,
TB,Ko Kieft,TE,28.0,"6' 5""",265 lbs,5,
TB,Payne Durham,TE,26.0,"6' 5""",255 lbs,4,
TB,Chris Godwin Jr.,WR,30.0,"6' 1""",209 lbs,10,
TB,David Sills V,WR,30.0,"6' 3""",211 lbs,4,
TB,Dean Patterson,WR,24.0,"6' 2""",200 lbs,0,
TB,Dennis Houston,WR,27.0,"6' 1""",190 lbs,1,
TB,Emeka Egbuka,WR,23.0,"6' 1""",205 lbs,2,
TB,Eric Rivers Jr.,WR,23.0,"5' 10""",176 lbs,0,
TB,Garrett Greene,WR,24.0,"5' 11""",201 lbs,1,
TB,Jalen McMillan,WR,24.0,"6' 1""",192 lbs,3,
TB,Kameron Johnson,WR,24.0,"5' 10""",170 lbs,3,
TB,Ted Hurst III,WR,22.0,"6' 3""",185 lbs,0,
TB,Tez Johnson,WR,24.0,"5' 10""",165 lbs,2,
TEN,Cam Ward,QB,24.0,"6' 2""",219 lbs,2,
TEN,Hendon Hooker,QB,28.0,"6' 3""",220 lbs,3,
TEN,Mitchell Trubisky,QB,32.0,"6' 3""",222 lbs,10,
TEN,Will Levis,QB,27.0,"6' 4""",229 lbs,4,
TEN,D'Ernest Johnson,RB,30.0,"5' 11""",205 lbs,7,
TEN,Julius Chestnut,RB,25.0,"5' 11""",228 lbs,5,
TEN,Kalel Mullings,RB,23.0,"6' 2""",226 lbs,2,
TEN,Michael Carter,RB,27.0,"5' 8""",201 lbs,5,
TEN,Nicholas Singleton,RB,22.0,"6' 0""",219 lbs,0,
TEN,Tony Pollard,RB,29.0,"6' 0""",209 lbs,8,
TEN,Tyjae Spears,RB,25.0,"5' 11""",195 lbs,4,
TEN,Daniel Bellinger,TE,25.0,"6' 6""",255 lbs,5,
TEN,David Martin-Robinson,TE,26.0,"6' 3""",247 lbs,3,
TEN,Gunnar Helm,TE,23.0,"6' 5""",241 lbs,2,
TEN,Jaren Kanak,TE,22.0,"6' 2""",234 lbs,0,
TEN,Joel Wilson,TE,26.0,"6' 4""",245 lbs,1,
TEN,Kylen Granson,TE,28.0,"6' 3""",242 lbs,6,
TEN,Bryce Oliver,WR,26.0,"6' 1""",214 lbs,3,
TEN,Calvin Ridley,WR,31.0,"6' 1""",190 lbs,8,
TEN,Carnell Tate,WR,21.0,"6' 2""",192 lbs,0,
TEN,Chimere Dike,WR,23.0,"6' 1""",196 lbs,2,
TEN,Courtney Jackson,WR,25.0,"5' 11""",183 lbs,1,
TEN,Elic Ayomanor,WR,23.0,"6' 2""",206 lbs,2,
TEN,Hank Beatty,WR,22.0,"5' 10""",179 lbs,0,
TEN,K.J. Osborn,WR,29.0,"5' 11""",203 lbs,6,
TEN,Lance McCutcheon,WR,27.0,"6' 3""",202 lbs,2,
TEN,Mason Kinsey,WR,27.0,"5' 11""",200 lbs,4,
TEN,Tyren Montgomery,WR,25.0,"5' 11""",204 lbs,0,
TEN,Wan'Dale Robinson,WR,25.0,"5' 8""",185 lbs,5,
TEN,Xavier Restrepo,WR,24.0,"5' 10""",202 lbs,1,
WSH,Athan Kaliakmanis,QB,23.0,"6' 2""",216 lbs,0,
WSH,Jayden Daniels,QB,25.0,"6' 4""",210 lbs,3,
WSH,Marcus Mariota,QB,32.0,"6' 4""",222 lbs,12,
WSH,Sam Hartman,QB,27.0,"6' 1""",209 lbs,1,
WSH,Craig Reynolds,RB,30.0,"5' 11""",225 lbs,7,
WSH,Jacory Croskey-Merritt,RB,25.0,"5' 11""",208 lbs,2,
WSH,Jeremy McNichols,RB,30.0,"5' 9""",205 lbs,6,
WSH,Kaytron Allen,RB,23.0,"5' 11""",217 lbs,0,
WSH,Rachaad White,RB,27.0,"6' 0""",214 lbs,5,
WSH,Robert Henry Jr.,RB,24.0,"5' 9""",196 lbs,0,
WSH,Ben Sinnott,TE,24.0,"6' 4""",245 lbs,3,
WSH,Chig Okonkwo,TE,26.0,"6' 3""",238 lbs,5,
WSH,Colson Yankoff,TE,26.0,"6' 4""",225 lbs,3,
WSH,John Bates,TE,28.0,"6' 6""",256 lbs,6,
WSH,Lawrence Cager,TE,29.0,"6' 5""",220 lbs,4,
WSH,Quentin Moore,TE,25.0,"6' 5""",260 lbs,0,
WSH,Tre' McKitty,TE,27.0,"6' 4""",246 lbs,4,
WSH,Antonio Williams,WR,22.0,"5' 11""",195 lbs,0,
WSH,Dyami Brown,WR,26.0,"6' 0""",195 lbs,6,
WSH,Jacoby Jones,WR,25.0,"6' 3""",228 lbs,1,
WSH,Jaden Bradley,WR,23.0,"6' 4""",195 lbs,0,
WSH,Jaylin Lane,WR,24.0,"5' 10""",196 lbs,2,
WSH,Luke McCaffrey,WR,25.0,"6' 2""",195 lbs,3,
WSH,Nick Nash,WR,27.0,"6' 3""",195 lbs,1,
WSH,Stefon Diggs,WR,32.0,"6' 0""",191 lbs,12,
WSH,Terry McLaurin,WR,30.0,"6' 0""",210 lbs,8,
WSH,Treylon Burks,WR,26.0,"6' 2""",225 lbs,5,
WSH,Van Jefferson,WR,30.0,"6' 1""",200 lbs,7,
