Team,Player,Pos.,Age,HT,WT,Exp,Depth
ARI,Jacoby Brissett,QB,33.0,"6' 4""",235 lbs,11,1
ARI,Carson Beck,QB,23.0,"6' 4""",220 lbs,0,2
ARI,Gardner Minshew II,QB,30.0,"6' 1""",225 lbs,8,3
ARI,Kedon Slovis,QB,25.0,"6' 2""",223 lbs,2,4
ARI,James Conner,RB,31.0,"6' 1""",233 lbs,10,1
ARI,Jeremiyah Love,RB,21.0,"6' 0""",212 lbs,0,2
ARI,Zonovan Knight,RB,25.0,"5' 11""",210 lbs,4,3
ARI,Tyler Allgeier,RB,26.0,"5' 10""",220 lbs,5,4
ARI,Trey Benson,RB,24.0,"6' 0""",225 lbs,3,5
ARI,Evan Hull,RB,25.0,"5' 10""",209 lbs,1,6
ARI,Corey Kiner,RB,24.0,"5' 9""",209 lbs,2,7
ARI,Trey McBride,TE,26.0,"6' 4""",246 lbs,5,1
ARI,Elijah Higgins,TE,25.0,"6' 3""",245 lbs,4,2
ARI,Tip Reiman,TE,24.0,"6' 5""",271 lbs,3,3
ARI,Teagan Quitoriano,TE,26.0,"6' 6""",259 lbs,5,4
ARI,Jameson Geers,TE,23.0,"6' 5""",250 lbs,0,5
ARI,Kenny Yeboah,TE,27.0,"6' 3""",250 lbs,5,6
ARI,Rivaldo Fairweather,TE,24.0,"6' 3""",249 lbs,1,7
ARI,Marvin Harrison Jr.,WR,23.0,"6' 3""",220 lbs,3,1
ARI,Michael Wilson,WR,26.0,"6' 2""",213 lbs,4,2
ARI,Kendrick Bourne,WR,31.0,"6' 1""",205 lbs,10,3
ARI,Jalen Brooks,WR,26.0,"6' 2""",205 lbs,4,4
ARI,Xavier Weaver,WR,25.0,"6' 0""",185 lbs,3,5
ARI,Reggie Virgil,WR,22.0,"6' 3""",187 lbs,0,6
ARI,Devin Duvernay,WR,28.0,"5' 11""",202 lbs,6,7
ARI,Simi Fehoko,WR,28.0,"6' 4""",225 lbs,6,8
ARI,Bryson Green,WR,23.0,"6' 1""",210 lbs,1,9
ARI,Harrison Wallace III,WR,23.0,"6' 0""",192 lbs,0,10
ARI,Ihmir Smith-Marsette,WR,26.0,"6' 1""",200 lbs,5,11
ATL,Michael Penix,QB,26.0,"6' 3""",220 lbs,3,1
ATL,Tua Tagovailoa,QB,28.0,"6' 1""",225 lbs,7,2
ATL,Cooper Rush,QB,32.0,"6' 3""",224 lbs,9,3
ATL,Jack Strand,QB,22.0,"6' 5""",240 lbs,0,4
ATL,Bijan Robinson,RB,24.0,"5' 11""",215 lbs,4,1
ATL,Brian Robinson Jr.,RB,27.0,"6' 1""",225 lbs,5,2
ATL,Nathan Carter,RB,24.0,"5' 10""",202 lbs,2,3
ATL,Tyler Goodson,RB,25.0,"5' 9""",197 lbs,4,4
ATL,Cash Jones,RB,26.0,"5' 11""",195 lbs,0,5
ATL,Austin Hooper,TE,31.0,"6' 4""",254 lbs,11,1
ATL,Charlie Woerner,TE,28.0,"6' 5""",250 lbs,7,2
ATL,Jack Velling,TE,22.0,"6' 5""",245 lbs,0,3
ATL,Joshua Simon,TE,25.0,"6' 4""",240 lbs,1,4
ATL,Kyle Pitts Sr.,TE,25.0,"6' 6""",250 lbs,5,5
ATL,Drake London,WR,25.0,"6' 4""",215 lbs,5,1
ATL,Olamide Zaccheaus,WR,29.0,"5' 8""",194 lbs,8,2
ATL,Zachariah Branch,WR,22.0,"5' 10""",180 lbs,0,3
ATL,Jahan Dotson,WR,26.0,"5' 11""",184 lbs,5,4
ATL,Dylan Drummond,WR,26.0,"6' 0""",190 lbs,2,5
ATL,Chris Blair,WR,28.0,"6' 2""",215 lbs,2,6
ATL,Antwane Wells Jr.,WR,25.0,"6' 0""",205 lbs,1,7
ATL,Keelan Marion,WR,26.0,"6' 0""",195 lbs,0,8
ATL,Kristian Wilkerson,WR,29.0,"6' 1""",214 lbs,3,9
ATL,Le'Meke Brockington,WR,24.0,"6' 0""",195 lbs,0,10
ATL,Vinny Anthony II,WR,23.0,"6' 0""",190 lbs,0,11
BAL,Lamar Jackson,QB,29.0,"6' 2""",205 lbs,9,1
BAL,Tyler Huntley,QB,28.0,"6' 1""",204 lbs,7,2
BAL,Joe Fagnano,QB,25.0,"6' 3""",226 lbs,0,3
BAL,Skylar Thompson,QB,29.0,"6' 2""",219 lbs,5,4
BAL,Derrick Henry,RB,32.0,"6' 2""",252 lbs,11,1
BAL,Adam Randall,RB,22.0,"6' 3""",232 lbs,0,2
BAL,Justice Hill,RB,28.0,"5' 10""",205 lbs,8,3
BAL,Rasheen Ali,RB,25.0,"5' 11""",210 lbs,3,4
BAL,Dontae McMillan,RB,25.0,"5' 10""",203 lbs,0,5
BAL,Elijah Tau-Tolliver,RB,23.0,"6' 0""",204 lbs,0,6
BAL,Mark Andrews,TE,30.0,"6' 5""",250 lbs,9,1
BAL,Matthew Hibner,TE,24.0,"6' 4""",251 lbs,0,2
BAL,Josh Cuevas,TE,23.0,"6' 3""",245 lbs,0,3
BAL,Durham Smythe,TE,30.0,"6' 4""",248 lbs,9,4
BAL,Ty Pezza,TE,23.0,"6' 3""",234 lbs,0,5
BAL,Zay Flowers,WR,25.0,"5' 9""",183 lbs,4,1
BAL,Rashod Bateman,WR,26.0,"6' 1""",193 lbs,6,2
BAL,Ja'Kobi Lane,WR,22.0,"6' 4""",200 lbs,0,3
BAL,Devontez Walker,WR,25.0,"6' 1""",198 lbs,3,4
BAL,Chris Moore,WR,33.0,"6' 1""",200 lbs,10,5
BAL,Elijah Sarratt,WR,23.0,"6' 2""",210 lbs,0,6
BAL,LaJohntay Wester,WR,24.0,"5' 9""",170 lbs,2,7
BAL,Cornelius Johnson,WR,25.0,"6' 3""",208 lbs,1,8
BAL,Cortez Braham Jr.,WR,26.0,"6' 2""",203 lbs,0,9
BAL,Dayton Wade,WR,25.0,"5' 9""",184 lbs,2,10
BAL,Octavian Smith Jr.,WR,23.0,"5' 11""",184 lbs,0,11
BAL,Xavier Guillory,WR,25.0,"6' 2""",203 lbs,1,12
BUF,Josh Allen,QB,30.0,"6' 5""",237 lbs,9,1
BUF,Kyle Allen,QB,30.0,"6' 3""",210 lbs,8,2
BUF,Shane Buechele,QB,28.0,"6' 0""",210 lbs,4,3
BUF,James Cook,RB,26.0,"5' 11""",190 lbs,5,1
BUF,Ty Johnson,RB,28.0,"5' 10""",210 lbs,8,2
BUF,Ray Davis,RB,26.0,"5' 8""",211 lbs,3,3
BUF,Frank Gore Jr.,RB,24.0,"5' 8""",201 lbs,1,4
BUF,Ian Wheeler,RB,24.0,"5' 11""",205 lbs,2,5
BUF,Dalton Kincaid,TE,26.0,"6' 3""",246 lbs,4,1
BUF,Dawson Knox,TE,29.0,"6' 4""",254 lbs,8,2
BUF,Jackson Hawes,TE,25.0,"6' 4""",253 lbs,2,3
BUF,Shane Zylstra,TE,29.0,"6' 4""",244 lbs,5,4
BUF,Keleki Latu,TE,23.0,"6' 6""",249 lbs,1,5
BUF,D.J. Moore,WR,29.0,"6' 0""",213 lbs,9,1
BUF,Khalil Shakir,WR,26.0,"6' 0""",190 lbs,5,2
BUF,Keon Coleman,WR,23.0,"6' 3""",213 lbs,3,3
BUF,Josh Palmer,WR,26.0,"6' 1""",210 lbs,6,4
BUF,Tyrell Shavers,WR,26.0,"6' 4""",211 lbs,2,5
BUF,Skyler Bell,WR,24.0,"5' 11""",192 lbs,0,6
BUF,Mecole Hardman,WR,28.0,"5' 10""",187 lbs,8,7
BUF,Dante Pettis,WR,30.0,"6' 1""",195 lbs,8,8
BUF,Trent Sherfield,WR,30.0,"6' 1""",205 lbs,9,9
BUF,Ja'Mori Maclin,WR,24.0,"5' 11""",183 lbs,0,10
BUF,Mac Dalena,WR,24.0,"5' 11""",180 lbs,1,11
BUF,Max Tomczak,WR,,"6' 0""",195 lbs,0,12
BUF,Quentin Skinner,WR,24.0,"6' 5""",195 lbs,1,13
BUF,Stephen Gosnell,WR,24.0,"6' 1""",198 lbs,1,14
CAR,Bryce Young,QB,25.0,"5' 10""",204 lbs,4,1
CAR,Kenny Pickett,QB,28.0,"6' 3""",220 lbs,5,2
CAR,Haynes King,QB,25.0,"6' 2""",212 lbs,0,3
CAR,Chuba Hubbard,RB,27.0,"6' 1""",210 lbs,6,1
CAR,AJ Dillon,RB,28.0,"6' 0""",247 lbs,7,2
CAR,Trevor Etienne,RB,22.0,"5' 8""",198 lbs,2,3
CAR,Anthony Tyus III,RB,23.0,"6' 1""",226 lbs,1,4
CAR,Jonathon Brooks,RB,23.0,"6' 0""",207 lbs,3,5
CAR,Miles Davis,RB,24.0,"5' 11""",215 lbs,0,6
CAR,Ja'Tavion Sanders,TE,23.0,"6' 4""",252 lbs,3,1
CAR,Mitchell Evans,TE,23.0,"6' 5""",258 lbs,2,2
CAR,Tommy Tremble,TE,26.0,"6' 4""",250 lbs,6,3
CAR,James Mitchell,TE,26.0,"6' 4""",249 lbs,4,4
CAR,Feleipe Franks,TE,28.0,"6' 6""",228 lbs,4,5
CAR,Caden Prieskorn,TE,26.0,"6' 5""",255 lbs,1,6
CAR,Chamon Metayer,TE,23.0,"6' 4""",262 lbs,0,7
CAR,Tetairoa McMillan,WR,23.0,"6' 5""",212 lbs,2,1
CAR,Jalen Coker,WR,24.0,"6' 3""",213 lbs,3,2
CAR,Xavier Legette,WR,25.0,"6' 3""",227 lbs,3,3
CAR,Chris Brazzell II,WR,22.0,"6' 4""",198 lbs,0,4
CAR,Casey Washington,WR,25.0,"6' 0""",200 lbs,3,5
CAR,Brycen Tremayne,WR,26.0,"6' 4""",212 lbs,2,6
CAR,David Moore,WR,31.0,"6' 0""",220 lbs,8,7
CAR,Dan Chisena,WR,29.0,"6' 3""",202 lbs,5,8
CAR,Elijah Cooks,WR,27.0,"6' 4""",215 lbs,2,9
CAR,Ja'seem Reed,WR,23.0,"6' 2""",195 lbs,1,10
CAR,Jimmy Horn Jr.,WR,23.0,"5' 8""",174 lbs,2,11
CAR,John Metchie III,WR,26.0,"5' 11""",187 lbs,4,12
CAR,Malick Meiga,WR,25.0,"6' 4""",201 lbs,0,13
CAR,Roc Taylor,WR,24.0,"6' 1""",213 lbs,1,14
CHI,Tyson Bagent,QB,26.0,"6' 3""",212 lbs,4,1
CHI,Caleb Williams,QB,24.0,"6' 1""",226 lbs,3,2
CHI,Case Keenum,QB,38.0,"6' 1""",220 lbs,14,3
CHI,Miller Moss,QB,24.0,"6' 1""",211 lbs,0,4
CHI,D'Andre Swift,RB,27.0,"5' 8""",204 lbs,7,1
CHI,Kyle Monangai,RB,24.0,"5' 8""",207 lbs,2,2
CHI,Brittain Brown,RB,28.0,"6' 1""",205 lbs,3,3
CHI,Roschon Johnson,RB,25.0,"6' 0""",227 lbs,4,4
CHI,Coleman Bennett,RB,23.0,"5' 11""",185 lbs,0,5
CHI,Salvon Ahmed,RB,27.0,"5' 11""",196 lbs,5,6
CHI,Colston Loveland,TE,22.0,"6' 6""",241 lbs,2,1
CHI,Sam Roush,TE,22.0,"6' 5""",267 lbs,0,2
CHI,Cole Kmet,TE,27.0,"6' 6""",257 lbs,7,3
CHI,Nikola Kalinic,TE,29.0,"6' 4""",248 lbs,2,4
CHI,Stephen Carlson,TE,29.0,"6' 4""",248 lbs,4,5
CHI,Hayden Large,TE,24.0,"6' 4""",250 lbs,0,6
CHI,Qadir Ismail,TE,26.0,"6' 6""",245 lbs,1,7
CHI,Rome Odunze,WR,24.0,"6' 3""",214 lbs,3,1
CHI,Luther Burden,WR,22.0,"6' 0""",210 lbs,2,2
CHI,Zavion Thomas,WR,22.0,"5' 10""",190 lbs,0,3
CHI,Kalif Raymond,WR,32.0,"5' 9""",160 lbs,10,4
CHI,Jahdae Walker,WR,24.0,"6' 3""",206 lbs,2,5
CHI,Scott Miller,WR,29.0,"5' 9""",174 lbs,8,6
CHI,Kaden Davis,WR,27.0,"6' 1""",193 lbs,1,7
CHI,JP Richardson,WR,24.0,"5' 11""",192 lbs,1,8
CHI,Kyron Hudson,WR,24.0,"6' 1""",212 lbs,0,9
CHI,Maurice Alexander,WR,29.0,"5' 10""",173 lbs,1,10
CHI,Omari Kelly,WR,22.0,"5' 11""",190 lbs,0,11
CIN,Joe Burrow,QB,29.0,"6' 4""",215 lbs,7,1
CIN,Joe Flacco,QB,41.0,"6' 6""",245 lbs,19,2
CIN,Josh Johnson,QB,40.0,"6' 3""",219 lbs,12,3
CIN,Sean Clifford,QB,28.0,"6' 2""",212 lbs,2,4
CIN,Chase Brown,RB,26.0,"5' 10""",210 lbs,4,1
CIN,Samaje Perine,RB,30.0,"5' 11""",240 lbs,10,2
CIN,Tahj Brooks,RB,24.0,"5' 9""",220 lbs,2,3
CIN,Kendall Milton,RB,24.0,"6' 1""",230 lbs,1,4
CIN,Gary Brightwell,RB,28.0,"6' 1""",218 lbs,4,5
CIN,Jamal Haynes,RB,23.0,"5' 7""",195 lbs,0,6
CIN,Kentrel Bullock,RB,24.0,"5' 10""",204 lbs,0,7
CIN,Mike Gesicki,TE,30.0,"6' 6""",245 lbs,9,1
CIN,Tanner Hudson,TE,31.0,"6' 5""",241 lbs,7,2
CIN,Drew Sample,TE,30.0,"6' 5""",260 lbs,8,3
CIN,Cam Grandy,TE,26.0,"6' 5""",253 lbs,3,4
CIN,Erick All Jr.,TE,25.0,"6' 5""",255 lbs,3,5
CIN,Jack Endries,TE,22.0,"6' 5""",245 lbs,0,6
CIN,Josh Kattus,TE,22.0,"6' 4""",245 lbs,0,7
CIN,Ja'Marr Chase,WR,26.0,"6' 0""",205 lbs,6,1
CIN,Tee Higgins,WR,27.0,"6' 4""",220 lbs,7,2
CIN,Andrei Iosivas,WR,26.0,"6' 3""",210 lbs,4,3
CIN,Mitchell Tinsley,WR,26.0,"6' 1""",205 lbs,3,4
CIN,Colbie Young,WR,24.0,"6' 3""",218 lbs,0,5
CIN,Ke'Shawn Williams,WR,24.0,"5' 9""",189 lbs,2,6
CIN,Charlie Jones,WR,27.0,"6' 0""",190 lbs,4,7
CIN,Dohnte Meyers,WR,26.0,"5' 11""",186 lbs,1,8
CIN,Jordan Moore,WR,24.0,"6' 0""",191 lbs,1,9
CIN,Kendric Pryor,WR,28.0,"5' 11""",189 lbs,2,10
CIN,Noah Thomas,WR,22.0,"6' 5""",203 lbs,0,11
CIN,Xavier Johnson,WR,27.0,"6' 1""",210 lbs,1,12
CLE,Dillon Gabriel,QB,25.0,"5' 11""",205 lbs,2,1
CLE,Shedeur Sanders,QB,24.0,"6' 2""",212 lbs,2,2
CLE,Taylen Green,QB,23.0,"6' 6""",230 lbs,0,3
CLE,Deshaun Watson,QB,30.0,"6' 3""",223 lbs,10,4
CLE,Quinshon Judkins,RB,22.0,"6' 0""",221 lbs,2,1
CLE,Raheim Sanders,RB,24.0,"6' 0""",230 lbs,2,2
CLE,Dylan Sampson,RB,21.0,"5' 8""",200 lbs,2,3
CLE,Ahmani Marshall,RB,24.0,"6' 1""",225 lbs,1,4
CLE,Davon Booth,RB,24.0,"5' 10""",192 lbs,0,5
CLE,Harold Fannin,TE,22.0,"6' 4""",241 lbs,2,1
CLE,Jack Stoll,TE,28.0,"6' 4""",245 lbs,6,2
CLE,Joe Royer,TE,24.0,"6' 5""",250 lbs,0,3
CLE,Blake Whiteheart,TE,26.0,"6' 4""",250 lbs,4,4
CLE,Brenden Bates,TE,26.0,"6' 5""",255 lbs,3,5
CLE,Carsen Ryan,TE,22.0,"6' 3""",255 lbs,0,6
CLE,KC Concepcion,WR,21.0,"6' 0""",190 lbs,0,1
CLE,Denzel Boston,WR,22.0,"6' 4""",215 lbs,0,2
CLE,Jerry Jeudy,WR,27.0,"6' 1""",195 lbs,7,3
CLE,Cedric Tillman,WR,26.0,"6' 3""",215 lbs,4,4
CLE,Isaiah Bond,WR,22.0,"5' 11""",180 lbs,2,5
CLE,Malachi Corley,WR,24.0,"5' 11""",215 lbs,3,6
CLE,Tylan Wallace,WR,27.0,"5' 11""",200 lbs,6,7
CLE,Jamari Thrash,WR,25.0,"6' 0""",190 lbs,3,8
CLE,Gage Larvadain,WR,23.0,"5' 8""",171 lbs,2,9
CLE,Aaron Anderson,WR,23.0,"5' 8""",198 lbs,0,10
CLE,Kole Wilson,WR,22.0,"5' 9""",177 lbs,0,11
CLE,Luke Floriea,WR,24.0,"5' 8""",180 lbs,1,12
DAL,Joe Milton,QB,26.0,"6' 5""",236 lbs,3,1
DAL,Dak Prescott,QB,33.0,"6' 2""",230 lbs,11,2
DAL,Sam Howell,QB,25.0,"6' 1""",225 lbs,5,3
DAL,Javonte Williams,RB,26.0,"5' 10""",222 lbs,6,1
DAL,Malik Davis,RB,27.0,"5' 10""",205 lbs,3,2
DAL,Jaydon Blue,RB,22.0,"5' 9""",198 lbs,2,3
DAL,Israel Abanikanda,RB,23.0,"5' 10""",217 lbs,3,4
DAL,Jashaun Corbin,RB,25.0,"5' 11""",200 lbs,2,5
DAL,Phil Mafah,RB,23.0,"6' 1""",232 lbs,2,6
DAL,Jake Ferguson,TE,27.0,"6' 5""",250 lbs,5,1
DAL,Brevyn Spann-Ford,TE,26.0,"6' 6""",265 lbs,3,2
DAL,Luke Schoonmaker,TE,27.0,"6' 5""",250 lbs,4,3
DAL,DJ Rogers,TE,24.0,"6' 4""",245 lbs,0,4
DAL,Michael Trigg,TE,24.0,"6' 4""",240 lbs,0,5
DAL,Princeton Fant,TE,27.0,"6' 2""",245 lbs,2,6
DAL,Zack Kuntz,TE,27.0,"6' 8""",251 lbs,1,7
DAL,George Pickens,WR,25.0,"6' 3""",200 lbs,5,1
DAL,CeeDee Lamb,WR,27.0,"6' 2""",198 lbs,7,2
DAL,Ryan Flournoy,WR,26.0,"6' 1""",205 lbs,3,3
DAL,KaVontae Turpin,WR,30.0,"5' 7""",158 lbs,5,4
DAL,Tyler Johnson,WR,27.0,"6' 1""",208 lbs,6,5
DAL,Marquez Valdes-Scantling,WR,31.0,"6' 4""",206 lbs,9,6
DAL,Jonathan Mingo,WR,25.0,"6' 2""",225 lbs,4,7
DAL,Anthony Smith,WR,24.0,"6' 2""",197 lbs,0,8
DAL,Camden Brown,WR,22.0,"6' 2""",204 lbs,0,9
DAL,Denzel Mims,WR,28.0,"6' 3""",207 lbs,4,10
DAL,Jaden Smith,WR,24.0,"6' 6""",210 lbs,0,11
DAL,Jordan Hudson,WR,22.0,"6' 1""",199 lbs,0,12
DAL,Traeshon Holden,WR,24.0,"6' 2""",208 lbs,1,13
DEN,Bo Nix,QB,26.0,"6' 2""",217 lbs,3,1
DEN,Jarrett Stidham,QB,29.0,"6' 3""",215 lbs,7,2
DEN,Sam Ehlinger,QB,27.0,"6' 1""",222 lbs,6,3
DEN,J.K. Dobbins,RB,27.0,"5' 10""",212 lbs,7,1
DEN,RJ Harvey,RB,25.0,"5' 8""",205 lbs,2,2
DEN,Jonah Coleman,RB,22.0,"5' 8""",220 lbs,0,3
DEN,Jaleel McLaughlin,RB,25.0,"5' 7""",187 lbs,4,4
DEN,Tyler Badie,RB,26.0,"5' 8""",197 lbs,3,5
DEN,Cody Schrader,RB,26.0,"5' 9""",214 lbs,3,6
DEN,Evan Engram,TE,31.0,"6' 3""",240 lbs,10,1
DEN,Nate Adkins,TE,27.0,"6' 3""",252 lbs,4,2
DEN,Adam Trautman,TE,29.0,"6' 5""",253 lbs,7,3
DEN,Justin Joly,TE,22.0,"6' 3""",241 lbs,0,4
DEN,Lucas Krull,TE,28.0,"6' 6""",260 lbs,4,5
DEN,Caleb Lohner,TE,24.0,"6' 7""",250 lbs,1,6
DEN,Dallen Bentley,TE,25.0,"6' 4""",253 lbs,0,7
DEN,Jaylen Waddle,WR,27.0,"5' 10""",185 lbs,6,1
DEN,Courtland Sutton,WR,30.0,"6' 4""",216 lbs,9,2
DEN,Troy Franklin,WR,23.0,"6' 3""",180 lbs,3,3
DEN,Michael Bandy,WR,28.0,"5' 10""",190 lbs,3,4
DEN,Pat Bryant,WR,23.0,"6' 2""",204 lbs,2,5
DEN,Lil'Jordan Humphrey,WR,28.0,"6' 4""",225 lbs,7,6
DEN,Cameron Ross,WR,24.0,"5' 10""",186 lbs,0,7
DEN,Dane Key,WR,23.0,"6' 3""",210 lbs,0,8
DEN,Hakeem Butler,WR,30.0,"6' 5""",227 lbs,2,9
DEN,Joseph Manjack IV,WR,23.0,"6' 3""",210 lbs,0,10
DEN,Kolbe Katsis,WR,24.0,"6' 1""",185 lbs,0,11
DEN,Kyrese Rowan,WR,25.0,"5' 10""",185 lbs,0,12
DEN,Marvin Mims Jr.,WR,24.0,"5' 11""",182 lbs,4,13
DET,Jared Goff,QB,31.0,"6' 4""",217 lbs,11,1
DET,Teddy Bridgewater,QB,33.0,"6' 2""",217 lbs,12,2
DET,Luke Altmyer,QB,23.0,"6' 1""",213 lbs,0,3
DET,Jahmyr Gibbs,RB,24.0,"5' 9""",202 lbs,4,1
DET,Isiah Pacheco,RB,27.0,"5' 10""",210 lbs,5,2
DET,Jacob Saylors,RB,26.0,"5' 11""",195 lbs,2,3
DET,Sione Vaki,RB,25.0,"5' 11""",216 lbs,3,4
DET,Jabari Small,RB,25.0,"5' 11""",208 lbs,1,5
DET,Justin Jackson,RB,30.0,"6' 0""",199 lbs,6,6
DET,Kye Robichaux,RB,23.0,"6' 0""",213 lbs,2,7
DET,Raheem Blackshear,RB,28.0,"5' 9""",190 lbs,4,8
DET,Sam LaPorta,TE,25.0,"6' 3""",245 lbs,4,1
DET,Brock Wright,TE,27.0,"6' 5""",254 lbs,6,2
DET,Anthony Firkser,TE,31.0,"6' 2""",245 lbs,8,3
DET,Tyler Conklin,TE,31.0,"6' 3""",245 lbs,9,4
DET,Zach Horton,TE,23.0,"6' 4""",256 lbs,1,5
DET,Miles Kitselman,TE,23.0,"6' 5""",251 lbs,0,6
DET,Nick Muse,TE,27.0,"6' 5""",252 lbs,3,7
DET,Thomas Gordon,TE,25.0,"6' 4""",250 lbs,1,8
DET,Amon-Ra St. Brown,WR,26.0,"6' 0""",202 lbs,6,1
DET,Jameson Williams,WR,25.0,"6' 1""",184 lbs,5,2
DET,Greg Dortch,WR,28.0,"5' 7""",183 lbs,6,3
DET,Isaac TeSlaa,WR,24.0,"6' 4""",214 lbs,2,4
DET,Tay Martin,WR,28.0,"6' 3""",186 lbs,1,5
DET,Tom Kennedy,WR,30.0,"5' 10""",195 lbs,4,6
DET,Malik Cunningham,WR,27.0,"6' 1""",190 lbs,2,7
DET,Kendrick Law,WR,22.0,"5' 11""",203 lbs,0,8
DET,Cedrick Wilson Jr.,WR,30.0,"6' 2""",205 lbs,9,9
DET,Dominic Lovett,WR,23.0,"5' 10""",185 lbs,2,10
DET,Jackson Meeks,WR,23.0,"6' 2""",235 lbs,1,11
DET,Lucky Jackson,WR,29.0,"6' 1""",185 lbs,1,12
DET,Tarik Black,WR,28.0,"6' 3""",213 lbs,1,13
GB,Jordan Love,QB,27.0,"6' 4""",219 lbs,7,1
GB,Tyrod Taylor,QB,37.0,"6' 1""",217 lbs,16,2
GB,Kyle McCord,QB,23.0,"6' 3""",218 lbs,1,3
GB,Kyron Drones,QB,23.0,"6' 2""",226 lbs,0,4
GB,Josh Jacobs,RB,28.0,"5' 10""",223 lbs,8,1
GB,Chris Brooks,RB,26.0,"6' 1""",219 lbs,4,2
GB,Damien Martinez,RB,22.0,"6' 0""",217 lbs,1,3
GB,Jaden Nixon,RB,23.0,"5' 10""",199 lbs,0,4
GB,MarShawn Lloyd,RB,25.0,"5' 9""",220 lbs,3,5
GB,Pierre Strong Jr.,RB,27.0,"5' 11""",207 lbs,4,6
GB,Tucker Kraft,TE,25.0,"6' 5""",259 lbs,4,1
GB,Josh Whyle,TE,26.0,"6' 7""",248 lbs,4,2
GB,Luke Musgrave,TE,25.0,"6' 6""",253 lbs,4,3
GB,Drake Dabney,TE,24.0,"6' 5""",246 lbs,1,4
GB,Drew Biber,TE,,"6' 3""",247 lbs,0,5
GB,Luke Lachey,TE,25.0,"6' 6""",250 lbs,1,6
GB,McCallan Castles,TE,26.0,"6' 4""",244 lbs,1,7
GB,Messiah Swinson,TE,26.0,"6' 7""",259 lbs,1,8
GB,RJ Maryland,TE,22.0,"6' 3""",236 lbs,0,9
GB,Thomas Yassmin,TE,26.0,"6' 4""",245 lbs,1,10
GB,Christian Watson,WR,27.0,"6' 4""",215 lbs,5,1
GB,Jayden Reed,WR,26.0,"5' 11""",187 lbs,4,2
GB,Matthew Golden,WR,23.0,"5' 11""",191 lbs,2,3
GB,Savion Williams,WR,24.0,"6' 4""",222 lbs,2,4
GB,Skyy Moore,WR,25.0,"5' 10""",195 lbs,5,5
GB,Bo Melton,WR,27.0,"5' 11""",189 lbs,3,6
GB,Isaiah Neyor,WR,25.0,"6' 4""",218 lbs,1,7
GB,J. Michael Sturdivant,WR,23.0,"6' 3""",207 lbs,0,8
GB,Kaden Prather,WR,23.0,"6' 3""",204 lbs,1,9
GB,Will Sheppard,WR,24.0,"6' 3""",196 lbs,1,10
HOU,C.J. Stroud,QB,24.0,"6' 3""",218 lbs,4,1
HOU,Davis Mills,QB,27.0,"6' 4""",225 lbs,6,2
HOU,Graham Mertz,QB,25.0,"6' 2""",216 lbs,2,3
HOU,Woody Marks,RB,25.0,"5' 10""",208 lbs,2,1
HOU,David Montgomery,RB,29.0,"5' 11""",230 lbs,8,2
HOU,British Brooks,RB,26.0,"5' 11""",225 lbs,3,3
HOU,Jawhar Jordan,RB,26.0,"5' 10""",185 lbs,1,4
HOU,Josh Pitsenberger,RB,22.0,"6' 0""",215 lbs,0,5
HOU,Noah Whittington,RB,24.0,"5' 8""",203 lbs,0,6
HOU,Dalton Schultz,TE,30.0,"6' 5""",242 lbs,9,1
HOU,Marlin Klein,TE,23.0,"6' 6""",250 lbs,0,2
HOU,Cade Stover,TE,26.0,"6' 4""",251 lbs,3,3
HOU,Foster Moreau,TE,29.0,"6' 4""",250 lbs,8,4
HOU,Brevin Jordan,TE,26.0,"6' 3""",245 lbs,6,5
HOU,Layne Pryor,TE,23.0,"6' 2""",250 lbs,1,6
HOU,Nico Collins,WR,27.0,"6' 4""",222 lbs,6,1
HOU,Jayden Higgins,WR,23.0,"6' 4""",215 lbs,2,2
HOU,Xavier Hutchinson,WR,26.0,"6' 3""",210 lbs,4,3
HOU,Jaylin Noel,WR,23.0,"5' 11""",201 lbs,2,4
HOU,Justin Watson,WR,30.0,"6' 2""",215 lbs,9,5
HOU,Jared Wayne,WR,25.0,"6' 3""",210 lbs,1,6
HOU,DJ Turner,WR,29.0,"5' 9""",205 lbs,4,7
HOU,Daniel Sobkowicz,WR,23.0,"6' 3""",205 lbs,0,8
HOU,Jha'Quan Jackson,WR,26.0,"5' 9""",188 lbs,2,9
HOU,Josh Kelly,WR,25.0,"6' 1""",192 lbs,1,10
HOU,Lewis Bond,WR,23.0,"5' 11""",190 lbs,0,11
HOU,Montrell Washington,WR,27.0,"5' 10""",170 lbs,3,12
HOU,Tank Dell,WR,26.0,"5' 10""",165 lbs,4,13
HOU,Treyvhon Saunders,WR,22.0,"5' 9""",190 lbs,0,14
IND,Daniel Jones,QB,29.0,"6' 5""",230 lbs,8,1
IND,Riley Leonard,QB,23.0,"6' 4""",213 lbs,2,2
IND,Anthony Richardson,QB,24.0,"6' 4""",244 lbs,4,3
IND,Easton Stick,QB,30.0,"6' 1""",224 lbs,7,4
IND,Jonathan Taylor,RB,27.0,"5' 10""",226 lbs,7,1
IND,Seth McGowan,RB,24.0,"6' 0""",223 lbs,0,2
IND,DJ Giddens,RB,22.0,"6' 0""",212 lbs,2,3
IND,Anderson Castle,RB,24.0,"5' 11""",221 lbs,0,4
IND,Roydell Williams,RB,24.0,"5' 10""",221 lbs,0,5
IND,Ulysses Bentley IV,RB,25.0,"5' 10""",200 lbs,1,6
IND,Tyler Warren,TE,24.0,"6' 6""",256 lbs,2,1
IND,Mo Alie-Cox,TE,32.0,"6' 5""",267 lbs,9,2
IND,Pharaoh Brown,TE,32.0,"6' 5""",246 lbs,9,3
IND,Will Mallory,TE,27.0,"6' 4""",239 lbs,4,4
IND,Carson Towt,TE,25.0,"6' 8""",250 lbs,0,5
IND,Drew Ogletree,TE,28.0,"6' 5""",260 lbs,5,6
IND,Sean McKeon,TE,28.0,"6' 5""",255 lbs,5,7
IND,Alec Pierce,WR,26.0,"6' 3""",211 lbs,5,1
IND,Josh Downs,WR,24.0,"5' 9""",171 lbs,4,2
IND,Ashton Dulin,WR,29.0,"6' 2""",215 lbs,8,3
IND,Nick Westbrook-Ikhine,WR,29.0,"6' 2""",211 lbs,7,4
IND,Coleman Owen,WR,25.0,"5' 10""",181 lbs,1,5
IND,Anthony Gould,WR,25.0,"5' 8""",174 lbs,3,6
IND,Laquon Treadwell,WR,31.0,"6' 2""",215 lbs,10,7
IND,Deion Burks,WR,23.0,"5' 9""",180 lbs,0,8
IND,EJ Horton Jr.,WR,25.0,"6' 1""",190 lbs,0,9
IND,Eli Pancol,WR,26.0,"6' 3""",205 lbs,1,10
IND,Liam Clifford,WR,,"6' 1""",206 lbs,0,11
IND,Raylen Sharpe,WR,24.0,"5' 9""",169 lbs,0,12
IND,Sahmir Hagans,WR,23.0,"5' 10""",190 lbs,0,13
JAX,Trevor Lawrence,QB,26.0,"6' 6""",220 lbs,6,1
JAX,Nick Mullens,QB,31.0,"6' 0""",210 lbs,8,2
JAX,Carter Bradley,QB,26.0,"6' 3""",221 lbs,1,3
JAX,Joey Aguilar,QB,25.0,"6' 3""",225 lbs,0,4
JAX,Chris Rodriguez,RB,26.0,"5' 11""",224 lbs,4,1
JAX,Bhayshul Tuten,RB,23.0,"5' 9""",209 lbs,2,2
JAX,Ameer Abdullah,RB,33.0,"5' 8""",203 lbs,12,3
JAX,DeeJay Dallas,RB,27.0,"5' 10""",225 lbs,7,4
JAX,J'Mari Taylor,RB,24.0,"5' 9""",199 lbs,0,5
JAX,LeQuint Allen Jr.,RB,22.0,"6' 0""",201 lbs,2,6
JAX,Nate Boerkircher,TE,24.0,"6' 5""",245 lbs,0,1
JAX,Brenton Strange,TE,25.0,"6' 4""",253 lbs,4,2
JAX,Hunter Long,TE,27.0,"6' 5""",243 lbs,6,3
JAX,Tanner Koziol,TE,22.0,"6' 7""",250 lbs,0,4
JAX,Quintin Morris,TE,27.0,"6' 2""",243 lbs,5,5
JAX,Ethan Conner,TE,23.0,"6' 4""",245 lbs,0,6
JAX,Patrick Herbert,TE,25.0,"6' 5""",255 lbs,1,7
JAX,Brian Thomas,WR,23.0,"6' 2""",209 lbs,3,1
JAX,Parker Washington,WR,24.0,"5' 10""",204 lbs,4,2
JAX,Travis Hunter,WR,23.0,"6' 1""",185 lbs,2,3
JAX,Jakobi Meyers,WR,29.0,"6' 2""",200 lbs,8,4
JAX,Austin Trammell,WR,28.0,"5' 10""",185 lbs,4,5
JAX,Tim Jones,WR,28.0,"6' 1""",200 lbs,4,6
JAX,Brady Boyd,WR,24.0,"6' 1""",195 lbs,0,7
JAX,CJ Williams,WR,23.0,"6' 1""",205 lbs,0,8
JAX,Chandler Brayboy,WR,24.0,"6' 1""",199 lbs,1,9
JAX,Josh Cameron,WR,23.0,"6' 1""",224 lbs,0,10
JAX,Michael Wortham,WR,24.0,"5' 9""",190 lbs,0,11
JAX,Trebor Pena,WR,24.0,"5' 10""",187 lbs,0,12
KC,Patrick Mahomes,QB,30.0,"6' 2""",225 lbs,10,1
KC,Justin Fields,QB,27.0,"6' 3""",227 lbs,6,2
KC,Chris Oladokun,QB,28.0,"6' 1""",213 lbs,1,3
KC,Garrett Nussmeier,QB,24.0,"6' 1""",205 lbs,0,4
KC,Kenneth Walker III,RB,25.0,"5' 9""",211 lbs,5,1
KC,Emmett Johnson,RB,22.0,"5' 11""",200 lbs,0,2
KC,Emari Demercado,RB,27.0,"5' 9""",215 lbs,4,3
KC,Brashard Smith,RB,23.0,"5' 10""",196 lbs,2,4
KC,EJ Smith,RB,24.0,"5' 11""",211 lbs,0,5
KC,Jaydn Ott,RB,23.0,"5' 11""",208 lbs,0,6
KC,Travis Kelce,TE,36.0,"6' 5""",250 lbs,14,1
KC,Noah Gray,TE,27.0,"6' 3""",240 lbs,6,2
KC,Jared Wiley,TE,25.0,"6' 6""",249 lbs,3,3
KC,Jake Briningstool,TE,23.0,"6' 6""",240 lbs,2,4
KC,John Michael Gyllenborg,TE,24.0,"6' 5""",251 lbs,0,5
KC,Mason Pline,TE,26.0,"6' 7""",260 lbs,2,6
KC,Tre Watson,TE,23.0,"6' 5""",250 lbs,1,7
KC,Rashee Rice,WR,26.0,"6' 1""",204 lbs,4,1
KC,Xavier Worthy,WR,23.0,"5' 11""",165 lbs,3,2
KC,Tyquan Thornton,WR,26.0,"6' 2""",185 lbs,5,3
KC,Cyrus Allen,WR,23.0,"5' 11""",180 lbs,0,4
KC,Nikko Remigio,WR,26.0,"5' 9""",187 lbs,2,5
KC,Jason Brownlee,WR,27.0,"6' 3""",202 lbs,3,6
KC,Jalen Royals,WR,23.0,"6' 0""",195 lbs,2,7
KC,Andrew Armstrong,WR,25.0,"6' 4""",210 lbs,1,8
KC,Jacob De Jesus,WR,24.0,"5' 7""",170 lbs,0,9
KC,Jeff Caldwell,WR,23.0,"6' 5""",215 lbs,0,10
KC,Jeff Weimer,WR,,"6' 2""",211 lbs,0,11
KC,Jimmy Holiday,WR,24.0,"6' 1""",211 lbs,1,12
KC,Omari Evans,WR,22.0,"6' 0""",195 lbs,0,13
KC,Xavier Loyd,WR,23.0,"6' 2""",196 lbs,0,14
LAC,Justin Herbert,QB,28.0,"6' 6""",236 lbs,7,1
LAC,Trey Lance,QB,26.0,"6' 4""",226 lbs,6,2
LAC,DJ Uiagalelei,QB,25.0,"6' 4""",252 lbs,1,3
LAC,Omarion Hampton,RB,23.0,"6' 0""",220 lbs,2,1
LAC,Kimani Vidal,RB,24.0,"5' 8""",215 lbs,3,2
LAC,Jaret Patterson,RB,26.0,"5' 8""",195 lbs,3,3
LAC,Keaton Mitchell,RB,24.0,"5' 8""",191 lbs,4,4
LAC,Amar Johnson,RB,23.0,"5' 10""",205 lbs,1,5
LAC,Greg Desrosiers Jr.,RB,25.0,"5' 11""",200 lbs,0,6
LAC,David Njoku,TE,30.0,"6' 4""",246 lbs,12,1
LAC,Charlie Kolar,TE,27.0,"6' 6""",250 lbs,5,2
LAC,Evan Svoboda,TE,23.0,"6' 5""",251 lbs,0,3
LAC,Jerand Bradley,TE,23.0,"6' 5""",223 lbs,0,4
LAC,Johnny Pascuzzi,TE,24.0,"6' 4""",241 lbs,0,5
LAC,Oronde Gadsden,TE,23.0,"6' 5""",236 lbs,2,6
LAC,Quentin Johnston,WR,24.0,"6' 2""",208 lbs,4,1
LAC,Ladd McConkey,WR,24.0,"6' 0""",185 lbs,3,2
LAC,KeAndre Lambert-Smith,WR,24.0,"6' 1""",182 lbs,2,3
LAC,Brenen Thompson,WR,23.0,"5' 9""",170 lbs,0,4
LAC,Derius Davis,WR,25.0,"5' 8""",165 lbs,4,5
LAC,Dalevon Campbell,WR,24.0,"6' 4""",220 lbs,2,6
LAC,Devonte Ross,WR,23.0,"5' 10""",170 lbs,0,7
LAC,JaQuae Jackson,WR,26.0,"6' 1""",184 lbs,2,8
LAC,Luke Grimm,WR,24.0,"6' 0""",190 lbs,1,9
LAC,Mante Morrow,WR,24.0,"6' 4""",210 lbs,0,10
LAC,Sincere Brown,WR,24.0,"6' 5""",190 lbs,0,11
LAC,Tre' Harris,WR,24.0,"6' 3""",210 lbs,2,12
LAR,Matthew Stafford,QB,38.0,"6' 3""",214 lbs,18,1
LAR,Ty Simpson,QB,23.0,"6' 1""",211 lbs,0,2
LAR,Matthew Caldwell,QB,23.0,"6' 4""",209 lbs,0,3
LAR,Stetson Bennett,QB,28.0,"5' 11""",192 lbs,3,4
LAR,Kyren Williams,RB,25.0,"5' 9""",207 lbs,5,1
LAR,Blake Corum,RB,25.0,"5' 8""",202 lbs,3,2
LAR,Ronnie Rivers,RB,27.0,"5' 9""",198 lbs,5,3
LAR,Jarquez Hunter,RB,23.0,"5' 10""",211 lbs,2,4
LAR,Dean Connors,RB,22.0,"5' 11""",206 lbs,0,5
LAR,Jordan Waters,RB,25.0,"6' 0""",225 lbs,1,6
LAR,Max Klare,TE,23.0,"6' 4""",246 lbs,0,1
LAR,Colby Parkinson,TE,27.0,"6' 7""",266 lbs,7,2
LAR,Tyler Higbee,TE,33.0,"6' 6""",253 lbs,11,3
LAR,Davis Allen,TE,25.0,"6' 6""",253 lbs,4,4
LAR,Terrance Ferguson,TE,23.0,"6' 5""",252 lbs,2,5
LAR,Dan Villari,TE,24.0,"6' 4""",243 lbs,0,6
LAR,Mark Redman,TE,24.0,"6' 5""",258 lbs,1,7
LAR,Rohan Jones,TE,24.0,"6' 3""",236 lbs,0,8
LAR,Puka Nacua,WR,25.0,"6' 2""",216 lbs,4,1
LAR,Davante Adams,WR,33.0,"6' 1""",204 lbs,13,2
LAR,Jordan Whittington,WR,25.0,"6' 1""",202 lbs,3,3
LAR,Xavier Smith,WR,28.0,"5' 9""",180 lbs,3,4
LAR,Konata Mumpfield,WR,23.0,"6' 1""",188 lbs,2,5
LAR,Brennan Presley,WR,24.0,"5' 8""",174 lbs,1,6
LAR,CJ Daniels,WR,24.0,"6' 2""",202 lbs,0,7
LAR,Mario Williams,WR,23.0,"5' 9""",178 lbs,1,8
LAR,Tru Edwards,WR,25.0,"6' 3""",211 lbs,1,9
LAR,Tyler Scott,WR,24.0,"5' 11""",185 lbs,3,10
LV,Fernando Mendoza,QB,22.0,"6' 5""",225 lbs,0,1
LV,Kirk Cousins,QB,37.0,"6' 3""",209 lbs,15,2
LV,Aidan O'Connell,QB,27.0,"6' 3""",206 lbs,4,3
LV,Jacob Clark,QB,25.0,"6' 5""",220 lbs,0,4
LV,Ashton Jeanty,RB,22.0,"5' 8""",208 lbs,2,1
LV,Mike Washington Jr.,RB,23.0,"6' 2""",228 lbs,0,2
LV,Dare Ogunbowale,RB,32.0,"5' 10""",205 lbs,9,3
LV,Dylan Laube,RB,26.0,"5' 9""",204 lbs,3,4
LV,Chris Collier,RB,26.0,"5' 10""",203 lbs,2,5
LV,Roman Hemby,RB,23.0,"6' 0""",210 lbs,0,6
LV,Brock Bowers,TE,23.0,"6' 4""",235 lbs,3,1
LV,Michael Mayer,TE,25.0,"6' 4""",256 lbs,4,2
LV,Ian Thomas,TE,30.0,"6' 3""",253 lbs,9,3
LV,Carter Runyon,TE,25.0,"6' 4""",243 lbs,2,4
LV,Albert Okwuegbunam Jr.,TE,28.0,"6' 5""",258 lbs,6,5
LV,Chris Myarick,TE,30.0,"6' 5""",261 lbs,5,6
LV,Patrick Gurd,TE,24.0,"6' 4""",250 lbs,0,7
LV,Tre Tucker,WR,25.0,"5' 8""",182 lbs,4,1
LV,Jalen Nailor,WR,27.0,"6' 0""",190 lbs,5,2
LV,Jack Bech,WR,23.0,"6' 1""",214 lbs,2,3
LV,Deven Thompkins,WR,26.0,"5' 8""",155 lbs,5,4
LV,Dareke Young,WR,27.0,"6' 2""",224 lbs,5,5
LV,Shedrick Jackson,WR,26.0,"6' 1""",198 lbs,1,6
LV,Justin Shorter,WR,26.0,"6' 4""",227 lbs,4,7
LV,Brandon Johnson,WR,28.0,"6' 2""",195 lbs,3,8
LV,Chase Roberts,WR,25.0,"6' 4""",210 lbs,0,9
LV,Corey Rucker,WR,24.0,"6' 0""",213 lbs,0,10
LV,Dont'e Thornton Jr.,WR,23.0,"6' 5""",205 lbs,2,11
LV,E.J. Williams Jr.,WR,24.0,"6' 4""",205 lbs,0,12
LV,Malik Benson,WR,23.0,"6' 1""",195 lbs,0,13
LV,Phillip Dorsett,WR,33.0,"5' 10""",185 lbs,9,14
MIA,Malik Willis,QB,27.0,"6' 1""",225 lbs,5,1
MIA,Quinn Ewers,QB,23.0,"6' 2""",209 lbs,2,2
MIA,Cam Miller,QB,25.0,"6' 1""",211 lbs,1,3
MIA,De'Von Achane,RB,24.0,"5' 9""",191 lbs,4,1
MIA,Jaylen Wright,RB,23.0,"5' 10""",208 lbs,3,2
MIA,Ollie Gordon,RB,22.0,"6' 2""",225 lbs,2,3
MIA,Anthony Hankerson,RB,22.0,"5' 8""",204 lbs,0,4
MIA,Carlos Washington Jr.,RB,27.0,"5' 11""",210 lbs,1,5
MIA,Donovan Edwards,RB,23.0,"6' 1""",212 lbs,1,6
MIA,Will Kacmarek,TE,23.0,"6' 6""",258 lbs,0,1
MIA,Greg Dulcich,TE,26.0,"6' 4""",245 lbs,5,2
MIA,Seydou Traore,TE,23.0,"6' 4""",235 lbs,0,3
MIA,Ben Sims,TE,26.0,"6' 5""",250 lbs,4,4
MIA,Cole Turner,TE,26.0,"6' 6""",240 lbs,3,5
MIA,Jeremiah Franklin,TE,,"6' 3""",244 lbs,0,6
MIA,Malik Washington,WR,25.0,"5' 8""",195 lbs,3,1
MIA,Caleb Douglas,WR,22.0,"6' 4""",205 lbs,0,2
MIA,Chris Bell,WR,22.0,"6' 2""",220 lbs,0,3
MIA,Jalen Tolbert,WR,27.0,"6' 1""",195 lbs,5,4
MIA,Tutu Atwell,WR,26.0,"5' 9""",165 lbs,6,5
MIA,Kevin Coleman Jr.,WR,22.0,"5' 10""",180 lbs,0,6
MIA,Tahj Washington,WR,25.0,"5' 10""",174 lbs,3,7
MIA,AJ Henning,WR,24.0,"5' 10""",192 lbs,1,8
MIA,Donaven McCulley,WR,23.0,"6' 4""",203 lbs,0,9
MIA,Jalen Reagor,WR,27.0,"5' 11""",197 lbs,7,10
MIA,Terrace Marshall Jr.,WR,26.0,"6' 2""",200 lbs,5,11
MIA,Theo Wease Jr.,WR,25.0,"6' 2""",210 lbs,1,12
MIN,Kyler Murray,QB,29.0,"5' 10""",207 lbs,8,1
MIN,J.J. McCarthy,QB,23.0,"6' 3""",219 lbs,3,2
MIN,Carson Wentz,QB,33.0,"6' 5""",237 lbs,11,3
MIN,Max Brosmer,QB,25.0,"6' 2""",218 lbs,2,4
MIN,Jordan Mason,RB,27.0,"5' 11""",230 lbs,5,1
MIN,Aaron Jones,RB,31.0,"5' 10""",208 lbs,10,2
MIN,Demond Claiborne,RB,22.0,"5' 10""",188 lbs,0,3
MIN,Zavier Scott,RB,27.0,"6' 1""",221 lbs,2,4
MIN,Jordan Mims,RB,27.0,"6' 0""",205 lbs,2,5
MIN,T.J. Hockenson,TE,29.0,"6' 5""",248 lbs,8,1
MIN,Josh Oliver,TE,29.0,"6' 5""",264 lbs,8,2
MIN,Ben Yurosek,TE,24.0,"6' 4""",251 lbs,2,3
MIN,Bryson Nesbit,TE,23.0,"6' 5""",228 lbs,1,4
MIN,Gavin Bartholomew,TE,23.0,"6' 5""",249 lbs,2,5
MIN,Marshall Lang,TE,24.0,"6' 4""",246 lbs,1,6
MIN,Justin Jefferson,WR,27.0,"6' 1""",195 lbs,7,1
MIN,Jauan Jennings,WR,29.0,"6' 3""",212 lbs,6,2
MIN,Jordan Addison,WR,24.0,"5' 11""",179 lbs,4,3
MIN,Tai Felton,WR,23.0,"6' 1""",186 lbs,2,4
MIN,Myles Price,WR,24.0,"5' 9""",183 lbs,2,5
MIN,Dillon Bell,WR,22.0,"6' 0""",209 lbs,0,6
MIN,Dontae Fleming,WR,24.0,"6' 2""",180 lbs,1,7
MIN,Jeshaun Jones,WR,26.0,"6' 1""",188 lbs,1,8
MIN,Marcus Sanders Jr.,WR,22.0,"6' 1""",190 lbs,0,9
MIN,Michael Briscoe,WR,24.0,"6' 2""",209 lbs,0,10
MIN,Terrill Davis,WR,22.0,"6' 0""",195 lbs,0,11
MIN,Trayvon Rudolph,WR,24.0,"5' 10""",187 lbs,0,12
NE,Drake Maye,QB,23.0,"6' 4""",225 lbs,3,1
NE,Behren Morton,QB,24.0,"6' 2""",218 lbs,0,2
NE,Tommy DeVito,QB,28.0,"6' 2""",210 lbs,4,3
NE,TreVeyon Henderson,RB,23.0,"5' 10""",202 lbs,2,1
NE,Rhamondre Stevenson,RB,28.0,"6' 0""",227 lbs,6,2
NE,Terrell Jennings,RB,25.0,"6' 0""",222 lbs,2,3
NE,Jam Miller,RB,22.0,"5' 10""",209 lbs,0,4
NE,Lan Larison,RB,24.0,"5' 11""",209 lbs,2,5
NE,Myles Montgomery,RB,23.0,"5' 11""",205 lbs,0,6
NE,Hunter Henry,TE,31.0,"6' 5""",249 lbs,11,1
NE,Eli Raridon,TE,22.0,"6' 6""",245 lbs,0,2
NE,Julian Hill,TE,26.0,"6' 4""",251 lbs,4,3
NE,CJ Dippre,TE,24.0,"6' 5""",256 lbs,2,4
NE,Jack Westover,TE,27.0,"6' 3""",252 lbs,2,5
NE,Mitch Van Vooren,TE,25.0,"6' 5""",242 lbs,1,6
NE,Tanner Arkin,TE,23.0,"6' 4""",262 lbs,0,7
NE,A.J. Brown,WR,29.0,"6' 1""",226 lbs,8,1
NE,Romeo Doubs,WR,26.0,"6' 2""",210 lbs,5,2
NE,Kayshon Boutte,WR,24.0,"5' 11""",203 lbs,4,3
NE,Mack Hollins,WR,32.0,"6' 4""",221 lbs,10,4
NE,Kyle Williams,WR,23.0,"5' 11""",190 lbs,2,5
NE,DeMario Douglas,WR,25.0,"5' 8""",185 lbs,4,6
NE,Cameron Dorner,WR,22.0,"6' 1""",188 lbs,0,7
NE,Efton Chism III,WR,24.0,"5' 10""",198 lbs,2,8
NE,Jalen Hurd,WR,30.0,"6' 5""",230 lbs,4,9
NE,Jeremiah Webb,WR,25.0,"5' 11""",198 lbs,1,10
NE,Jimmy Kibble,WR,22.0,"6' 1""",199 lbs,0,11
NE,Kobe Prentice,WR,22.0,"5' 10""",184 lbs,0,12
NE,Kyle Dixon,WR,25.0,"6' 2""",220 lbs,0,13
NE,Nick DeGennaro,WR,25.0,"6' 1""",196 lbs,0,14
NE,Tejhaun Palmer,WR,26.0,"6' 2""",210 lbs,1,15
NO,Tyler Shough,QB,26.0,"6' 5""",219 lbs,2,1
NO,Spencer Rattler,QB,25.0,"6' 0""",211 lbs,3,2
NO,Zach Wilson,QB,27.0,"6' 2""",214 lbs,6,3
NO,Hunter Dekkers,QB,25.0,"6' 1""",210 lbs,1,4
NO,Travis Etienne,RB,27.0,"5' 10""",215 lbs,6,1
NO,Alvin Kamara,RB,31.0,"5' 10""",215 lbs,10,2
NO,Devin Neal,RB,22.0,"5' 11""",213 lbs,2,3
NO,Kendre Miller,RB,24.0,"6' 0""",220 lbs,4,4
NO,Audric Estime,RB,22.0,"5' 11""",227 lbs,3,5
NO,Ty Chandler,RB,28.0,"5' 11""",205 lbs,5,6
NO,CJ Donaldson,RB,22.0,"6' 1""",230 lbs,0,7
NO,Juwan Johnson,TE,29.0,"6' 4""",231 lbs,7,1
NO,Oscar Delp,TE,23.0,"6' 4""",245 lbs,0,2
NO,Noah Fant,TE,28.0,"6' 4""",249 lbs,8,3
NO,Zaire Mitchell-Paden,TE,26.0,"6' 5""",257 lbs,2,4
NO,Moliki Matavao,TE,23.0,"6' 6""",263 lbs,2,5
NO,Treyton Welch,TE,25.0,"6' 4""",240 lbs,1,6
NO,Cody Hardy,TE,22.0,"6' 5""",271 lbs,0,7
NO,Chris Olave,WR,26.0,"6' 0""",187 lbs,5,1
NO,Jordyn Tyson,WR,21.0,"6' 2""",203 lbs,0,2
NO,Devaughn Vele,WR,28.0,"6' 5""",210 lbs,3,3
NO,Bryce Lance,WR,23.0,"6' 3""",204 lbs,0,4
NO,Mason Tipton,WR,25.0,"5' 11""",187 lbs,3,5
NO,Jalen Moreno-Cropper,WR,25.0,"6' 0""",172 lbs,1,6
NO,Barion Brown,WR,22.0,"5' 11""",177 lbs,0,7
NO,Brock Rechsteiner,WR,23.0,"6' 2""",225 lbs,0,8
NO,Bub Means,WR,25.0,"6' 2""",215 lbs,3,9
NO,Charles Hawkins,WR,35.0,"5' 8""",180 lbs,1,10
NO,Kevin Austin Jr.,WR,26.0,"6' 2""",200 lbs,3,11
NO,Ronnie Bell,WR,26.0,"6' 0""",192 lbs,3,12
NO,Trey Palmer,WR,25.0,"6' 1""",190 lbs,4,13
NYG,Jaxson Dart,QB,23.0,"6' 2""",223 lbs,2,1
NYG,Jameis Winston,QB,32.0,"6' 4""",231 lbs,12,2
NYG,Brandon Allen,QB,33.0,"6' 2""",219 lbs,10,3
NYG,Cam Skattebo,RB,24.0,"5' 11""",215 lbs,2,1
NYG,Tyrone Tracy Jr.,RB,26.0,"5' 11""",210 lbs,3,2
NYG,Devin Singletary,RB,28.0,"5' 7""",203 lbs,8,3
NYG,Eric Gray,RB,26.0,"5' 10""",211 lbs,4,4
NYG,Damon Bankston,RB,23.0,"5' 10""",186 lbs,0,5
NYG,Dante Miller,RB,27.0,"5' 9""",200 lbs,1,6
NYG,Theo Johnson,TE,25.0,"6' 6""",264 lbs,3,1
NYG,Isaiah Likely,TE,26.0,"6' 4""",241 lbs,5,2
NYG,Tanner Conner,TE,28.0,"6' 3""",232 lbs,4,3
NYG,Chris Manhertz,TE,34.0,"6' 6""",235 lbs,11,4
NYG,Thomas Fidone II,TE,23.0,"6' 6""",255 lbs,2,5
NYG,Malik Nabers,WR,23.0,"6' 0""",200 lbs,3,1
NYG,Isaiah Hodgins,WR,27.0,"6' 3""",200 lbs,5,2
NYG,Darius Slayton,WR,29.0,"6' 1""",198 lbs,8,3
NYG,Calvin Austin III,WR,27.0,"5' 9""",162 lbs,5,4
NYG,Darnell Mooney,WR,28.0,"5' 11""",177 lbs,7,5
NYG,Malachi Fields,WR,22.0,"6' 4""",222 lbs,0,6
NYG,JuJu Smith-Schuster,WR,29.0,"6' 1""",215 lbs,10,7
NYG,Ryan Miller,WR,26.0,"6' 2""",221 lbs,3,8
NYG,Gunner Olszewski,WR,29.0,"6' 0""",190 lbs,8,9
NYG,Braxton Berrios,WR,30.0,"5' 9""",190 lbs,9,10
NYG,Jalin Hyatt,WR,24.0,"6' 0""",185 lbs,4,11
NYG,Beaux Collins,WR,23.0,"6' 3""",206 lbs,2,12
NYG,Xavier Gipson,WR,25.0,"5' 9""",189 lbs,4,13
NYG,Dalen Cambre,WR,25.0,"6' 0""",192 lbs,2,14
NYG,Odell Beckham Jr.,WR,33.0,"5' 11""",198 lbs,11,15
NYJ,Geno Smith,QB,35.0,"6' 2""",221 lbs,14,1
NYJ,Brady Cook,QB,24.0,"6' 2""",215 lbs,2,2
NYJ,Cade Klubnik,QB,22.0,"6' 2""",207 lbs,0,3
NYJ,Bailey Zappe,QB,27.0,"6' 1""",220 lbs,4,4
NYJ,Breece Hall,RB,25.0,"5' 11""",217 lbs,5,1
NYJ,Braelon Allen,RB,22.0,"6' 1""",235 lbs,3,2
NYJ,Isaiah Davis,RB,24.0,"6' 1""",220 lbs,3,3
NYJ,Kene Nwangwu,RB,28.0,"6' 1""",210 lbs,6,4
NYJ,Chip Trayanum,RB,24.0,"5' 10""",224 lbs,0,5
NYJ,Sam Scott,RB,23.0,"6' 1""",213 lbs,0,6
NYJ,Kenyon Sadiq,TE,21.0,"6' 3""",241 lbs,0,1
NYJ,Mason Taylor,TE,22.0,"6' 5""",251 lbs,2,2
NYJ,Jeremy Ruckert,TE,25.0,"6' 5""",250 lbs,5,3
NYJ,Jelani Woods,TE,27.0,"6' 7""",253 lbs,5,4
NYJ,Chase Curtis,TE,26.0,"6' 5""",235 lbs,0,5
NYJ,Connor Hulstein,TE,,"6' 5""",235 lbs,0,6
NYJ,Garrett Wilson,WR,26.0,"6' 0""",183 lbs,5,1
NYJ,Omar Cooper Jr.,WR,22.0,"6' 0""",199 lbs,0,2
NYJ,Adonai Mitchell,WR,23.0,"6' 2""",205 lbs,3,3
NYJ,Tim Patrick,WR,32.0,"6' 5""",210 lbs,9,4
NYJ,Isaiah Williams,WR,25.0,"5' 10""",185 lbs,3,5
NYJ,Arian Smith,WR,24.0,"6' 0""",179 lbs,2,6
NYJ,Cam Camper,WR,24.0,"6' 3""",198 lbs,1,7
NYJ,Caullin Lacy,WR,24.0,"5' 9""",183 lbs,0,8
NYJ,DT Sheffield,WR,25.0,"5' 7""",175 lbs,0,9
NYJ,Jalen Walthall,WR,23.0,"6' 0""",191 lbs,0,10
NYJ,Jamaal Pritchett,WR,23.0,"5' 8""",175 lbs,1,11
NYJ,Malik McClain,WR,23.0,"6' 4""",195 lbs,0,12
NYJ,Quincy Skinner Jr.,WR,23.0,"6' 2""",205 lbs,1,13
PHI,Jalen Hurts,QB,28.0,"6' 1""",223 lbs,7,1
PHI,Tanner McKee,QB,26.0,"6' 6""",231 lbs,4,2
PHI,Andy Dalton,QB,38.0,"6' 2""",220 lbs,16,3
PHI,Cole Payton,QB,23.0,"6' 2""",232 lbs,0,4
PHI,Saquon Barkley,RB,29.0,"6' 0""",233 lbs,9,1
PHI,Tank Bigsby,RB,23.0,"5' 11""",215 lbs,4,2
PHI,Dameon Pierce,RB,26.0,"5' 10""",218 lbs,5,3
PHI,Will Shipley,RB,23.0,"5' 11""",209 lbs,3,4
PHI,Elijah Mitchell,RB,28.0,"5' 10""",200 lbs,6,5
PHI,Carson Steele,RB,23.0,"6' 0""",228 lbs,2,6
PHI,Dallas Goedert,TE,31.0,"6' 5""",256 lbs,9,1
PHI,Eli Stowers,TE,23.0,"6' 4""",239 lbs,0,2
PHI,Johnny Mundt,TE,31.0,"6' 4""",245 lbs,9,3
PHI,Grant Calcaterra,TE,27.0,"6' 4""",240 lbs,5,4
PHI,Stone Smartt,TE,27.0,"6' 4""",226 lbs,5,5
PHI,Cameron Latu,TE,26.0,"6' 5""",244 lbs,3,6
PHI,E.J. Jenkins,TE,27.0,"6' 6""",245 lbs,2,7
PHI,Dae'Quan Wright,TE,22.0,"6' 4""",246 lbs,0,8
PHI,Makai Lemon,WR,22.0,"5' 11""",192 lbs,0,1
PHI,DeVonta Smith,WR,27.0,"6' 0""",170 lbs,6,2
PHI,Marquise Brown,WR,29.0,"5' 9""",170 lbs,8,3
PHI,Dontayvion Wicks,WR,25.0,"6' 1""",206 lbs,4,4
PHI,Elijah Moore,WR,26.0,"5' 10""",178 lbs,6,5
PHI,Darius Cooper,WR,24.0,"5' 11""",210 lbs,2,6
PHI,Britain Covey,WR,29.0,"5' 8""",173 lbs,5,7
PHI,Brandon Hayes,WR,,"6' 2""",205 lbs,0,8
PHI,Danny Gray,WR,27.0,"6' 0""",200 lbs,3,9
PHI,Erik Ezukanma,WR,26.0,"6' 2""",206 lbs,3,10
PHI,Johnny Wilson,WR,25.0,"6' 6""",228 lbs,3,11
PHI,Quez Watkins,WR,28.0,"6' 0""",193 lbs,5,12
PHI,Samori Toure,WR,28.0,"6' 1""",196 lbs,3,13
PIT,Aaron Rodgers,QB,42.0,"6' 2""",223 lbs,22,1
PIT,Mason Rudolph,QB,31.0,"6' 5""",235 lbs,9,2
PIT,Drew Allar,QB,22.0,"6' 5""",228 lbs,0,3
PIT,Will Howard,QB,24.0,"6' 4""",236 lbs,2,4
PIT,Rico Dowdle,RB,28.0,"5' 11""",215 lbs,7,1
PIT,Jaylen Warren,RB,27.0,"5' 8""",215 lbs,5,2
PIT,Eli Heidenreich,RB,23.0,"6' 0""",198 lbs,0,3
PIT,Kaleb Johnson,RB,22.0,"6' 1""",224 lbs,2,4
PIT,Travis Homer,RB,28.0,"5' 10""",202 lbs,8,5
PIT,Lew Nichols,RB,24.0,"5' 10""",220 lbs,1,6
PIT,Max Hurleman,RB,24.0,"5' 11""",200 lbs,1,7
PIT,Pat Freiermuth,TE,27.0,"6' 5""",258 lbs,6,1
PIT,Darnell Washington,TE,24.0,"6' 7""",264 lbs,4,2
PIT,Robert Tonyan,TE,32.0,"6' 5""",240 lbs,8,3
PIT,Jaheim Bell,TE,25.0,"6' 2""",241 lbs,2,4
PIT,Lake McRee,TE,23.0,"6' 4""",243 lbs,0,5
PIT,Lance Mason,TE,22.0,"6' 3""",243 lbs,0,6
PIT,D.K. Metcalf,WR,28.0,"6' 4""",229 lbs,8,1
PIT,Michael Pittman Jr.,WR,28.0,"6' 4""",223 lbs,7,2
PIT,Germie Bernard,WR,22.0,"6' 1""",206 lbs,0,3
PIT,Roman Wilson,WR,25.0,"5' 10""",186 lbs,3,4
PIT,Kaden Wetjen,WR,24.0,"5' 9""",196 lbs,0,5
PIT,Ben Skowronek,WR,29.0,"6' 3""",224 lbs,6,6
PIT,Brandon Smith,WR,27.0,"6' 2""",220 lbs,1,7
PIT,Cole Burgess,WR,26.0,"6' 1""",192 lbs,1,8
PIT,Colton Dowell,WR,27.0,"6' 3""",212 lbs,3,9
PIT,Jakobie Keeney-James,WR,25.0,"6' 1""",195 lbs,1,10
PIT,Joaquin Davis,WR,23.0,"6' 4""",195 lbs,1,11
PIT,Levi Wentz,WR,,"6' 2""",205 lbs,0,12
SEA,Sam Darnold,QB,29.0,"6' 3""",225 lbs,9,1
SEA,Drew Lock,QB,29.0,"6' 4""",228 lbs,8,2
SEA,Jalen Milroe,QB,23.0,"6' 2""",216 lbs,2,3
SEA,Jadarian Price,RB,22.0,"5' 11""",209 lbs,0,1
SEA,Zach Charbonnet,RB,25.0,"6' 1""",220 lbs,4,2
SEA,Emanuel Wilson,RB,27.0,"5' 10""",226 lbs,4,3
SEA,Jacardia Wright,RB,25.0,"6' 0""",218 lbs,1,4
SEA,George Holani,RB,26.0,"5' 11""",210 lbs,3,5
SEA,TJ Harden,RB,22.0,"6' 0""",323 lbs,0,6
SEA,AJ Barner,TE,24.0,"6' 6""",251 lbs,3,1
SEA,Elijah Arroyo,TE,23.0,"6' 5""",254 lbs,2,2
SEA,Eric Saubert,TE,32.0,"6' 5""",248 lbs,9,3
SEA,Nick Kallerup,TE,25.0,"6' 5""",266 lbs,2,4
SEA,Nick Vannett,TE,33.0,"6' 6""",261 lbs,11,5
SEA,Jaxon Smith-Njigba,WR,24.0,"6' 0""",197 lbs,4,1
SEA,Tory Horton,WR,23.0,"6' 2""",196 lbs,2,2
SEA,Cooper Kupp,WR,33.0,"6' 1""",205 lbs,10,3
SEA,Cody White,WR,27.0,"6' 3""",227 lbs,5,4
SEA,Rashid Shaheed,WR,27.0,"6' 0""",180 lbs,5,5
SEA,Velus Jones Jr.,WR,29.0,"6' 0""",204 lbs,6,6
SEA,Jake Bobo,WR,28.0,"6' 4""",211 lbs,4,7
SEA,Emmanuel Henderson Jr.,WR,23.0,"6' 1""",185 lbs,0,8
SEA,Irv Charles,WR,29.0,"6' 4""",219 lbs,4,9
SEA,Montorie Foster Jr.,WR,25.0,"5' 11""",188 lbs,1,10
SEA,Rashad Rochelle,WR,22.0,"5' 11""",185 lbs,0,11
SEA,Ricky White III,WR,24.0,"6' 1""",181 lbs,1,12
SF,Brock Purdy,QB,26.0,"6' 1""",220 lbs,5,1
SF,Mac Jones,QB,27.0,"6' 3""",220 lbs,6,2
SF,Adrian Martinez,QB,26.0,"6' 2""",220 lbs,2,3
SF,Kurtis Rourke,QB,25.0,"6' 4""",220 lbs,1,4
SF,Christian McCaffrey,RB,30.0,"5' 11""",210 lbs,10,1
SF,Kaelon Black,RB,24.0,"5' 9""",208 lbs,0,2
SF,Khalil Herbert,RB,28.0,"5' 9""",212 lbs,6,3
SF,Isaac Guerendo,RB,26.0,"6' 0""",221 lbs,3,4
SF,Jordan James,RB,22.0,"5' 9""",208 lbs,2,5
SF,Patrick Taylor Jr.,RB,28.0,"6' 2""",217 lbs,6,6
SF,Sincere McCormick,RB,25.0,"5' 8""",204 lbs,3,7
SF,George Kittle,TE,32.0,"6' 4""",250 lbs,10,1
SF,Jake Tonges,TE,27.0,"6' 4""",240 lbs,4,2
SF,Luke Farrell,TE,28.0,"6' 5""",250 lbs,6,3
SF,Josiah Deguara,TE,29.0,"6' 2""",240 lbs,6,4
SF,Brayden Willis,TE,26.0,"6' 4""",240 lbs,4,5
SF,Hayden Rucci,TE,25.0,"6' 5""",247 lbs,1,6
SF,Tanner McLachlan,TE,27.0,"6' 5""",244 lbs,2,7
SF,Deebo Samuel,WR,30.0,"6' 0""",215 lbs,8,1
SF,Mike Evans,WR,32.0,"6' 5""",231 lbs,13,2
SF,De'Zhaun Stribling,WR,23.0,"6' 2""",207 lbs,0,3
SF,Ricky Pearsall,WR,25.0,"6' 1""",189 lbs,3,4
SF,Christian Kirk,WR,29.0,"5' 11""",200 lbs,9,5
SF,Demarcus Robinson,WR,31.0,"6' 1""",202 lbs,11,6
SF,Jordan Watkins,WR,24.0,"5' 11""",196 lbs,2,7
SF,KhaDarel Hodge,WR,31.0,"6' 2""",210 lbs,9,8
SF,Malik Turner,WR,30.0,"6' 2""",202 lbs,5,9
SF,Brandon Aiyuk,WR,28.0,"6' 0""",200 lbs,6,10
SF,Jacob Cowing,WR,25.0,"5' 9""",171 lbs,3,11
SF,Junior Bergen,WR,23.0,"5' 9""",184 lbs,1,12
SF,Trenton Irwin,WR,30.0,"6' 2""",204 lbs,6,13
SF,Wesley Grimes,WR,22.0,"6' 2""",194 lbs,0,14
SF,Will Pauling,WR,23.0,"5' 9""",183 lbs,0,15
TB,Baker Mayfield,QB,31.0,"6' 1""",215 lbs,9,1
TB,Jake Browning,QB,30.0,"6' 2""",209 lbs,4,2
TB,Connor Bazelak,QB,25.0,"6' 3""",225 lbs,2,3
TB,Jalon Daniels,QB,23.0,"6' 1""",219 lbs,0,4
TB,Bucky Irving,RB,23.0,"5' 10""",195 lbs,3,1
TB,Sean Tucker,RB,24.0,"5' 10""",205 lbs,4,2
TB,Josh Williams,RB,25.0,"5' 9""",210 lbs,2,3
TB,Kadarius Calloway,RB,24.0,"6' 0""",213 lbs,0,4
TB,Kenny Gainwell,RB,27.0,"5' 9""",200 lbs,6,5
TB,Cade Otton,TE,27.0,"6' 5""",247 lbs,5,1
TB,Devin Culp,TE,26.0,"6' 4""",237 lbs,3,2
TB,Bauer Sharp,TE,23.0,"6' 4""",246 lbs,0,3
TB,Payne Durham,TE,26.0,"6' 5""",255 lbs,4,4
TB,Ko Kieft,TE,28.0,"6' 5""",265 lbs,5,5
TB,Kenny Fletcher Jr.,TE,22.0,"6' 3""",250 lbs,0,6
TB,Emeka Egbuka,WR,23.0,"6' 1""",205 lbs,2,1
TB,Tez Johnson,WR,24.0,"5' 10""",165 lbs,2,2
TB,Chris Godwin,WR,30.0,"6' 1""",209 lbs,10,3
TB,David Sills V,WR,30.0,"6' 3""",211 lbs,4,4
TB,Jalen McMillan,WR,24.0,"6' 1""",192 lbs,3,5
TB,Kameron Johnson,WR,24.0,"5' 10""",170 lbs,3,6
TB,Dean Patterson,WR,24.0,"6' 2""",200 lbs,0,7
TB,Dennis Houston,WR,27.0,"6' 1""",190 lbs,1,8
TB,Eric Rivers Jr.,WR,23.0,"5' 10""",176 lbs,0,9
TB,Garrett Greene,WR,24.0,"5' 11""",201 lbs,1,10
TB,Ted Hurst III,WR,22.0,"6' 3""",185 lbs,0,11
TEN,Mitchell Trubisky,QB,31.0,"6' 3""",222 lbs,10,1
TEN,Cam Ward,QB,24.0,"6' 2""",219 lbs,2,2
TEN,Hendon Hooker,QB,28.0,"6' 3""",220 lbs,3,3
TEN,Will Levis,QB,27.0,"6' 4""",229 lbs,4,4
TEN,Tony Pollard,RB,29.0,"6' 0""",209 lbs,8,1
TEN,Tyjae Spears,RB,25.0,"5' 11""",195 lbs,4,2
TEN,Michael Carter,RB,27.0,"5' 8""",201 lbs,5,3
TEN,Nicholas Singleton,RB,22.0,"6' 0""",219 lbs,0,4
TEN,Julius Chestnut,RB,25.0,"5' 11""",228 lbs,5,5
TEN,Kalel Mullings,RB,23.0,"6' 2""",226 lbs,2,6
TEN,Gunnar Helm,TE,23.0,"6' 5""",241 lbs,2,1
TEN,Daniel Bellinger,TE,25.0,"6' 6""",255 lbs,5,2
TEN,David Martin-Robinson,TE,26.0,"6' 3""",247 lbs,3,3
TEN,Kylen Granson,TE,28.0,"6' 3""",242 lbs,6,4
TEN,Jaren Kanak,TE,22.0,"6' 2""",234 lbs,0,5
TEN,Joel Wilson,TE,26.0,"6' 4""",245 lbs,1,6
TEN,Wan'Dale Robinson,WR,25.0,"5' 8""",185 lbs,5,1
TEN,Carnell Tate,WR,21.0,"6' 2""",192 lbs,0,2
TEN,Chimere Dike,WR,23.0,"6' 1""",196 lbs,2,3
TEN,Elic Ayomanor,WR,23.0,"6' 2""",206 lbs,2,4
TEN,Calvin Ridley,WR,31.0,"6' 1""",190 lbs,8,5
TEN,Xavier Restrepo,WR,24.0,"5' 10""",202 lbs,1,6
TEN,Mason Kinsey,WR,27.0,"5' 11""",200 lbs,4,7
TEN,Bryce Oliver,WR,26.0,"6' 1""",214 lbs,3,8
TEN,Courtney Jackson,WR,25.0,"5' 11""",183 lbs,1,9
TEN,Hank Beatty,WR,22.0,"5' 10""",179 lbs,0,10
TEN,K.J. Osborn,WR,29.0,"5' 11""",203 lbs,6,11
TEN,Lance McCutcheon,WR,27.0,"6' 3""",202 lbs,2,12
TEN,Tyren Montgomery,WR,25.0,"5' 11""",204 lbs,0,13
WSH,Jayden Daniels,QB,25.0,"6' 4""",210 lbs,3,1
WSH,Marcus Mariota,QB,32.0,"6' 4""",222 lbs,12,2
WSH,Athan Kaliakmanis,QB,22.0,"6' 2""",216 lbs,0,3
WSH,Sam Hartman,QB,27.0,"6' 1""",209 lbs,1,4
WSH,Jacory Croskey-Merritt,RB,25.0,"5' 11""",208 lbs,2,1
WSH,Rachaad White,RB,27.0,"6' 0""",214 lbs,5,2
WSH,Kaytron Allen,RB,23.0,"5' 11""",217 lbs,0,3
WSH,Jeremy McNichols,RB,30.0,"5' 9""",205 lbs,6,4
WSH,Jerome Ford,RB,26.0,"5' 10""",210 lbs,5,5
WSH,Robert Henry Jr.,RB,24.0,"5' 9""",196 lbs,0,6
WSH,Ben Sinnott,TE,24.0,"6' 4""",245 lbs,3,1
WSH,John Bates,TE,28.0,"6' 6""",256 lbs,6,2
WSH,Colson Yankoff,TE,26.0,"6' 4""",225 lbs,3,3
WSH,Lawrence Cager,TE,28.0,"6' 5""",220 lbs,4,4
WSH,Chig Okonkwo,TE,26.0,"6' 3""",238 lbs,5,5
WSH,Quentin Moore,TE,25.0,"6' 5""",260 lbs,0,6
WSH,Terry McLaurin,WR,30.0,"6' 0""",210 lbs,8,1
WSH,Stefon Diggs,WR,32.0,"6' 0""",191 lbs,11,2
WSH,Luke McCaffrey,WR,25.0,"6' 2""",195 lbs,3,3
WSH,Treylon Burks,WR,26.0,"6' 2""",225 lbs,5,4
WSH,Antonio Williams,WR,22.0,"5' 11""",195 lbs,0,5
WSH,Van Jefferson,WR,30.0,"6' 1""",200 lbs,7,6
WSH,Dyami Brown,WR,26.0,"6' 0""",195 lbs,6,7
WSH,Jaylin Lane,WR,24.0,"5' 10""",196 lbs,2,8
WSH,Jacoby Jones,WR,25.0,"6' 3""",228 lbs,1,9
WSH,Chris Hilton Jr.,WR,23.0,"6' 0""",188 lbs,0,10
WSH,Jaden Bradley,WR,23.0,"6' 4""",195 lbs,0,11
WSH,Nick Nash,WR,27.0,"6' 3""",195 lbs,1,12
WSH,River Cracraft,WR,31.0,"6' 0""",198 lbs,7,13
