Rank,Player,Team,Pos.,PPR,Std,Age,PassAtt,PassYds,PassTD,Int,Rec,RecYds,RecTD,RushAtt,RushYds,RushTD
1,Jacoby Brissett,ARI,QB,268.48,268.48,33.0,518.0,3962.0,26.0,8.0,0.0,0.0,0.0,40.0,160.0,1.0
2,Carson Beck,ARI,QB,18.34,18.34,23.0,22.0,166.0,1.0,1.0,0.0,0.0,0.0,8.0,37.0,1.0
3,Jeremiyah Love,ARI,RB,162.9,135.9,21.0,0.0,0.0,0.0,0.0,27.0,174.0,2.0,144.0,645.0,7.0
4,Tyler Allgeier,ARI,RB,132.0,119.0,26.0,0.0,0.0,0.0,0.0,13.0,94.0,0.0,135.0,496.0,10.0
5,Zonovan Knight,ARI,RB,139.6,112.6,25.0,0.0,0.0,0.0,0.0,27.0,203.0,2.0,112.0,383.0,7.0
6,Trey McBride,ARI,TE,243.7,150.7,26.0,0.0,0.0,0.0,0.0,93.0,967.0,9.0,0.0,0.0,0.0
7,Elijah Higgins,ARI,TE,53.3,26.3,25.0,0.0,0.0,0.0,0.0,27.0,263.0,0.0,0.0,0.0,0.0
8,Tip Reiman,ARI,TE,20.9,7.9,24.0,0.0,0.0,0.0,0.0,13.0,79.0,0.0,0.0,0.0,0.0
9,Marvin Harrison Jr.,ARI,WR,139.5,98.5,24.0,0.0,0.0,0.0,0.0,41.0,685.0,5.0,0.0,0.0,0.0
10,Michael Wilson,ARI,WR,217.6,150.6,26.0,0.0,0.0,0.0,0.0,67.0,846.0,11.0,0.0,0.0,0.0
11,Kendrick Bourne,ARI,WR,93.3,53.3,31.0,0.0,0.0,0.0,0.0,40.0,533.0,0.0,0.0,0.0,0.0
12,Jalen Brooks,ARI,WR,28.9,15.9,26.0,0.0,0.0,0.0,0.0,13.0,159.0,0.0,0.0,0.0,0.0
13,Xavier Weaver,ARI,WR,24.5,11.5,25.0,0.0,0.0,0.0,0.0,13.0,115.0,0.0,0.0,0.0,0.0
14,Michael Penix,ATL,QB,242.66,242.66,26.0,460.0,3654.0,23.0,7.0,0.0,0.0,0.0,26.0,125.0,1.0
15,Tua Tagovailoa,ATL,QB,13.02,13.02,28.0,19.0,148.0,2.0,1.0,0.0,0.0,0.0,6.0,11.0,0.0
16,Bijan Robinson,ATL,RB,350.0,284.0,24.0,0.0,0.0,0.0,0.0,66.0,649.0,4.0,272.0,1411.0,9.0
17,Brian Robinson Jr.,ATL,RB,72.5,59.5,27.0,0.0,0.0,0.0,0.0,13.0,27.0,0.0,80.0,388.0,3.0
18,Nathan Carter,ATL,RB,22.0,22.0,24.0,0.0,0.0,0.0,0.0,0.0,0.0,0.0,32.0,220.0,0.0
19,Kyle Pitts,ATL,TE,161.8,95.8,25.0,0.0,0.0,0.0,0.0,66.0,718.0,4.0,0.0,0.0,0.0
20,Austin Hooper,ATL,TE,47.9,34.9,31.0,0.0,0.0,0.0,0.0,13.0,229.0,2.0,0.0,0.0,0.0
21,Charlie Woerner,ATL,TE,18.3,5.3,28.0,0.0,0.0,0.0,0.0,13.0,53.0,0.0,0.0,0.0,0.0
22,Drake London,ATL,WR,223.7,143.7,25.0,0.0,0.0,0.0,0.0,80.0,1017.0,7.0,0.0,0.0,0.0
23,Zachariah Branch,ATL,WR,112.4,72.4,22.0,0.0,0.0,0.0,0.0,40.0,469.0,4.0,0.0,15.0,0.0
24,Olamide Zaccheaus,ATL,WR,83.1,43.099999999999994,29.0,0.0,0.0,0.0,0.0,40.0,279.0,2.0,0.0,32.0,0.0
25,Jahan Dotson,ATL,WR,49.6,36.6,26.0,0.0,0.0,0.0,0.0,13.0,246.0,2.0,0.0,0.0,0.0
26,Dylan Drummond,ATL,WR,22.3,9.3,26.0,0.0,0.0,0.0,0.0,13.0,93.0,0.0,0.0,0.0,0.0
27,Lamar Jackson,BAL,QB,291.58,291.58,29.0,350.0,3397.0,30.0,9.0,0.0,0.0,0.0,66.0,357.0,3.0
28,Tyler Huntley,BAL,QB,18.56,18.56,28.0,20.0,134.0,1.0,0.0,0.0,0.0,0.0,14.0,92.0,0.0
29,Derrick Henry,BAL,RB,274.2,261.2,32.0,0.0,0.0,0.0,0.0,13.0,150.0,0.0,288.0,1502.0,16.0
30,Adam Randall,BAL,RB,161.0,135.0,22.0,0.0,0.0,0.0,0.0,26.0,170.0,2.0,144.0,640.0,7.0
31,Justice Hill,BAL,RB,121.2,95.2,28.0,0.0,0.0,0.0,0.0,26.0,237.0,2.0,32.0,235.0,6.0
32,Mark Andrews,BAL,TE,128.8,89.8,30.0,0.0,0.0,0.0,0.0,39.0,323.0,6.0,16.0,95.0,2.0
33,Matthew Hibner,BAL,TE,72.0,46.0,24.0,0.0,0.0,0.0,0.0,26.0,280.0,3.0,0.0,0.0,0.0
34,Josh Cuevas,BAL,TE,66.0,40.0,23.0,0.0,0.0,0.0,0.0,26.0,280.0,2.0,0.0,0.0,0.0
35,Zay Flowers,BAL,WR,213.0,148.0,25.0,0.0,0.0,0.0,0.0,65.0,921.0,6.0,16.0,79.0,2.0
36,Ja'Kobi Lane,BAL,WR,110.6,71.6,22.0,0.0,0.0,0.0,0.0,39.0,460.0,4.0,0.0,16.0,0.0
37,Rashod Bateman,BAL,WR,62.8,36.8,26.0,0.0,0.0,0.0,0.0,26.0,248.0,2.0,0.0,0.0,0.0
38,Devontez Walker,BAL,WR,45.3,32.3,25.0,0.0,0.0,0.0,0.0,13.0,203.0,2.0,0.0,0.0,0.0
39,Chris Moore,BAL,WR,46.3,33.3,33.0,0.0,0.0,0.0,0.0,13.0,241.0,1.0,0.0,32.0,0.0
40,Josh Allen,BUF,QB,427.54,427.54,30.0,469.0,4046.0,33.0,11.0,0.0,0.0,0.0,112.0,537.0,17.0
41,Kyle Allen,BUF,QB,0.0,0.0,30.0,0.0,0.0,0.0,0.0,0.0,0.0,0.0,0.0,0.0,0.0
42,James Cook,BUF,RB,304.2,276.2,26.0,0.0,0.0,0.0,0.0,28.0,266.0,2.0,288.0,1536.0,14.0
43,Ty Johnson,BUF,RB,115.3,88.3,28.0,0.0,0.0,0.0,0.0,27.0,238.0,2.0,48.0,225.0,5.0
44,Ray Davis,BUF,RB,66.2,52.2,26.0,0.0,0.0,0.0,0.0,14.0,92.0,1.0,80.0,370.0,0.0
45,Dalton Kincaid,BUF,TE,156.2,114.2,26.0,0.0,0.0,0.0,0.0,42.0,662.0,8.0,0.0,0.0,0.0
46,Dawson Knox,BUF,TE,94.3,66.3,29.0,0.0,0.0,0.0,0.0,28.0,363.0,5.0,0.0,0.0,0.0
47,Jackson Hawes,BUF,TE,54.5,40.5,25.0,0.0,0.0,0.0,0.0,14.0,165.0,4.0,0.0,0.0,0.0
48,D.J. Moore,BUF,WR,161.4,119.4,29.0,0.0,0.0,3.0,0.0,42.0,558.0,4.0,16.0,96.0,3.0
49,Khalil Shakir,BUF,WR,153.8,93.80000000000001,26.0,0.0,0.0,0.0,0.0,60.0,622.0,5.0,0.0,16.0,0.0
50,Keon Coleman,BUF,WR,116.2,74.2,23.0,0.0,0.0,0.0,0.0,42.0,442.0,5.0,0.0,0.0,0.0
51,Josh Palmer,BUF,WR,63.8,35.8,26.0,0.0,0.0,0.0,0.0,28.0,358.0,0.0,0.0,0.0,0.0
52,Tyrell Shavers,BUF,WR,39.8,25.8,27.0,0.0,0.0,0.0,0.0,14.0,258.0,0.0,0.0,0.0,0.0
53,Bryce Young,CAR,QB,315.06000000000006,315.06000000000006,25.0,516.0,3649.0,37.0,12.0,0.0,0.0,0.0,45.0,211.0,4.0
54,Kenny Pickett,CAR,QB,1.48,1.48,28.0,6.0,27.0,0.0,0.0,0.0,0.0,0.0,1.0,4.0,0.0
55,Chuba Hubbard,CAR,RB,132.1,106.1,27.0,0.0,0.0,0.0,0.0,26.0,209.0,3.0,144.0,552.0,2.0
56,Jonathon Brooks,CAR,RB,155.4,129.4,23.0,0.0,0.0,0.0,0.0,26.0,171.0,1.0,144.0,643.0,7.0
57,AJ Dillon,CAR,RB,32.9,19.9,28.0,0.0,0.0,0.0,0.0,13.0,54.0,0.0,32.0,145.0,0.0
58,Darren Waller,CAR,TE,133.2,94.2,33.0,0.0,0.0,0.0,0.0,39.0,447.0,8.0,0.0,15.0,0.0
59,Tommy Tremble,CAR,TE,58.5,32.5,26.0,0.0,0.0,0.0,0.0,26.0,265.0,1.0,0.0,0.0,0.0
60,Ja'Tavion Sanders,CAR,TE,58.8,32.8,23.0,0.0,0.0,0.0,0.0,26.0,208.0,2.0,0.0,0.0,0.0
61,Tetairoa McMillan,CAR,WR,190.4,138.4,23.0,0.0,0.0,0.0,0.0,52.0,784.0,10.0,0.0,0.0,0.0
62,Jalen Coker,CAR,WR,109.9,70.9,24.0,0.0,0.0,0.0,0.0,39.0,469.0,4.0,0.0,0.0,0.0
63,Xavier Legette,CAR,WR,98.9,59.9,25.0,0.0,0.0,0.0,0.0,39.0,359.0,4.0,0.0,0.0,0.0
64,Chris Brazzell II,CAR,WR,104.9,65.9,22.0,0.0,0.0,0.0,0.0,39.0,466.0,3.0,0.0,13.0,0.0
65,Casey Washington,CAR,WR,35.2,22.2,25.0,0.0,0.0,0.0,0.0,13.0,222.0,0.0,0.0,0.0,0.0
66,Caleb Williams,CHI,QB,370.06,370.06,24.0,564.0,4249.0,33.0,8.0,0.0,49.0,2.0,79.0,372.0,5.0
67,Tyson Bagent,CHI,QB,0.0,0.0,26.0,0.0,0.0,0.0,0.0,0.0,0.0,0.0,0.0,0.0,0.0
68,D'Andre Swift,CHI,RB,246.7,217.7,27.0,0.0,0.0,0.0,0.0,29.0,300.0,2.0,224.0,1097.0,11.0
69,Kyle Monangai,CHI,RB,148.6,134.6,24.0,0.0,0.0,0.0,0.0,14.0,166.0,0.0,160.0,760.0,7.0
70,Brittain Brown,CHI,RB,64.9,64.9,28.0,0.0,0.0,0.0,0.0,0.0,0.0,0.0,32.0,289.0,6.0
71,Colston Loveland,CHI,TE,150.8,93.8,22.0,0.0,0.0,0.0,0.0,57.0,638.0,5.0,0.0,0.0,0.0
72,Sam Roush,CHI,TE,77.7,48.7,22.0,0.0,0.0,0.0,0.0,29.0,307.0,3.0,0.0,0.0,0.0
73,Cole Kmet,CHI,TE,84.5,55.5,27.0,0.0,0.0,0.0,0.0,29.0,315.0,4.0,0.0,0.0,0.0
74,Rome Odunze,CHI,WR,178.8,121.8,24.0,0.0,0.0,0.0,0.0,57.0,798.0,7.0,0.0,0.0,0.0
75,Luther Burden,CHI,WR,131.1,88.1,22.0,0.0,0.0,0.0,0.0,43.0,653.0,3.0,2.0,48.0,0.0
76,Zavion Thomas,CHI,WR,119.0,76.0,22.0,0.0,0.0,0.0,0.0,43.0,505.0,4.0,0.0,15.0,0.0
77,Jahdae Walker,CHI,WR,44.5,30.5,24.0,0.0,0.0,0.0,0.0,14.0,185.0,2.0,0.0,0.0,0.0
78,Kalif Raymond,CHI,WR,73.9,44.9,32.0,0.0,0.0,0.0,0.0,29.0,297.0,2.0,0.0,32.0,0.0
79,Joe Burrow,CIN,QB,288.76000000000005,288.76000000000005,29.0,474.0,3724.0,38.0,10.0,0.0,0.0,0.0,26.0,78.0,0.0
80,Joe Flacco,CIN,QB,12.459999999999999,12.459999999999999,41.0,35.0,244.0,1.0,1.0,0.0,0.0,0.0,3.0,7.0,0.0
81,Chase Brown,CIN,RB,257.2,204.2,26.0,0.0,0.0,0.0,0.0,53.0,355.0,6.0,224.0,967.0,6.0
82,Samaje Perine,CIN,RB,100.7,87.7,30.0,0.0,0.0,0.0,0.0,13.0,82.0,0.0,96.0,435.0,6.0
83,Tahj Brooks,CIN,RB,7.9,7.9,24.0,0.0,0.0,0.0,0.0,0.0,14.0,0.0,16.0,65.0,0.0
84,Mike Gesicki,CIN,TE,71.6,44.6,30.0,0.0,0.0,0.0,0.0,27.0,326.0,2.0,0.0,0.0,0.0
85,Tanner Hudson,CIN,TE,48.4,35.4,31.0,0.0,0.0,0.0,0.0,13.0,174.0,3.0,0.0,0.0,0.0
86,Drew Sample,CIN,TE,29.0,16.0,30.0,0.0,0.0,0.0,0.0,13.0,100.0,1.0,0.0,0.0,0.0
87,Ja'Marr Chase,CIN,WR,279.9,172.89999999999998,26.0,0.0,0.0,0.0,0.0,107.0,1173.0,9.0,0.0,16.0,0.0
88,Tee Higgins,CIN,WR,195.1,142.1,27.0,0.0,0.0,0.0,0.0,53.0,761.0,11.0,0.0,0.0,0.0
89,Andrei Iosivas,CIN,WR,90.2,63.2,26.0,0.0,0.0,0.0,0.0,27.0,376.0,4.0,0.0,16.0,0.0
90,Mitchell Tinsley,CIN,WR,37.0,24.0,26.0,0.0,0.0,0.0,0.0,13.0,120.0,2.0,0.0,0.0,0.0
91,Colbie Young,CIN,WR,100.6,60.6,24.0,0.0,0.0,0.0,0.0,40.0,471.0,2.0,0.0,15.0,0.0
92,Deshaun Watson,CLE,QB,230.06,230.06,30.0,380.0,3129.0,22.0,9.0,0.0,0.0,0.0,40.0,169.0,3.0
93,Shedeur Sanders,CLE,QB,25.740000000000002,25.740000000000002,24.0,25.0,196.0,2.0,1.0,0.0,0.0,0.0,8.0,59.0,1.0
94,Quinshon Judkins,CLE,RB,221.0,197.0,22.0,0.0,0.0,0.0,0.0,24.0,281.0,0.0,260.0,969.0,12.0
95,Dylan Sampson,CLE,RB,117.2,83.2,21.0,0.0,0.0,0.0,0.0,34.0,279.0,4.0,80.0,313.0,0.0
96,Raheim Sanders,CLE,RB,127.60000000000001,115.60000000000001,24.0,0.0,0.0,0.0,0.0,12.0,62.0,0.0,112.0,374.0,12.0
97,Harold Fannin,CLE,TE,155.5,103.5,22.0,0.0,0.0,0.0,0.0,52.0,539.0,6.0,16.0,16.0,2.0
98,Jack Stoll,CLE,TE,22.8,10.8,28.0,0.0,0.0,0.0,0.0,12.0,48.0,1.0,0.0,0.0,0.0
99,Joe Royer,CLE,TE,62.0,38.0,24.0,0.0,0.0,0.0,0.0,24.0,260.0,2.0,0.0,0.0,0.0
100,KC Concepcion,CLE,WR,103.80000000000001,67.80000000000001,21.0,0.0,0.0,0.0,0.0,36.0,426.0,4.0,0.0,12.0,0.0
101,Denzel Boston,CLE,WR,104.0,68.0,22.0,0.0,0.0,0.0,0.0,36.0,424.0,4.0,0.0,16.0,0.0
102,Jerry Jeudy,CLE,WR,93.5,57.5,27.0,0.0,0.0,0.0,0.0,36.0,439.0,2.0,0.0,16.0,0.0
103,Cedric Tillman,CLE,WR,64.8,40.8,26.0,0.0,0.0,0.0,0.0,24.0,288.0,2.0,0.0,0.0,0.0
104,Isaiah Bond,CLE,WR,43.0,31.0,22.0,0.0,0.0,0.0,0.0,12.0,276.0,0.0,0.0,34.0,0.0
105,Dak Prescott,DAL,QB,377.78000000000003,377.78000000000003,33.0,586.0,4662.0,40.0,11.0,0.0,0.0,0.0,48.0,173.0,6.0
106,Joe Milton,DAL,QB,0.0,0.0,26.0,0.0,0.0,0.0,0.0,0.0,0.0,0.0,0.0,0.0,0.0
107,Javonte Williams,DAL,RB,273.20000000000005,243.20000000000002,26.0,0.0,0.0,0.0,0.0,30.0,139.0,5.0,256.0,1213.0,13.0
108,Jaydon Blue,DAL,RB,64.0,64.0,22.0,0.0,0.0,0.0,0.0,0.0,30.0,0.0,128.0,430.0,3.0
109,Malik Davis,DAL,RB,92.30000000000001,92.30000000000001,27.0,0.0,0.0,0.0,0.0,0.0,44.0,0.0,96.0,519.0,6.0
110,Jake Ferguson,DAL,TE,193.0,119.0,27.0,0.0,0.0,0.0,0.0,74.0,530.0,11.0,0.0,0.0,0.0
111,Brevyn Spann-Ford,DAL,TE,37.3,22.3,26.0,0.0,0.0,0.0,0.0,15.0,103.0,2.0,0.0,0.0,0.0
112,Luke Schoonmaker,DAL,TE,28.2,13.2,27.0,0.0,0.0,0.0,0.0,15.0,132.0,0.0,0.0,0.0,0.0
113,George Pickens,DAL,WR,254.9,177.9,25.0,0.0,0.0,0.0,0.0,77.0,1239.0,9.0,0.0,0.0,0.0
114,CeeDee Lamb,DAL,WR,211.1,137.1,27.0,0.0,0.0,0.0,0.0,74.0,1131.0,4.0,0.0,0.0,0.0
115,Ryan Flournoy,DAL,WR,133.7,89.69999999999999,26.0,0.0,0.0,0.0,0.0,44.0,489.0,6.0,0.0,48.0,0.0
116,KaVontae Turpin,DAL,WR,115.30000000000001,85.30000000000001,30.0,0.0,0.0,0.0,0.0,30.0,517.0,4.0,16.0,96.0,0.0
117,Tyler Johnson,DAL,WR,56.3,41.3,27.0,0.0,0.0,0.0,0.0,15.0,293.0,2.0,0.0,0.0,0.0
118,Bo Nix,DEN,QB,366.32000000000005,366.32000000000005,26.0,611.0,4168.0,37.0,13.0,0.0,0.0,0.0,80.0,356.0,7.0
119,Jarrett Stidham,DEN,QB,0.0,0.0,30.0,0.0,0.0,0.0,0.0,0.0,0.0,0.0,0.0,0.0,0.0
120,J.K. Dobbins,DEN,RB,192.4,178.4,27.0,0.0,0.0,0.0,0.0,14.0,58.0,0.0,240.0,1246.0,8.0
121,RJ Harvey,DEN,RB,224.8,181.8,25.0,0.0,0.0,0.0,0.0,43.0,314.0,7.0,144.0,544.0,9.0
122,Jonah Coleman,DEN,RB,165.89999999999998,136.89999999999998,23.0,0.0,0.0,0.0,0.0,29.0,188.0,2.0,144.0,641.0,7.0
123,Evan Engram,DEN,TE,92.4,49.4,31.0,0.0,0.0,0.0,0.0,43.0,418.0,1.0,0.0,16.0,0.0
124,Adam Trautman,DEN,TE,44.4,30.4,29.0,0.0,0.0,0.0,0.0,14.0,184.0,2.0,0.0,0.0,0.0
125,Nate Adkins,DEN,TE,36.1,22.1,27.0,0.0,0.0,0.0,0.0,14.0,101.0,2.0,0.0,0.0,0.0
126,Jaylen Waddle,DEN,WR,175.44,117.44,27.0,0.0,21.0,0.0,0.0,58.0,818.0,5.0,0.0,48.0,0.0
127,Courtland Sutton,DEN,WR,191.5,133.5,30.0,0.0,0.0,0.0,0.0,58.0,855.0,8.0,0.0,0.0,0.0
128,Troy Franklin,DEN,WR,149.8,91.80000000000001,23.0,0.0,0.0,0.0,0.0,58.0,602.0,5.0,0.0,16.0,0.0
129,Michael Bandy,DEN,WR,58.1,44.1,28.0,0.0,0.0,0.0,0.0,14.0,201.0,4.0,0.0,0.0,0.0
130,Pat Bryant,DEN,WR,83.2,54.2,23.0,0.0,0.0,0.0,0.0,29.0,422.0,2.0,0.0,0.0,0.0
131,Jared Goff,DET,QB,336.81999999999994,336.81999999999994,31.0,576.0,4798.0,39.0,10.0,0.0,0.0,0.0,16.0,89.0,0.0
132,Joshua Dobbs,DET,QB,0.0,0.0,31.0,0.0,0.0,0.0,0.0,0.0,0.0,0.0,0.0,0.0,0.0
133,Jahmyr Gibbs,DET,RB,383.2,311.2,24.0,0.0,0.0,0.0,0.0,72.0,595.0,7.0,224.0,1197.0,15.0
134,Isiah Pacheco,DET,RB,123.8,94.8,27.0,0.0,0.0,0.0,0.0,29.0,135.0,2.0,144.0,573.0,2.0
135,Trayveon Williams,DET,RB,40.5,26.5,28.0,0.0,0.0,0.0,0.0,14.0,156.0,0.0,16.0,109.0,0.0
136,Sam LaPorta,DET,TE,165.9,107.9,25.0,0.0,0.0,0.0,0.0,58.0,779.0,5.0,0.0,0.0,0.0
137,Brock Wright,DET,TE,42.0,28.0,27.0,0.0,0.0,0.0,0.0,14.0,160.0,2.0,0.0,0.0,0.0
138,Tyler Conklin,DET,TE,28.5,14.5,31.0,0.0,0.0,0.0,0.0,14.0,145.0,0.0,0.0,0.0,0.0
139,Amon-Ra St. Brown,DET,WR,275.4,174.39999999999998,26.0,0.0,0.0,0.0,0.0,101.0,1188.0,9.0,0.0,16.0,0.0
140,Jameson Williams,DET,WR,200.7,142.7,25.0,0.0,0.0,0.0,0.0,58.0,991.0,7.0,0.0,16.0,0.0
141,Greg Dortch,DET,WR,103.3,60.3,28.0,0.0,0.0,0.0,0.0,43.0,271.0,3.0,16.0,32.0,2.0
142,Isaac TeSlaa,DET,WR,63.1,49.1,24.0,0.0,0.0,0.0,0.0,14.0,251.0,4.0,0.0,0.0,0.0
143,Tay Martin,DET,WR,25.5,11.5,28.0,0.0,0.0,0.0,0.0,14.0,115.0,0.0,0.0,0.0,0.0
144,Jordan Love,GNB,QB,266.14,266.14,27.0,436.0,3611.0,29.0,7.0,0.0,0.0,0.0,42.0,197.0,0.0
145,Tyrod Taylor,GNB,QB,10.2,10.2,37.0,16.0,95.0,1.0,1.0,0.0,0.0,0.0,9.0,44.0,0.0
146,Josh Jacobs,GNB,RB,260.0,224.0,28.0,0.0,0.0,0.0,0.0,36.0,285.0,2.0,256.0,995.0,14.0
147,Chris Brooks,GNB,RB,39.599999999999994,25.599999999999998,26.0,0.0,0.0,0.0,0.0,14.0,87.0,0.0,48.0,169.0,0.0
148,Damien Martinez,GNB,RB,166.3,137.3,22.0,0.0,0.0,0.0,0.0,29.0,188.0,2.0,144.0,645.0,7.0
149,Tucker Kraft,GNB,TE,205.89999999999998,148.89999999999998,25.0,0.0,0.0,0.0,0.0,57.0,871.0,10.0,0.0,18.0,0.0
150,Josh Whyle,GNB,TE,33.1,19.1,26.0,0.0,0.0,0.0,0.0,14.0,71.0,2.0,0.0,0.0,0.0
151,Luke Musgrave,GNB,TE,51.8,22.8,25.0,0.0,0.0,0.0,0.0,29.0,228.0,0.0,0.0,0.0,0.0
152,Christian Watson,GNB,WR,192.7,142.7,27.0,0.0,0.0,0.0,0.0,50.0,871.0,9.0,0.0,16.0,0.0
153,Jayden Reed,GNB,WR,108.4,65.4,26.0,0.0,0.0,0.0,0.0,43.0,437.0,2.0,16.0,97.0,0.0
154,Matthew Golden,GNB,WR,77.2,48.2,23.0,0.0,0.0,0.0,0.0,29.0,401.0,0.0,16.0,81.0,0.0
155,Savion Williams,GNB,WR,46.5,32.5,24.0,0.0,0.0,0.0,0.0,14.0,140.0,2.0,16.0,65.0,0.0
156,Skyy Moore,GNB,WR,11.6,11.6,25.0,0.0,0.0,0.0,0.0,0.0,100.0,0.0,0.0,16.0,0.0
157,C.J. Stroud,HOU,QB,297.76000000000005,297.76000000000005,24.0,464.0,3874.0,27.0,9.0,0.0,0.0,0.0,40.0,288.0,4.0
158,Davis Mills,HOU,QB,26.62,26.62,27.0,36.0,238.0,2.0,0.0,0.0,0.0,0.0,6.0,31.0,1.0
159,Woody Marks,HOU,RB,147.0,122.0,25.0,0.0,0.0,0.0,0.0,25.0,205.0,2.0,192.0,715.0,3.0
160,David Montgomery,HOU,RB,156.6,143.6,29.0,0.0,0.0,3.0,0.0,13.0,152.0,0.0,144.0,684.0,8.0
161,Jawhar Jordan,HOU,RB,118.0,93.0,27.0,0.0,0.0,0.0,0.0,25.0,147.0,0.0,176.0,783.0,0.0
162,Dalton Schultz,HOU,TE,133.9,69.9,30.0,0.0,0.0,0.0,0.0,64.0,579.0,2.0,0.0,0.0,0.0
163,Marlin Klein,HOU,TE,70.4,45.4,23.0,0.0,0.0,0.0,0.0,25.0,274.0,3.0,0.0,0.0,0.0
164,Cade Stover,HOU,TE,39.4,14.4,26.0,0.0,0.0,0.0,0.0,25.0,126.0,0.0,16.0,18.0,0.0
165,Nico Collins,HOU,WR,221.8,157.8,27.0,0.0,0.0,0.0,0.0,64.0,946.0,8.0,0.0,32.0,2.0
166,Kayshon Boutte,HOU,WR,118.6,93.6,24.0,0.0,0.0,0.0,0.0,25.0,516.0,7.0,0.0,0.0,0.0
167,Jayden Higgins,HOU,WR,103.6,78.6,23.0,0.0,0.0,0.0,0.0,25.0,426.0,6.0,0.0,0.0,0.0
168,Xavier Hutchinson,HOU,WR,73.5,48.5,26.0,0.0,0.0,0.0,0.0,25.0,333.0,2.0,0.0,32.0,0.0
169,Sterling Shepard,HOU,WR,84.1,46.1,33.0,0.0,0.0,0.0,0.0,38.0,369.0,1.0,0.0,32.0,0.0
170,Daniel Jones,IND,QB,263.22,263.22,29.0,421.0,3653.0,24.0,13.0,0.0,0.0,0.0,52.0,171.0,5.0
171,Riley Leonard,IND,QB,7.500000000000001,7.500000000000001,23.0,28.0,195.0,1.0,6.0,0.0,0.0,0.0,3.0,17.0,1.0
172,Jonathan Taylor,IND,RB,374.7,332.7,27.0,0.0,0.0,0.0,0.0,42.0,324.0,4.0,304.0,1503.0,21.0
173,Seth McGowan,IND,RB,164.3,136.3,24.0,0.0,0.0,0.0,0.0,28.0,181.0,2.0,144.0,642.0,7.0
174,DJ Giddens,IND,RB,23.9,23.9,22.0,0.0,0.0,0.0,0.0,0.0,0.0,0.0,64.0,239.0,0.0
175,Tyler Warren,IND,TE,167.8,110.8,24.0,0.0,0.0,0.0,0.0,57.0,670.0,5.0,14.0,18.0,2.0
176,Mo Alie-Cox,IND,TE,32.7,18.7,32.0,0.0,0.0,0.0,0.0,14.0,127.0,1.0,0.0,0.0,0.0
177,Will Mallory,IND,TE,29.2,15.2,27.0,0.0,0.0,0.0,0.0,14.0,152.0,0.0,0.0,0.0,0.0
178,Alec Pierce,IND,WR,172.5,130.5,26.0,0.0,0.0,0.0,0.0,42.0,945.0,6.0,0.0,0.0,0.0
179,Keenan Allen,IND,WR,151.4,81.4,34.0,0.0,0.0,0.0,0.0,70.0,634.0,3.0,0.0,0.0,0.0
180,Josh Downs,IND,WR,129.9,73.9,25.0,0.0,0.0,0.0,0.0,56.0,499.0,4.0,0.0,0.0,0.0
181,Ashton Dulin,IND,WR,40.0,26.0,29.0,0.0,0.0,0.0,0.0,14.0,178.0,0.0,0.0,82.0,0.0
182,Nick Westbrook-Ikhine,IND,WR,24.9,10.9,29.0,0.0,0.0,0.0,0.0,14.0,109.0,0.0,0.0,0.0,0.0
183,Trevor Lawrence,JAX,QB,341.68,341.68,26.0,556.0,4187.0,30.0,14.0,0.0,0.0,0.0,80.0,342.0,8.0
184,Nick Mullens,JAX,QB,0.0,0.0,31.0,0.0,0.0,0.0,0.0,0.0,0.0,0.0,0.0,0.0,0.0
185,Chris Rodriguez,JAX,RB,134.4,134.4,26.0,0.0,0.0,0.0,0.0,0.0,55.0,0.0,144.0,629.0,11.0
186,Bhayshul Tuten,JAX,RB,117.80000000000001,102.80000000000001,23.0,0.0,0.0,0.0,0.0,15.0,89.0,3.0,96.0,339.0,7.0
187,Ameer Abdullah,JAX,RB,48.9,33.9,33.0,0.0,0.0,0.0,0.0,15.0,129.0,0.0,16.0,90.0,2.0
188,Brenton Strange,JAX,TE,153.2,95.2,25.0,0.0,0.0,0.0,0.0,58.0,652.0,5.0,0.0,0.0,0.0
189,Nate Boerkircher,JAX,TE,84.6,55.6,24.0,0.0,0.0,0.0,0.0,29.0,316.0,4.0,0.0,0.0,0.0
190,Hunter Long,JAX,TE,59.6,44.6,28.0,0.0,0.0,0.0,0.0,15.0,146.0,5.0,0.0,0.0,0.0
191,Parker Washington,JAX,WR,180.89999999999998,122.89999999999999,24.0,0.0,0.0,0.0,0.0,58.0,793.0,7.0,16.0,16.0,0.0
192,Brian Thomas,JAX,WR,151.0,107.0,23.0,0.0,0.0,0.0,0.0,44.0,738.0,3.0,0.0,32.0,2.0
193,Travis Hunter,JAX,WR,139.8,81.8,23.0,0.0,0.0,0.0,0.0,58.0,638.0,3.0,0.0,0.0,0.0
194,Jakobi Meyers,JAX,WR,107.5,63.5,29.0,0.0,0.0,0.0,0.0,44.0,436.0,3.0,16.0,19.0,0.0
195,Austin Trammell,JAX,WR,31.0,16.0,28.0,0.0,0.0,0.0,0.0,15.0,160.0,0.0,0.0,0.0,0.0
196,Patrick Mahomes,KAN,QB,324.88,324.88,30.0,513.0,3942.0,28.0,13.0,0.0,0.0,0.0,66.0,392.0,7.0
197,Justin Fields,KAN,QB,28.42,28.42,27.0,25.0,163.0,1.0,0.0,0.0,0.0,0.0,23.0,119.0,1.0
198,Kenneth Walker III,KAN,RB,187.6,159.6,25.0,0.0,0.0,0.0,0.0,28.0,257.0,0.0,208.0,979.0,6.0
199,Emmett Johnson,KAN,RB,164.5,136.5,22.0,0.0,0.0,0.0,0.0,28.0,183.0,2.0,144.0,642.0,7.0
200,Emari Demercado,KAN,RB,93.1,79.1,27.0,0.0,0.0,0.0,0.0,14.0,142.0,2.0,64.0,529.0,0.0
201,Travis Kelce,KAN,TE,164.9,106.9,36.0,0.0,0.0,0.0,0.0,58.0,709.0,6.0,0.0,0.0,0.0
202,Noah Gray,KAN,TE,32.1,18.1,27.0,0.0,0.0,0.0,0.0,14.0,181.0,0.0,0.0,0.0,0.0
203,Jared Wiley,KAN,TE,1.4,1.4,25.0,0.0,0.0,0.0,0.0,0.0,14.0,0.0,0.0,0.0,0.0
204,Rashee Rice,KAN,WR,274.2,176.2,26.0,0.0,0.0,0.0,0.0,98.0,994.0,9.0,16.0,48.0,3.0
205,Xavier Worthy,KAN,WR,124.8,82.8,23.0,0.0,0.0,0.0,0.0,42.0,535.0,3.0,16.0,113.0,0.0
206,Cyrus Allen,KAN,WR,117.1,75.1,23.0,0.0,0.0,0.0,0.0,42.0,498.0,4.0,0.0,13.0,0.0
207,Tyquan Thornton,KAN,WR,105.3,77.3,26.0,0.0,0.0,0.0,0.0,28.0,533.0,4.0,0.0,0.0,0.0
208,Nikko Remigio,KAN,WR,8.8,8.8,26.0,0.0,0.0,0.0,0.0,0.0,56.0,0.0,0.0,32.0,0.0
209,Justin Herbert,LAC,QB,333.66,333.66,28.0,497.0,3739.0,35.0,13.0,0.0,0.0,0.0,75.0,521.0,3.0
210,Trey Lance,LAC,QB,4.24,4.24,26.0,10.0,46.0,0.0,0.0,0.0,0.0,0.0,4.0,24.0,0.0
211,Omarion Hampton,LAC,RB,277.20000000000005,217.20000000000002,23.0,0.0,0.0,0.0,0.0,60.0,339.0,5.0,224.0,993.0,9.0
212,Kimani Vidal,LAC,RB,154.8,139.8,24.0,0.0,0.0,0.0,0.0,15.0,269.0,2.0,192.0,829.0,3.0
213,Keaton Mitchell,LAC,RB,110.60000000000001,95.60000000000001,24.0,0.0,0.0,0.0,0.0,15.0,92.0,0.0,80.0,444.0,7.0
214,David Njoku,LAC,TE,124.5,79.5,30.0,0.0,0.0,0.0,0.0,45.0,375.0,7.0,0.0,0.0,0.0
215,Charlie Kolar,LAC,TE,42.0,27.0,27.0,0.0,0.0,0.0,0.0,15.0,150.0,2.0,0.0,0.0,0.0
216,Evan Svoboda,LAC,TE,74.7,44.7,23.0,0.0,0.0,0.0,0.0,30.0,327.0,2.0,0.0,0.0,0.0
217,Quentin Johnston,LAC,WR,189.8,129.8,24.0,0.0,0.0,0.0,0.0,60.0,802.0,8.0,0.0,16.0,0.0
218,Ladd McConkey,LAC,WR,165.1,105.1,24.0,0.0,0.0,0.0,0.0,60.0,751.0,5.0,0.0,0.0,0.0
219,KeAndre Lambert-Smith,LAC,WR,37.6,22.6,24.0,0.0,0.0,0.0,0.0,15.0,106.0,2.0,0.0,0.0,0.0
220,Brenen Thompson,LAC,WR,117.80000000000001,72.80000000000001,23.0,0.0,0.0,0.0,0.0,45.0,537.0,3.0,0.0,11.0,0.0
221,Derius Davis,LAC,WR,4.2,4.2,25.0,0.0,0.0,0.0,0.0,0.0,26.0,0.0,0.0,16.0,0.0
222,Matthew Stafford,LAR,QB,348.1,348.1,38.0,573.0,4615.0,46.0,11.0,0.0,0.0,0.0,32.0,15.0,0.0
223,Ty Simpson,LAR,QB,0.0,0.0,23.0,0.0,0.0,0.0,0.0,0.0,0.0,0.0,0.0,0.0,0.0
224,Kyren Williams,LAR,RB,268.1,237.10000000000002,25.0,0.0,0.0,0.0,0.0,31.0,278.0,3.0,240.0,1193.0,12.0
225,Blake Corum,LAR,RB,134.39999999999998,119.39999999999999,25.0,0.0,0.0,0.0,0.0,15.0,46.0,0.0,139.0,728.0,7.0
226,Ronnie Rivers,LAR,RB,13.3,13.3,27.0,0.0,0.0,0.0,0.0,0.0,0.0,0.0,32.0,133.0,0.0
227,Terrance Ferguson,LAR,TE,70.1,55.1,23.0,0.0,0.0,0.0,0.0,15.0,311.0,4.0,0.0,0.0,0.0
228,Colby Parkinson,LAR,TE,129.7,83.7,27.0,0.0,0.0,0.0,0.0,46.0,417.0,7.0,0.0,0.0,0.0
229,Tyler Higbee,LAR,TE,115.0,69.0,33.0,0.0,0.0,0.0,0.0,46.0,450.0,4.0,0.0,0.0,0.0
230,Puka Nacua,LAR,WR,373.0,251.0,25.0,0.0,0.0,0.0,0.0,122.0,1637.0,10.0,16.0,153.0,2.0
231,Davante Adams,LAR,WR,230.1,169.1,33.0,0.0,0.0,0.0,0.0,61.0,851.0,14.0,0.0,0.0,0.0
232,Xavier Smith,LAR,WR,48.8,33.8,28.0,0.0,0.0,0.0,0.0,15.0,338.0,0.0,0.0,0.0,0.0
233,Jordan Whittington,LAR,WR,34.900000000000006,19.900000000000002,25.0,0.0,0.0,0.0,0.0,15.0,183.0,0.0,0.0,16.0,0.0
234,Konata Mumpfield,LAR,WR,37.9,22.9,23.0,0.0,0.0,0.0,0.0,15.0,109.0,2.0,0.0,0.0,0.0
235,Fernando Mendoza,LVR,QB,234.66000000000003,234.66000000000003,22.0,371.0,3034.0,24.0,9.0,0.0,0.0,0.0,40.0,173.0,3.0
236,Kirk Cousins,LVR,QB,14.7,14.7,38.0,28.0,210.0,2.0,1.0,0.0,0.0,0.0,6.0,3.0,0.0
237,Ashton Jeanty,LVR,RB,257.3,220.3,22.0,0.0,0.0,0.0,0.0,37.0,428.0,8.0,256.0,935.0,6.0
238,Mike Washington Jr.,LVR,RB,151.7,127.7,23.0,0.0,0.0,0.0,0.0,24.0,157.0,1.0,144.0,640.0,7.0
239,Dare Ogunbowale,LVR,RB,42.0,30.0,32.0,0.0,0.0,0.0,0.0,12.0,72.0,0.0,16.0,48.0,3.0
240,Brock Bowers,LVR,TE,179.7,118.7,23.0,0.0,0.0,0.0,0.0,61.0,707.0,8.0,0.0,0.0,0.0
241,Michael Mayer,LVR,TE,76.2,39.2,25.0,0.0,0.0,0.0,0.0,37.0,332.0,1.0,0.0,0.0,0.0
242,Ian Thomas,LVR,TE,24.2,12.2,30.0,0.0,0.0,0.0,0.0,12.0,122.0,0.0,0.0,0.0,0.0
243,Tre Tucker,LVR,WR,117.19999999999999,80.19999999999999,25.0,0.0,0.0,0.0,0.0,37.0,498.0,4.0,16.0,64.0,0.0
244,Jalen Nailor,LVR,WR,85.1,61.1,27.0,0.0,0.0,0.0,0.0,24.0,351.0,4.0,0.0,20.0,0.0
245,Noah Brown,LVR,WR,37.4,25.4,30.0,0.0,0.0,0.0,0.0,12.0,254.0,0.0,0.0,0.0,0.0
246,Jack Bech,LVR,WR,46.0,22.0,23.0,0.0,0.0,0.0,0.0,24.0,220.0,0.0,0.0,0.0,0.0
247,Deven Thompkins,LVR,WR,20.9,8.9,26.0,0.0,0.0,0.0,0.0,12.0,73.0,0.0,0.0,16.0,0.0
248,Malik Willis,MIA,QB,313.34,313.34,27.0,175.0,2661.0,27.0,0.0,0.0,0.0,0.0,79.0,509.0,8.0
249,Quinn Ewers,MIA,QB,13.32,13.32,23.0,25.0,233.0,1.0,1.0,0.0,0.0,0.0,6.0,20.0,0.0
250,De'Von Achane,MIA,RB,308.8,262.8,24.0,0.0,0.0,0.0,0.0,46.0,357.0,4.0,240.0,1371.0,11.0
251,Jaylen Wright,MIA,RB,104.5,92.5,23.0,0.0,0.0,0.0,0.0,12.0,70.0,0.0,128.0,555.0,5.0
252,Ollie Gordon,MIA,RB,63.3,56.3,22.0,0.0,0.0,0.0,0.0,7.0,35.0,2.0,64.0,228.0,3.0
253,Greg Dulcich,MIA,TE,84.4,50.4,26.0,0.0,0.0,0.0,0.0,34.0,384.0,2.0,0.0,0.0,0.0
254,Will Kacmarek,MIA,TE,65.7,42.7,23.0,0.0,0.0,0.0,0.0,23.0,247.0,3.0,0.0,0.0,0.0
255,Seydou Traore,MIA,TE,59.8,36.8,24.0,0.0,0.0,0.0,0.0,23.0,248.0,2.0,0.0,0.0,0.0
256,Malik Washington,MIA,WR,111.2,77.2,25.0,0.0,0.0,0.0,0.0,34.0,229.0,4.0,16.0,123.0,3.0
257,Caleb Douglas,MIA,WR,100.1,66.1,22.0,0.0,0.0,0.0,0.0,34.0,406.0,4.0,0.0,15.0,0.0
258,Chris Bell,MIA,WR,100.1,66.1,22.0,0.0,0.0,0.0,0.0,34.0,409.0,4.0,0.0,12.0,0.0
259,Jalen Tolbert,MIA,WR,56.0,33.0,27.0,0.0,0.0,0.0,0.0,23.0,210.0,2.0,0.0,0.0,0.0
260,Tutu Atwell,MIA,WR,52.3,40.3,26.0,0.0,0.0,0.0,0.0,12.0,283.0,2.0,0.0,0.0,0.0
261,Kyler Murray,MIN,QB,268.54,268.54,29.0,463.0,3026.0,23.0,10.0,0.0,0.0,0.0,79.0,455.0,5.0
262,J.J. McCarthy,MIN,QB,29.36,29.36,23.0,19.0,144.0,2.0,1.0,0.0,0.0,0.0,11.0,56.0,2.0
263,Aaron Jones,MIN,RB,166.1,138.1,31.0,0.0,0.0,0.0,0.0,28.0,231.0,2.0,176.0,730.0,5.0
264,Jordan Mason,MIN,RB,131.9,117.9,27.0,0.0,0.0,0.0,0.0,14.0,55.0,0.0,160.0,764.0,6.0
265,Demond Claiborne,MIN,RB,158.3,130.3,22.0,0.0,0.0,0.0,0.0,28.0,180.0,1.0,144.0,643.0,7.0
266,T.J. Hockenson,MIN,TE,104.9,63.9,29.0,0.0,0.0,0.0,0.0,41.0,399.0,4.0,0.0,0.0,0.0
267,Josh Oliver,MIN,TE,53.2,39.2,29.0,0.0,0.0,0.0,0.0,14.0,152.0,4.0,0.0,0.0,0.0
268,Ben Yurosek,MIN,TE,2.7,2.7,24.0,0.0,0.0,0.0,0.0,0.0,27.0,0.0,0.0,0.0,0.0
269,Justin Jefferson,MIN,WR,167.3,98.3,27.0,0.0,0.0,0.0,0.0,69.0,847.0,2.0,0.0,16.0,0.0
270,Jauan Jennings,MIN,WR,161.8,106.8,29.0,0.0,0.0,0.0,0.0,55.0,588.0,8.0,0.0,0.0,0.0
271,Jordan Addison,MIN,WR,158.5,117.5,24.0,0.0,0.0,0.0,0.0,41.0,646.0,4.0,0.0,169.0,2.0
272,Tai Felton,MIN,WR,2.7,2.7,23.0,0.0,0.0,0.0,0.0,0.0,27.0,0.0,0.0,0.0,0.0
273,Jeshaun Jones,MIN,WR,0.0,0.0,26.0,0.0,0.0,0.0,0.0,0.0,0.0,0.0,0.0,0.0,0.0
274,Drake Maye,NWE,QB,424.2,424.2,23.0,489.0,4620.0,41.0,8.0,0.0,0.0,0.0,96.0,434.0,8.0
275,Behren Morton,NWE,QB,0.0,0.0,24.0,0.0,0.0,0.0,0.0,0.0,0.0,0.0,0.0,0.0,0.0
276,TreVeyon Henderson,NWE,RB,214.9,185.9,23.0,0.0,0.0,0.0,0.0,29.0,208.0,2.0,176.0,871.0,11.0
277,Rhamondre Stevenson,NWE,RB,220.79999999999998,191.79999999999998,28.0,0.0,0.0,0.0,0.0,29.0,366.0,2.0,144.0,772.0,11.0
278,Jam Miller,NWE,RB,166.0,137.0,22.0,0.0,0.0,0.0,0.0,29.0,190.0,2.0,144.0,640.0,7.0
279,Hunter Henry,NWE,TE,178.3,120.3,31.0,0.0,0.0,0.0,0.0,58.0,663.0,9.0,0.0,0.0,0.0
280,Eli Raridon,NWE,TE,78.2,49.2,22.0,0.0,0.0,0.0,0.0,29.0,312.0,3.0,0.0,0.0,0.0
281,Julian Hill,NWE,TE,32.4,17.4,26.0,0.0,0.0,0.0,0.0,15.0,174.0,0.0,0.0,0.0,0.0
282,A.J. Brown,NWE,WR,223.9,150.9,29.0,0.0,0.0,0.0,0.0,73.0,969.0,9.0,0.0,0.0,0.0
283,Romeo Doubs,NWE,WR,141.3,96.3,26.0,0.0,0.0,0.0,0.0,45.0,663.0,5.0,0.0,0.0,0.0
284,Mack Hollins,NWE,WR,142.9,98.9,32.0,0.0,0.0,0.0,0.0,44.0,553.0,7.0,0.0,16.0,0.0
285,Kyle Williams,NWE,WR,58.8,43.8,23.0,0.0,0.0,0.0,0.0,15.0,258.0,3.0,0.0,0.0,0.0
286,DeMario Douglas,NWE,WR,36.8,21.8,25.0,0.0,0.0,0.0,0.0,15.0,218.0,0.0,0.0,0.0,0.0
287,Tyler Shough,NOR,QB,323.68,323.68,26.0,467.0,3942.0,32.0,8.0,0.0,0.0,0.0,53.0,240.0,5.0
288,Spencer Rattler,NOR,QB,24.06,24.06,25.0,30.0,219.0,3.0,1.0,0.0,0.0,0.0,8.0,53.0,0.0
289,Travis Etienne,NOR,RB,230.70000000000002,205.70000000000002,27.0,0.0,0.0,0.0,0.0,25.0,229.0,5.0,240.0,1048.0,8.0
290,Alvin Kamara,NOR,RB,147.1,109.1,31.0,0.0,0.0,0.0,0.0,38.0,225.0,0.0,192.0,686.0,3.0
291,Devin Neal,NOR,RB,109.2,84.2,23.0,0.0,0.0,0.0,0.0,25.0,153.0,0.0,112.0,389.0,5.0
292,Juwan Johnson,NOR,TE,145.5,83.5,29.0,0.0,0.0,0.0,0.0,62.0,655.0,3.0,0.0,0.0,0.0
293,Oscar Delp,NOR,TE,70.2,45.2,23.0,0.0,0.0,0.0,0.0,25.0,272.0,3.0,0.0,0.0,0.0
294,Noah Fant,NOR,TE,68.5,43.5,28.0,0.0,0.0,0.0,0.0,25.0,255.0,3.0,0.0,0.0,0.0
295,Chris Olave,NOR,WR,203.1,127.1,26.0,0.0,0.0,0.0,3.0,76.0,911.0,7.0,0.0,0.0,0.0
296,Jordyn Tyson,NOR,WR,102.0,64.0,22.0,0.0,0.0,0.0,0.0,38.0,447.0,3.0,0.0,13.0,0.0
297,Ronnie Bell,NOR,WR,62.0,49.0,26.0,0.0,0.0,0.0,0.0,13.0,190.0,5.0,0.0,0.0,0.0
298,Devaughn Vele,NOR,WR,83.3,58.3,28.0,0.0,0.0,0.0,0.0,25.0,343.0,4.0,0.0,0.0,0.0
299,Bryce Lance,NOR,WR,96.4,58.4,24.0,0.0,0.0,0.0,0.0,38.0,450.0,2.0,0.0,14.0,0.0
300,Jaxson Dart,NYG,QB,333.38,333.38,23.0,413.0,3477.0,27.0,7.0,0.0,0.0,0.0,79.0,463.0,9.0
301,Jameis Winston,NYG,QB,41.31999999999999,41.31999999999999,32.0,41.0,443.0,2.0,1.0,0.0,33.0,1.0,8.0,23.0,1.0
302,Cam Skattebo,NYG,RB,264.4,229.39999999999998,24.0,0.0,0.0,0.0,0.0,35.0,307.0,7.0,208.0,847.0,12.0
303,Tyrone Tracy Jr.,NYG,RB,170.4,135.4,26.0,0.0,0.0,0.0,0.0,35.0,256.0,2.0,192.0,798.0,3.0
304,Devin Singletary,NYG,RB,97.9,85.9,28.0,0.0,0.0,0.0,0.0,12.0,139.0,0.0,112.0,420.0,5.0
305,Theo Johnson,NYG,TE,100.1,65.1,25.0,0.0,0.0,0.0,0.0,35.0,411.0,4.0,0.0,0.0,0.0
306,Isaiah Likely,NYG,TE,55.5,32.5,26.0,0.0,0.0,0.0,0.0,23.0,265.0,1.0,0.0,0.0,0.0
307,Tanner Conner,NYG,TE,25.8,13.8,28.0,0.0,0.0,0.0,0.0,12.0,138.0,0.0,0.0,0.0,0.0
308,Malik Nabers,NYG,WR,175.5,117.5,23.0,0.0,0.0,0.0,0.0,58.0,815.0,6.0,0.0,0.0,0.0
309,Calvin Austin III,NYG,WR,73.8,50.8,27.0,0.0,0.0,0.0,0.0,23.0,328.0,3.0,0.0,0.0,0.0
310,Darius Slayton,NYG,WR,91.4,56.4,29.0,0.0,0.0,0.0,0.0,35.0,444.0,2.0,0.0,0.0,0.0
311,Malachi Fields,NYG,WR,95.3,60.3,22.0,0.0,0.0,0.0,0.0,35.0,410.0,3.0,0.0,13.0,0.0
312,Darnell Mooney,NYG,WR,63.0,40.0,28.0,0.0,0.0,0.0,0.0,23.0,340.0,1.0,0.0,0.0,0.0
313,Geno Smith,NYJ,QB,209.14000000000001,209.14000000000001,35.0,470.0,3456.0,24.0,18.0,0.0,0.0,0.0,42.0,109.0,0.0
314,Brady Cook,NYJ,QB,4.220000000000001,4.220000000000001,24.0,10.0,53.0,0.0,0.0,0.0,0.0,0.0,6.0,21.0,0.0
315,Breece Hall,NYJ,RB,242.35999999999999,215.35999999999999,25.0,0.0,19.0,3.0,0.0,27.0,346.0,4.0,240.0,1080.0,6.0
316,Braelon Allen,NYJ,RB,90.5,76.5,22.0,0.0,0.0,0.0,0.0,14.0,95.0,0.0,72.0,310.0,6.0
317,Isaiah Davis,NYJ,RB,84.2,57.2,24.0,0.0,0.0,0.0,0.0,27.0,192.0,0.0,48.0,260.0,2.0
318,Kenyon Sadiq,NYJ,TE,80.4,53.4,21.0,0.0,0.0,0.0,0.0,27.0,294.0,4.0,0.0,0.0,0.0
319,Mason Taylor,NYJ,TE,94.2,51.2,22.0,0.0,0.0,0.0,0.0,43.0,392.0,2.0,0.0,0.0,0.0
320,Jeremy Ruckert,NYJ,TE,47.5,29.5,26.0,0.0,0.0,0.0,0.0,18.0,175.0,2.0,0.0,0.0,0.0
321,Garrett Wilson,NYJ,WR,187.1,119.1,26.0,0.0,0.0,0.0,0.0,68.0,771.0,7.0,0.0,0.0,0.0
322,Omar Cooper Jr.,NYJ,WR,114.9,73.9,22.0,0.0,0.0,0.0,0.0,41.0,484.0,4.0,0.0,15.0,0.0
323,Adonai Mitchell,NYJ,WR,74.0,47.0,23.0,0.0,0.0,0.0,0.0,27.0,350.0,2.0,0.0,0.0,0.0
324,Tim Patrick,NYJ,WR,47.3,33.3,32.0,0.0,0.0,0.0,0.0,14.0,213.0,2.0,0.0,0.0,0.0
325,Isaiah Williams,NYJ,WR,54.8,27.799999999999997,25.0,0.0,0.0,0.0,0.0,27.0,214.0,0.0,0.0,64.0,0.0
326,Jalen Hurts,PHI,QB,364.5,364.5,28.0,467.0,3660.0,37.0,9.0,0.0,0.0,0.0,104.0,401.0,8.0
327,Andy Dalton,PHI,QB,1.92,1.92,38.0,6.0,48.0,0.0,0.0,0.0,0.0,0.0,1.0,0.0,0.0
328,Saquon Barkley,PHI,RB,233.5,200.5,29.0,0.0,0.0,0.0,0.0,33.0,259.0,2.0,279.0,1146.0,8.0
329,Tank Bigsby,PHI,RB,68.4,68.4,23.0,0.0,0.0,0.0,0.0,0.0,42.0,0.0,80.0,462.0,3.0
330,Will Shipley,PHI,RB,27.7,13.7,23.0,0.0,0.0,0.0,0.0,14.0,70.0,0.0,16.0,67.0,0.0
331,Dallas Goedert,PHI,TE,188.9,133.9,31.0,0.0,0.0,0.0,0.0,55.0,559.0,13.0,0.0,0.0,0.0
332,Eli Stowers,PHI,TE,74.6,47.6,23.0,0.0,0.0,0.0,0.0,27.0,296.0,3.0,0.0,0.0,0.0
333,Grant Calcaterra,PHI,TE,34.2,20.2,27.0,0.0,0.0,0.0,0.0,14.0,82.0,2.0,0.0,0.0,0.0
334,DeVonta Smith,PHI,WR,171.7,104.7,27.0,0.0,0.0,0.0,0.0,67.0,807.0,4.0,0.0,0.0,0.0
335,Makai Lemon,PHI,WR,115.0,74.0,22.0,0.0,0.0,0.0,0.0,41.0,485.0,4.0,0.0,15.0,0.0
336,Marquise Brown,PHI,WR,132.4,91.4,29.0,0.0,0.0,0.0,0.0,41.0,554.0,6.0,0.0,0.0,0.0
337,Dontayvion Wicks,PHI,WR,74.1,47.1,25.0,0.0,0.0,0.0,0.0,27.0,335.0,2.0,0.0,16.0,0.0
338,Elijah Moore,PHI,WR,51.3,37.3,26.0,0.0,0.0,0.0,0.0,14.0,196.0,0.0,16.0,57.0,2.0
339,Aaron Rodgers,PIT,QB,274.12,274.12,42.0,525.0,3863.0,30.0,10.0,0.0,0.0,0.0,15.0,76.0,2.0
340,Mason Rudolph,PIT,QB,0.15999999999999998,0.15999999999999998,31.0,8.0,49.0,0.0,1.0,0.0,0.0,0.0,2.0,2.0,0.0
341,Rico Dowdle,PIT,RB,200.9,173.9,28.0,0.0,0.0,0.0,0.0,27.0,240.0,2.0,224.0,1019.0,6.0
342,Jaylen Warren,PIT,RB,224.6,185.6,27.0,0.0,0.0,0.0,0.0,39.0,291.0,2.0,208.0,965.0,8.0
343,Eli Heidenreich,PIT,RB,162.2,135.2,23.0,0.0,0.0,0.0,0.0,27.0,175.0,2.0,144.0,637.0,7.0
344,Pat Freiermuth,PIT,TE,89.5,62.5,27.0,0.0,0.0,0.0,0.0,27.0,385.0,4.0,0.0,0.0,0.0
345,Darnell Washington,PIT,TE,70.7,43.7,25.0,0.0,0.0,0.0,0.0,27.0,317.0,2.0,0.0,0.0,0.0
346,Robert Tonyan,PIT,TE,0.0,0.0,32.0,0.0,0.0,0.0,0.0,0.0,0.0,0.0,0.0,0.0,0.0
347,D.K. Metcalf,PIT,WR,179.5,126.5,28.0,0.0,0.0,0.0,0.0,53.0,753.0,6.0,0.0,32.0,2.0
348,Michael Pittman Jr.,PIT,WR,158.3,91.3,28.0,0.0,0.0,0.0,0.0,67.0,613.0,5.0,0.0,0.0,0.0
349,Germie Bernard,PIT,WR,112.9,72.9,22.0,0.0,0.0,0.0,0.0,40.0,474.0,4.0,0.0,15.0,0.0
350,Roman Wilson,PIT,WR,46.1,33.1,25.0,0.0,0.0,0.0,0.0,13.0,211.0,2.0,0.0,0.0,0.0
351,Kaden Wetjen,PIT,WR,101.0,61.0,24.0,0.0,0.0,0.0,0.0,40.0,476.0,2.0,0.0,14.0,0.0
352,Sam Darnold,SEA,QB,276.88000000000005,276.88000000000005,29.0,468.0,4177.0,31.0,15.0,0.0,0.0,0.0,32.0,158.0,0.0
353,Drew Lock,SEA,QB,0.0,0.0,29.0,0.0,0.0,0.0,0.0,0.0,0.0,0.0,0.0,0.0,0.0
354,Jadarian Price,SEA,RB,167.7,137.7,22.0,0.0,0.0,0.0,0.0,30.0,196.0,2.0,144.0,641.0,7.0
355,Zach Charbonnet,SEA,RB,177.5,162.5,25.0,0.0,0.0,0.0,0.0,15.0,164.0,0.0,181.0,741.0,12.0
356,Emanuel Wilson,SEA,RB,96.1,81.1,27.0,0.0,0.0,0.0,0.0,15.0,103.0,0.0,129.0,528.0,3.0
357,AJ Barner,SEA,TE,147.2,103.2,24.0,0.0,0.0,0.0,0.0,44.0,474.0,7.0,16.0,18.0,2.0
358,Elijah Arroyo,SEA,TE,49.7,34.7,23.0,0.0,0.0,0.0,0.0,15.0,227.0,2.0,0.0,0.0,0.0
359,Eric Saubert,SEA,TE,20.9,5.9,32.0,0.0,0.0,0.0,0.0,15.0,59.0,0.0,0.0,0.0,0.0
360,Jaxon Smith-Njigba,SEA,WR,316.9,213.9,24.0,0.0,0.0,0.0,0.0,103.0,1551.0,9.0,16.0,48.0,0.0
361,Rashid Shaheed,SEA,WR,81.1,51.1,27.0,0.0,0.0,0.0,0.0,30.0,298.0,2.0,16.0,93.0,0.0
362,Cooper Kupp,SEA,WR,118.2,74.2,33.0,0.0,0.0,0.0,3.0,44.0,562.0,4.0,0.0,0.0,0.0
363,Tory Horton,SEA,WR,93.5,63.5,23.0,0.0,0.0,0.0,0.0,30.0,335.0,5.0,0.0,0.0,0.0
364,Cody White,SEA,WR,30.4,30.4,27.0,0.0,0.0,0.0,0.0,0.0,184.0,2.0,0.0,0.0,0.0
365,Brock Purdy,SFO,QB,359.2,359.2,26.0,496.0,4305.0,38.0,16.0,0.0,0.0,0.0,53.0,250.0,7.0
366,Mac Jones,SFO,QB,17.740000000000002,17.740000000000002,27.0,40.0,331.0,1.0,1.0,0.0,0.0,0.0,8.0,25.0,0.0
367,Christian McCaffrey,SFO,RB,359.5,283.5,30.0,0.0,0.0,0.0,0.0,76.0,683.0,6.0,288.0,1132.0,11.0
368,Kaelon Black,SFO,RB,159.5,134.5,24.0,0.0,0.0,0.0,0.0,25.0,165.0,2.0,144.0,640.0,7.0
369,Zamir White,SFO,RB,29.1,16.1,26.0,0.0,0.0,0.0,0.0,13.0,64.0,0.0,32.0,97.0,0.0
370,George Kittle,SFO,TE,190.9,126.9,32.0,0.0,0.0,0.0,0.0,64.0,729.0,9.0,0.0,0.0,0.0
371,Jake Tonges,SFO,TE,91.5,63.5,27.0,0.0,0.0,0.0,0.0,28.0,275.0,6.0,0.0,0.0,0.0
372,Luke Farrell,SFO,TE,32.6,19.6,28.0,0.0,0.0,0.0,0.0,13.0,76.0,2.0,0.0,0.0,0.0
373,Deebo Samuel,SFO,WR,175.2,117.2,30.0,0.0,0.0,0.0,0.0,58.0,589.0,5.0,16.0,103.0,3.0
374,Mike Evans,SFO,WR,132.7,81.7,33.0,0.0,0.0,0.0,0.0,51.0,577.0,4.0,0.0,0.0,0.0
375,De'Zhaun Stribling,SFO,WR,107.9,69.9,23.0,0.0,0.0,0.0,0.0,38.0,447.0,4.0,0.0,12.0,0.0
376,Ricky Pearsall,SFO,WR,125.7,74.7,25.0,0.0,0.0,0.0,0.0,51.0,747.0,0.0,0.0,0.0,0.0
377,Christian Kirk,SFO,WR,61.5,36.5,29.0,0.0,0.0,0.0,0.0,25.0,245.0,2.0,0.0,0.0,0.0
378,Baker Mayfield,TAM,QB,317.76,317.76,31.0,565.0,4194.0,32.0,13.0,0.0,0.0,0.0,48.0,360.0,2.0
379,Jake Browning,TAM,QB,0.0,0.0,30.0,0.0,0.0,0.0,0.0,0.0,0.0,0.0,0.0,0.0,0.0
380,Bucky Irving,TAM,RB,224.1,183.1,24.0,0.0,0.0,0.0,0.0,41.0,398.0,5.0,272.0,953.0,3.0
381,Kenneth Gainwell,TAM,RB,212.60000000000002,157.60000000000002,27.0,0.0,0.0,0.0,0.0,55.0,397.0,4.0,112.0,519.0,7.0
382,Sean Tucker,TAM,RB,118.89999999999999,104.89999999999999,24.0,0.0,0.0,0.0,0.0,14.0,41.0,2.0,96.0,348.0,9.0
383,Cade Otton,TAM,TE,116.6,61.6,27.0,0.0,0.0,0.0,0.0,55.0,496.0,2.0,0.0,0.0,0.0
384,Devin Culp,TAM,TE,13.4,13.4,26.0,0.0,0.0,0.0,0.0,0.0,14.0,2.0,0.0,0.0,0.0
385,Bauer Sharp,TAM,TE,68.7,41.7,23.0,0.0,0.0,0.0,0.0,27.0,297.0,2.0,0.0,0.0,0.0
386,Emeka Egbuka,TAM,WR,168.5,113.5,23.0,0.0,0.0,0.0,0.0,55.0,759.0,6.0,0.0,16.0,0.0
387,Chris Godwin,TAM,WR,133.8,78.8,30.0,0.0,0.0,0.0,0.0,55.0,548.0,4.0,0.0,0.0,0.0
388,Tez Johnson,TAM,WR,94.30000000000001,67.30000000000001,24.0,0.0,0.0,0.0,0.0,27.0,341.0,5.0,16.0,32.0,0.0
389,Jalen McMillan,TAM,WR,107.3,66.3,24.0,0.0,0.0,0.0,0.0,41.0,663.0,0.0,0.0,0.0,0.0
390,David Sills V,TAM,WR,61.8,34.8,30.0,0.0,0.0,0.0,0.0,27.0,228.0,2.0,0.0,0.0,0.0
391,Cam Ward,TEN,QB,262.5,262.5,24.0,588.0,3890.0,22.0,8.0,0.0,0.0,0.0,32.0,169.0,3.0
392,Mitchell Trubisky,TEN,QB,0.0,0.0,32.0,0.0,0.0,0.0,0.0,0.0,0.0,0.0,0.0,0.0,0.0
393,Tony Pollard,TEN,RB,183.5,157.5,29.0,0.0,0.0,0.0,0.0,26.0,193.0,0.0,224.0,1022.0,6.0
394,Tyjae Spears,TEN,RB,125.6,83.6,25.0,0.0,0.0,0.0,0.0,42.0,283.0,0.0,93.0,373.0,3.0
395,Nicholas Singleton,TEN,RB,161.0,135.0,22.0,0.0,0.0,0.0,0.0,26.0,168.0,2.0,144.0,642.0,7.0
396,Gunnar Helm,TEN,TE,86.1,47.1,23.0,0.0,0.0,0.0,0.0,39.0,291.0,3.0,0.0,0.0,0.0
397,Daniel Bellinger,TEN,TE,52.0,39.0,25.0,0.0,0.0,0.0,0.0,13.0,270.0,2.0,0.0,0.0,0.0
398,David Martin-Robinson,TEN,TE,15.9,15.9,26.0,0.0,0.0,0.0,0.0,0.0,39.0,2.0,0.0,0.0,0.0
399,Wan'Dale Robinson,TEN,WR,186.2,108.19999999999999,25.0,0.0,0.0,0.0,0.0,78.0,826.0,4.0,0.0,16.0,0.0
400,Carnell Tate,TEN,WR,110.6,71.6,21.0,0.0,0.0,0.0,0.0,39.0,465.0,4.0,0.0,11.0,0.0
401,Elic Ayomanor,TEN,WR,110.6,71.6,23.0,0.0,0.0,0.0,0.0,39.0,416.0,5.0,0.0,0.0,0.0
402,Chimere Dike,TEN,WR,87.5,48.5,23.0,0.0,0.0,0.0,0.0,39.0,333.0,2.0,16.0,32.0,0.0
403,Calvin Ridley,TEN,WR,86.2,57.2,31.0,0.0,0.0,0.0,0.0,29.0,572.0,0.0,0.0,0.0,0.0
404,Jayden Daniels,WSH,QB,309.64,309.64,25.0,422.0,3276.0,28.0,8.0,0.0,0.0,0.0,105.0,526.0,5.0
405,Marcus Mariota,WSH,QB,30.82,30.82,32.0,30.0,258.0,2.0,1.0,0.0,0.0,0.0,14.0,85.0,1.0
406,Jacory Croskey-Merritt,WSH,RB,161.70000000000002,148.70000000000002,25.0,0.0,0.0,0.0,0.0,13.0,63.0,0.0,160.0,764.0,11.0
407,Rachaad White,WSH,RB,132.2,107.19999999999999,27.0,0.0,0.0,0.0,0.0,25.0,164.0,0.0,128.0,608.0,5.0
408,Kaytron Allen,WSH,RB,153.4,128.4,23.0,0.0,0.0,0.0,0.0,25.0,165.0,1.0,144.0,639.0,7.0
409,Chig Okonkwo,WSH,TE,115.0,83.0,26.0,0.0,0.0,0.0,0.0,32.0,410.0,7.0,0.0,0.0,0.0
410,John Bates,WSH,TE,29.1,16.1,28.0,0.0,0.0,0.0,0.0,13.0,101.0,1.0,0.0,0.0,0.0
411,Ben Sinnott,WSH,TE,31.3,18.3,24.0,0.0,0.0,0.0,0.0,13.0,123.0,1.0,0.0,0.0,0.0
412,Terry McLaurin,WSH,WR,146.4,96.4,30.0,0.0,0.0,0.0,0.0,50.0,724.0,4.0,0.0,0.0,0.0
413,Stefon Diggs,WSH,WR,161.0,98.0,32.0,0.0,0.0,0.0,0.0,63.0,740.0,4.0,0.0,0.0,0.0
414,Luke McCaffrey,WSH,WR,71.6,58.6,25.0,0.0,0.0,0.0,0.0,13.0,346.0,4.0,0.0,0.0,0.0
415,Treylon Burks,WSH,WR,58.6,45.6,26.0,0.0,0.0,0.0,0.0,13.0,216.0,4.0,0.0,0.0,0.0
416,Antonio Williams,WSH,WR,95.80000000000001,57.800000000000004,22.0,0.0,0.0,0.0,0.0,38.0,447.0,2.0,0.0,11.0,0.0
