Rank,Player,Team,Pos.,Age,PPR,STD,PassYds,PassTD,Int,Rec,RecYds,RecTD,RushAtt,RushYds,RushTD
1,A.J. Brown,NWE,WR,0,72.8,33.800000000000004,0,0.0,0.0,39,338,0.0,0,0,0.0
2,AJ Barner,SEA,TE,0,102.4,63.399999999999984,0,0.0,0.0,39,394,0.0,0,0,3.999999999999999
3,AJ Dillon,CAR,RB,0,16.8,16.8,0,0.0,0.0,0,0,0.0,52,181,0.0
4,Aaron Jones,MIN,RB,0,152.1,126.10000000000002,0,0.0,0.0,26,147,0.0,221,880,3.899999999999999
5,Aaron Rodgers,PIT,QB,0,196.6,196.52000000000004,3033,17.500000000000004,9.1,0,0,0.0,26,52,0.0
6,Adam Prentice,DEN,FB,0,1.3,1.3,0,0.0,0.0,0,13,0.0,0,0,0.0
7,Adam Trautman,DEN,TE,0,16.9,3.899999999999999,0,0.0,0.0,13,39,0.0,0,0,0.0
8,Adonai Mitchell,NYJ,WR,0,133.9,79.9,0,0.0,0.0,54,799,0.0,0,0,0.0
9,Alec Ingold,LAC,FB,0,28.5,15.499999999999996,0,0.0,0.0,13,155,0.0,0,0,0.0
10,Alec Pierce,IND,WR,0,82.8,46.80000000000001,0,0.0,0.0,36,468,0.0,0,0,0.0
11,Alvin Kamara,NOR,RB,0,80.0,41.00000000000001,0,0.0,0.0,39,78,0.0,117,332,0.0
12,Ameer Abdullah,JAX,RB,0,33.7,20.700000000000003,0,0.0,0.0,13,13,0.0,39,194,0.0
13,Amon-Ra St. Brown,DET,WR,0,335.3,231.29999999999995,0,0.0,0.0,104,987,22.099999999999994,0,0,0.0
14,Andrei Iosivas,CIN,WR,0,29.5,12.500000000000002,0,0.0,0.0,17,125,0.0,0,0,0.0
15,Andrew Beck,NYJ,FB,0,0.0,0.0,0,0.0,0.0,0,0,0.0,0,0,0.0
16,Andrew Ogletree,IND,TE,0,0.0,0.0,0,0.0,0.0,0,0,0.0,0,0,0.0
17,Andy Dalton,PHI,QB,0,0.0,0.0,0,0.0,13.0,0,0,0.0,0,0,0.0
18,Anthony Gould,IND,WR,0,0.0,0.0,0,0.0,0.0,0,0,0.0,0,0,0.0
19,Anthony Tyus,CAR,RB,0,0.0,0.0,0,0.0,0.0,0,0,0.0,0,0,0.0
20,Antonio Williams,WSH,WR,0,107.0,68.0,0,0.0,0.0,39,446,3.899999999999999,0,0,0.0
21,Arian Smith,NYJ,WR,0,0.0,0.0,0,0.0,0.0,0,0,0.0,0,0,0.0
22,Ashton Dulin,IND,WR,0,0.0,0.0,0,0.0,0.0,0,0,0.0,0,0,0.0
23,Ashton Jeanty,LVR,RB,0,235.5,183.50000000000003,0,0.0,0.0,52,418,8.7,273,895,0.0
24,Austin Hooper,ATL,TE,0,49.5,36.5,0,0.0,0.0,13,131,3.899999999999999,0,0,0.0
25,Baker Mayfield,TAM,QB,0,195.0,195.04,2666,9.1,9.1,0,0,0.0,52,286,3.899999999999999
26,Barion Brown,NOR,WR,0,2.1,2.1,0,0.0,0.0,0,0,0.0,6,21,0.0
27,Bauer Sharp,TAM,TE,0,0.0,0.0,0,0.0,0.0,0,0,0.0,0,0,0.0
28,Ben Sinnott,WSH,TE,0,2.6,2.6,0,0.0,0.0,0,26,0.0,0,0,0.0
29,Ben Skowronek,PIT,WR,0,47.5,34.49999999999999,0,0.0,0.0,13,105,3.999999999999999,0,0,0.0
30,Ben VanSumeren,KAN,FB,0,0.0,0.0,0,0.0,0.0,0,0,0.0,0,0,0.0
31,Bhayshul Tuten,JAX,RB,0,184.6,158.6,0,0.0,0.0,26,156,0.0,182,884,9.1
32,Bijan Robinson,ATL,RB,0,330.8,278.8,0,0.0,0.0,52,507,3.899999999999999,286,1507,9.0
33,Blake Corum,LAR,RB,0,82.1,69.1,0,0.0,0.0,13,52,0.0,117,639,0.0
34,Blake Whiteheart,CLE,TE,0,49.5,36.5,0,0.0,0.0,13,131,3.899999999999999,0,0,0.0
35,Bo Melton,GNB,WR,0,3.9,3.899999999999999,0,0.0,0.0,0,39,0.0,0,0,0.0
36,Bo Nix,DEN,QB,0,202.5,202.49999999999994,2625,16.900000000000002,13.0,0,0,0.0,52,65,3.899999999999999
37,Brady Russell,SEA,FB,0,30.1,17.1,0,0.0,0.0,13,171,0.0,0,0,0.0
38,Braelon Allen,NYJ,RB,0,68.3,55.29999999999998,0,0.0,0.0,13,52,0.0,78,267,3.899999999999999
39,Brashard Smith,KAN,RB,0,1.3,1.3,0,0.0,0.0,0,13,0.0,0,0,0.0
40,Braxton Berrios,NYG,WR,0,0.0,0.0,0,0.0,0.0,0,0,0.0,0,0,0.0
41,Brayden Willis,SFO,TE,0,0.0,0.0,0,0.0,0.0,0,0,0.0,0,0,0.0
42,Breece Hall,NYJ,RB,0,177.5,138.5,0,0.0,0.0,39,443,0.0,221,708,3.899999999999999
43,Brenen Thompson,LAC,WR,0,16.3,8.3,0,0.0,0.0,8,83,0.0,0,0,0.0
44,Brenton Strange,JAX,TE,0,80.6,54.60000000000001,0,0.0,0.0,26,312,3.899999999999999,0,0,0.0
45,Brevyn Spann-Ford,DAL,TE,0,27.3,14.299999999999997,0,0.0,0.0,13,143,0.0,0,0,0.0
46,Brian Robinson Jr.,ATL,RB,0,100.3,87.30000000000001,0,0.0,0.0,13,67,0.0,130,572,3.899999999999999
47,Brian Thomas,JAX,WR,0,64.1,38.099999999999994,0,0.0,0.0,26,381,0.0,0,0,0.0
48,Britain Covey,PHI,WR,0,0.0,0.0,0,0.0,0.0,0,0,0.0,0,0,0.0
49,British Brooks,HOU,RB,0,0.0,0.0,0,0.0,0.0,0,0,0.0,0,0,0.0
50,Brock Bowers,LVR,TE,0,358.8,228.79999999999995,0,0.0,0.0,130,1508,13.0,0,0,0.0
51,Brock Purdy,SFO,QB,0,356.3,356.21999999999997,3413,39.0,3.899999999999999,0,0,0.0,39,403,3.899999999999999
52,Brock Wright,DET,TE,0,18.2,5.2,0,0.0,0.0,13,52,0.0,0,0,0.0
53,Bryce Lance,NOR,WR,0,34.6,21.599999999999998,0,0.0,0.0,13,216,0.0,0,0,0.0
54,Bryce Young,CAR,QB,0,312.7,312.78,4072,30.000000000000004,9.1,0,0,0.0,13,65,3.899999999999999
55,Brycen Tremayne,CAR,WR,0,49.0,36.00000000000001,0,0.0,0.0,13,360,0.0,0,0,0.0
56,Bucky Irving,TAM,RB,0,180.1,128.1,0,0.0,0.0,52,267,0.0,169,780,3.899999999999999
57,C.J. Stroud,HOU,QB,0,213.0,213.03999999999996,3441,13.0,0.0,0,0,0.0,26,234,0.0
58,CJ Donaldson,NOR,RB,0,3.9,3.8999999999999995,0,0.0,0.0,0,0,0.0,13,52,0.0
59,CJ Williams,JAX,WR,0,0.0,0.0,0,0.0,0.0,0,0,0.0,0,0,0.0
60,Cade Otton,TAM,TE,0,104.0,52.0,0,0.0,0.0,52,520,0.0,0,0,0.0
61,Cade Stover,HOU,TE,0,-1.3,-1.3,0,0.0,0.0,0,0,0.0,0,0,0.0
62,Caleb Douglas,MIA,WR,0,118.1,73.10000000000001,0,0.0,0.0,45,731,0.0,0,0,0.0
63,Caleb Williams,CHI,QB,0,305.0,304.94,2646,13.0,6.5,0,0,0.0,99,691,13.0
64,Calvin Ridley,TEN,WR,0,28.3,15.299999999999995,0,0.0,0.0,13,153,0.0,0,0,0.0
65,Cam Skattebo,NYG,RB,0,151.9,125.90000000000002,0,0.0,0.0,26,258,0.0,221,767,3.899999999999999
66,Cam Ward,TEN,QB,0,190.0,190.16,2184,9.1,3.899999999999999,0,0,0.0,39,130,8.9
67,Cameron Latu,NWE,TE,0,0.0,0.0,0,0.0,0.0,0,0,0.0,0,0,0.0
68,Carnell Tate,TEN,WR,0,105.3,53.30000000000001,0,0.0,0.0,52,533,0.0,0,0,0.0
69,Carsen Ryan,CLE,TE,0,0.0,0.0,0,0.0,0.0,0,0,0.0,0,0,0.0
70,Carson Wentz,MIN,QB,0,153.2,153.45999999999998,1794,19.6,0.0,0,0,0.0,52,33,0.0
71,Case Keenum,CHI,QB,0,318.5,318.24,3211,26.0,0.0,0,0,0.0,52,78,13.0
72,CeeDee Lamb,DAL,WR,0,302.8,211.80000000000007,0,0.0,0.0,91,1338,13.0,0,0,0.0
73,Charlie Kolar,LAC,TE,0,32.6,13.6,0,0.0,0.0,19,136,0.0,0,0,0.0
74,Charlie Woerner,ATL,TE,0,0.0,0.0,0,0.0,0.0,0,0,0.0,0,0,0.0
75,Chase Brown,CIN,RB,0,162.2,123.20000000000002,0,0.0,0.0,39,141,0.0,208,857,3.899999999999999
76,Chig Okonkwo,WSH,TE,0,46.8,20.8,0,0.0,0.0,26,208,0.0,0,0,0.0
77,Chimere Dike,TEN,WR,0,16.9,3.899999999999999,0,0.0,0.0,13,39,0.0,0,0,0.0
78,Chris Bell,MIA,WR,0,66.0,40.00000000000001,0,0.0,0.0,26,400,0.0,0,0,0.0
79,Chris Blair,ATL,WR,0,2.6,2.6,0,0.0,0.0,0,26,0.0,0,0,0.0
80,Chris Brooks,GNB,RB,0,38.1,25.099999999999994,0,0.0,0.0,13,79,0.0,52,172,0.0
81,Chris Godwin,TAM,WR,0,93.6,54.600000000000016,0,0.0,0.0,39,481,0.0,13,65,0.0
82,Chris Manhertz,NYG,TE,0,0.0,0.0,0,0.0,0.0,0,0,0.0,0,0,0.0
83,Chris Moore,BAL,WR,0,63.7,50.69999999999999,0,0.0,0.0,13,273,3.899999999999999,0,0,0.0
84,Chris Myarick,LVR,TE,0,0.0,0.0,0,0.0,0.0,0,0,0.0,0,0,0.0
85,Chris Olave,NOR,WR,0,302.9,185.90000000000003,0,0.0,0.0,117,1625,3.899999999999999,0,0,0.0
86,Chris Rodriguez,JAX,RB,0,54.8,54.80000000000001,0,0.0,0.0,0,0,0.0,91,314,3.899999999999999
87,Christian McCaffrey,SFO,RB,0,247.2,195.2,0,0.0,0.0,52,453,0.0,156,719,13.0
88,Christian Watson,GNB,WR,0,302.7,224.70000000000005,0,0.0,0.0,78,1227,17.000000000000004,0,0,0.0
89,Chuba Hubbard,CAR,RB,0,230.6,191.6,0,0.0,0.0,39,334,9.1,182,796,3.999999999999999
90,Cody White,LVR,WR,0,102.8,89.80000000000001,0,0.0,0.0,13,118,13.0,0,0,0.0
91,Colbie Young,CIN,WR,0,16.9,3.899999999999999,0,0.0,0.0,13,39,0.0,0,0,0.0
92,Colby Parkinson,LAR,TE,0,22.1,9.1,0,0.0,0.0,13,91,0.0,0,0,0.0
93,Cole Kmet,CHI,TE,0,51.9,38.9,0,0.0,0.0,13,155,3.899999999999999,0,0,0.0
94,Colson Yankoff,WSH,TE,0,19.5,6.5,0,0.0,0.0,13,65,0.0,0,0,0.0
95,Colston Loveland,CHI,TE,0,40.6,14.599999999999998,0,0.0,0.0,26,146,0.0,0,0,0.0
96,Connor Heyward,LVR,FB,0,1.3,1.3,0,0.0,0.0,0,0,0.0,13,13,0.0
97,Cooper Kupp,SEA,WR,0,106.5,67.5,0,0.0,0.0,39,441,3.899999999999999,0,0,0.0
98,Cooper Rush,ATL,QB,0,98.8,98.4,1485,6.5,26.0,0,0,0.0,13,130,0.0
99,Corey Kiner,NWE,RB,0,16.9,16.900000000000002,0,0.0,0.0,0,39,0.0,65,130,0.0
100,Courtland Sutton,DEN,WR,0,74.4,35.4,0,0.0,0.0,39,354,0.0,0,0,0.0
101,Cyrus Allen,KAN,WR,0,0.0,0.0,0,0.0,0.0,0,0,0.0,0,0,0.0
102,D'Andre Swift,CHI,RB,0,255.6,216.6,0,0.0,0.0,39,292,0.0,234,1094,13.0
103,D.J. Moore,BUF,WR,0,148.0,96.00000000000001,0,0.0,0.0,52,726,3.899999999999999,0,0,0.0
104,D.K. Metcalf,PIT,WR,0,118.3,66.30000000000001,0,0.0,0.0,52,429,3.899999999999999,0,0,0.0
105,DJ Herman,MIA,FB,0,7.8,7.799999999999998,0,0.0,0.0,0,78,0.0,0,0,0.0
106,Dak Prescott,DAL,QB,0,273.1,272.92,3163,30.100000000000005,3.899999999999999,0,0,0.0,39,260,0.0
107,Dallas Goedert,PHI,TE,0,161.6,130.6,0,0.0,0.0,31,526,13.0,0,0,0.0
108,Dalton Kincaid,BUF,TE,0,202.2,137.2,0,0.0,0.0,65,1138,3.899999999999999,0,0,0.0
109,Dalton Schultz,HOU,TE,0,166.4,88.39999999999999,0,0.0,0.0,78,884,0.0,0,0,0.0
110,Daniel Bellinger,TEN,TE,0,23.3,10.299999999999999,0,0.0,0.0,13,103,0.0,0,0,0.0
111,Daniel Jones,IND,QB,0,166.2,165.83999999999997,2651,13.0,13.0,0,0,0.0,26,78,0.0
112,Dareke Young,LVR,WR,0,11.7,11.700000000000003,0,0.0,0.0,0,117,0.0,0,0,0.0
113,Darius Cooper,PHI,WR,0,47.8,34.8,0,0.0,0.0,13,114,3.899999999999999,0,0,0.0
114,Darnell Mooney,NYG,WR,0,71.3,45.3,0,0.0,0.0,26,414,0.0,0,39,0.0
115,Darnell Washington,PIT,TE,0,65.7,39.7,0,0.0,0.0,26,397,0.0,0,0,0.0
116,Darren Waller,CAR,TE,0,141.3,102.30000000000001,0,0.0,0.0,39,483,9.0,0,0,0.0
117,Davante Adams,LAR,WR,0,287.8,209.79999999999998,0,0.0,0.0,78,1558,9.0,0,0,0.0
118,David Martin-Robinson,TEN,TE,0,0.0,0.0,0,0.0,0.0,0,0,0.0,0,0,0.0
119,David Montgomery,HOU,RB,0,169.4,143.39999999999998,0,0.0,0.0,26,208,3.999999999999999,156,446,9.0
120,David Moore,CAR,WR,0,0.0,0.0,0,0.0,0.0,0,0,0.0,0,0,0.0
121,David Njoku,LAC,TE,0,82.2,43.199999999999996,0,0.0,0.0,39,432,0.0,0,0,0.0
122,Davis Allen,LAR,TE,0,29.9,16.900000000000002,0,0.0,0.0,13,169,0.0,0,0,0.0
123,Dawson Knox,BUF,TE,0,44.2,31.199999999999992,0,0.0,0.0,13,78,3.899999999999999,0,0,0.0
124,De'Von Achane,MIA,RB,0,102.4,76.39999999999999,0,0.0,0.0,26,209,0.0,143,555,0.0
125,De'Zhaun Stribling,SFO,WR,0,0.0,0.0,0,0.0,0.0,0,0,0.0,0,0,0.0
126,DeMario Douglas,NWE,WR,0,54.9,28.9,0,0.0,0.0,26,289,0.0,0,0,0.0
127,DeVonta Smith,PHI,WR,0,203.3,125.29999999999998,0,0.0,0.0,78,1019,3.899999999999999,0,0,0.0
128,Dean Connors,LAR,RB,0,0.0,0.0,0,0.0,0.0,0,0,0.0,0,0,0.0
129,DeeJay Dallas,MIN,RB,0,22.1,9.1,0,0.0,0.0,13,52,0.0,13,39,0.0
130,Deebo Samuel,SFO,WR,0,175.4,136.4,0,0.0,0.0,39,688,9.1,13,130,0.0
131,Deion Burks,IND,WR,0,6.5,6.5,0,0.0,0.0,0,0,0.0,13,65,0.0
132,Demarcus Robinson,SFO,WR,0,119.6,93.60000000000002,0,0.0,0.0,26,546,6.5,0,0,0.0
133,Demond Claiborne,MIN,RB,0,8.8,1.8,0,0.0,0.0,7,13,0.0,22,5,0.0
134,Denzel Boston,CLE,WR,0,178.3,139.29999999999998,0,0.0,0.0,39,847,9.1,0,0,0.0
135,Derius Davis,LAC,WR,0,0.0,0.0,0,0.0,0.0,0,0,0.0,0,0,0.0
136,Derrick Henry,BAL,RB,0,329.4,303.40000000000003,0,0.0,0.0,26,168,0.0,286,1306,26.0
137,Deshaun Watson,CLE,QB,0,235.3,235.70000000000002,2545,22.099999999999994,3.899999999999999,0,0,0.0,104,455,0.0
138,Devaughn Vele,NOR,WR,0,162.7,97.69999999999999,0,0.0,0.0,65,743,3.899999999999999,0,0,0.0
139,Devin Duvernay,ARI,WR,0,0.0,0.0,0,0.0,0.0,0,0,0.0,0,0,0.0
140,Devin Singletary,NYG,RB,0,95.5,69.49999999999999,0,0.0,0.0,26,143,6.5,57,162,0.0
141,Devontez Walker,BAL,WR,0,35.6,30.599999999999998,0,0.0,0.0,5,306,0.0,0,0,0.0
142,Dillon Bell,MIN,WR,0,0.0,0.0,0,0.0,0.0,0,0,0.0,0,0,0.0
143,Dohnte Meyers,CIN,WR,0,37.2,24.2,0,0.0,0.0,13,203,0.0,0,39,0.0
144,Dontayvion Wicks,PHI,WR,0,140.0,100.99999999999999,0,0.0,0.0,39,776,3.899999999999999,0,0,0.0
145,Drake London,ATL,WR,0,185.1,120.09999999999998,0,0.0,0.0,65,1188,0.0,13,13,0.0
146,Drake Maye,NWE,QB,0,152.6,152.6,2535,3.899999999999999,26.0,0,0,0.0,65,356,0.0
147,Drew Lock,SEA,QB,0,222.0,222.37999999999994,2742,26.0,0.0,0,0,0.0,13,87,0.0
148,Drew Sample,CIN,TE,0,20.8,7.799999999999998,0,0.0,0.0,13,78,0.0,0,0,0.0
149,Durham Smythe,BAL,TE,0,1.3,1.3,0,0.0,0.0,0,13,0.0,0,0,0.0
150,Dyami Brown,WSH,WR,0,22.1,9.1,0,0.0,0.0,13,91,0.0,0,0,0.0
151,Dylan Laube,LVR,RB,0,0.0,0.0,0,0.0,0.0,0,0,0.0,0,0,0.0
152,Dylan Sampson,CLE,RB,0,0.0,0.0,0,0.0,0.0,0,0,0.0,0,0,0.0
153,E.J. Jenkins,PHI,TE,0,0.0,0.0,0,0.0,0.0,0,0,0.0,0,0,0.0
154,Efton Chism,NWE,WR,0,16.1,3.360000000000001,104,0.0,0.0,13,0,0.0,0,0,0.0
155,Eli Heidenreich,PIT,RB,0,0.0,0.0,0,0.0,0.0,0,0,0.0,0,0,0.0
156,Eli Raridon,NWE,TE,0,72.9,59.90000000000001,0,0.0,0.0,13,209,6.5,0,0,0.0
157,Elic Ayomanor,TEN,WR,0,75.9,62.899999999999984,0,0.0,0.0,13,395,3.899999999999999,0,0,0.0
158,Elijah Arroyo,SEA,TE,0,7.8,7.799999999999998,0,0.0,0.0,0,78,0.0,0,0,0.0
159,Elijah Higgins,ARI,TE,0,21.6,8.6,0,0.0,0.0,13,86,0.0,0,0,0.0
160,Elijah Moore,PHI,WR,0,0.0,0.0,0,0.0,0.0,0,0,0.0,0,0,0.0
161,Emanuel Wilson,SEA,RB,0,47.1,47.10000000000001,0,0.0,0.0,0,0,0.0,141,471,0.0
162,Emari Demercado,DAL,RB,0,9.8,9.799999999999997,0,0.0,0.0,0,0,0.0,33,98,0.0
163,Emeka Egbuka,TAM,WR,0,135.2,83.2,0,0.0,0.0,52,611,3.899999999999999,0,0,0.0
164,Emmett Johnson,KAN,RB,0,65.2,52.2,0,0.0,0.0,13,275,0.0,65,247,0.0
165,Eric Saubert,SEA,TE,0,37.7,24.699999999999996,0,0.0,0.0,13,13,3.899999999999999,0,0,0.0
166,Erick All,CIN,TE,0,15.6,2.6,0,0.0,0.0,13,26,0.0,0,0,0.0
167,Evan Engram,DEN,TE,0,75.4,49.39999999999999,0,0.0,0.0,26,260,3.899999999999999,0,0,0.0
168,Feleipe Franks,CAR,TE,0,0.0,0.0,0,0.0,0.0,0,0,0.0,0,0,0.0
169,Foster Moreau,HOU,TE,0,74.1,48.10000000000001,0,0.0,0.0,26,247,3.899999999999999,0,0,0.0
170,Frank Gore Jr.,BUF,RB,0,1.7,1.7000000000000002,0,0.0,0.0,0,0,0.0,6,17,0.0
171,Garrett Wilson,NYJ,WR,0,250.9,159.9,0,0.0,0.0,91,1053,9.1,0,0,0.0
172,Gary Jennings Jr,LAC,WR,0,0.0,0.0,0,0.0,0.0,0,0,0.0,0,0,0.0
173,Gavin Bartholomew,MIN,TE,0,0.0,0.0,0,0.0,0.0,0,0,0.0,0,0,0.0
174,Geno Smith,NYJ,QB,0,219.7,219.96000000000004,3389,17.200000000000003,0.0,0,0,0.0,52,156,0.0
175,George Holani,SEA,RB,0,70.0,43.99999999999999,0,0.0,0.0,26,217,0.0,65,223,0.0
176,George Kittle,SFO,TE,0,205.3,153.3,0,0.0,0.0,52,753,13.0,0,0,0.0
177,George Pickens,DAL,WR,0,129.9,64.9,0,0.0,0.0,65,649,0.0,0,0,0.0
178,Germie Bernard,PIT,WR,0,47.2,21.200000000000003,0,0.0,0.0,26,212,0.0,0,0,0.0
179,Greg Dortch,BUF,WR,0,0.0,0.0,0,0.0,0.0,0,0,0.0,0,0,0.0
180,Greg Dulcich,MIA,TE,0,78.2,39.2,0,0.0,0.0,39,392,0.0,0,0,0.0
181,Gunnar Helm,TEN,TE,0,62.5,23.500000000000004,0,0.0,0.0,39,235,0.0,0,0,0.0
182,Harold Fannin,CLE,TE,0,174.2,109.20000000000002,0,0.0,0.0,65,546,9.1,0,0,0.0
183,Hayden Rucci,LAC,TE,0,0.0,0.0,0,0.0,0.0,0,0,0.0,0,0,0.0
184,Hunter Henry,NWE,TE,0,57.2,31.199999999999992,0,0.0,0.0,26,312,0.0,0,0,0.0
185,Hunter Long,ARI,TE,0,2.6,2.6,0,0.0,0.0,0,26,0.0,0,0,0.0
186,Hunter Luepke,DAL,FB,0,3.9,3.899999999999999,0,0.0,0.0,0,0,0.0,13,39,0.0
187,Ian Thomas,LVR,TE,0,5.2,5.2,0,0.0,0.0,0,52,0.0,0,0,0.0
188,Isaac TeSlaa,DET,WR,0,66.3,40.30000000000001,0,0.0,0.0,26,403,0.0,0,0,0.0
189,Isaiah Bond,CLE,WR,0,3.9,3.899999999999999,0,0.0,0.0,0,39,0.0,0,0,0.0
190,Isaiah Davis,NYJ,RB,0,0.0,0.0,0,0.0,0.0,0,0,0.0,0,0,0.0
191,Isaiah Likely,NYG,TE,0,172.9,107.89999999999998,0,0.0,0.0,65,539,9.0,0,0,0.0
192,Isaiah Williams,NYJ,WR,0,72.7,33.70000000000001,0,0.0,0.0,39,272,0.0,0,65,0.0
193,J. Michael Sturdivant,GNB,WR,0,33.3,14.299999999999997,0,0.0,0.0,19,143,0.0,0,0,0.0
194,J.K. Dobbins,DEN,RB,0,53.3,53.30000000000001,0,0.0,0.0,0,13,0.0,156,520,0.0
195,Ja'Kobi Lane,BAL,WR,0,27.3,14.299999999999997,0,0.0,0.0,13,143,0.0,0,0,0.0
196,Ja'Marr Chase,CIN,WR,0,235.8,157.79999999999998,0,0.0,0.0,78,798,13.0,0,0,0.0
197,Jack Bech,LVR,WR,0,70.2,44.19999999999999,0,0.0,0.0,26,208,3.899999999999999,0,0,0.0
198,Jack Endries,CIN,TE,0,0.0,0.0,0,0.0,0.0,0,0,0.0,0,0,0.0
199,Jack Strand,ATL,QB,0,52.0,51.480000000000004,767,0.0,13.0,0,0,0.0,26,208,0.0
200,Jackson Hawes,BUF,TE,0,0.0,0.0,0,0.0,0.0,0,0,0.0,0,0,0.0
201,Jackson Meeks,DET,TE,0,3.9,3.899999999999999,0,0.0,0.0,0,39,0.0,0,0,0.0
202,Jacob Cowing,SFO,WR,0,0.0,0.0,0,0.0,0.0,0,0,0.0,0,0,0.0
203,Jacob Saylors,DET,RB,0,0.0,0.0,0,0.0,0.0,0,0,0.0,0,0,0.0
204,Jacoby Brissett,ARI,QB,0,214.2,214.35999999999999,2824,16.900000000000002,3.899999999999999,0,0,0.0,52,104,3.899999999999999
205,Jacory Croskey-Merritt,WSH,RB,0,100.1,87.10000000000002,0,0.0,0.0,13,26,0.0,208,611,3.899999999999999
206,Jadarian Price,SEA,RB,0,74.0,61.00000000000002,0,0.0,0.0,13,91,0.0,117,519,0.0
207,Jahan Dotson,ATL,WR,0,31.2,18.2,0,0.0,0.0,13,182,0.0,0,0,0.0
208,Jahdae Walker,CHI,WR,0,24.0,24.000000000000004,0,0.0,0.0,0,0,3.999999999999999,0,0,0.0
209,Jahmyr Gibbs,DET,RB,0,434.3,356.3,0,0.0,0.0,78,676,9.1,286,1327,16.900000000000002
210,Jake Briningstool,KAN,TE,0,3.9,3.899999999999999,0,0.0,0.0,0,39,0.0,0,0,0.0
211,Jake Ferguson,DAL,TE,0,148.2,109.20000000000003,0,0.0,0.0,39,312,13.0,0,0,0.0
212,Jake Tonges,SFO,TE,0,0.0,0.0,0,0.0,0.0,0,0,0.0,0,0,0.0
213,Jakobi Meyers,JAX,WR,0,152.1,113.10000000000002,0,0.0,0.0,39,572,9.1,0,13,0.0
214,Jaleel McLaughlin,CLE,RB,0,2.1,2.1,0,0.0,0.0,0,0,0.0,7,21,0.0
215,Jalen Brooks,ARI,WR,0,0.0,0.0,0,0.0,0.0,0,0,0.0,0,0,0.0
216,Jalen Coker,CAR,WR,0,228.1,150.1,0,0.0,0.0,78,961,9.0,0,0,0.0
217,Jalen Hurts,PHI,QB,0,256.8,256.74,2691,21.999999999999996,13.0,0,0,0.0,65,377,3.899999999999999
218,Jalen McMillan,TAM,WR,0,0.0,0.0,0,0.0,0.0,0,0,0.0,0,0,0.0
219,Jalen Moreno-Cropper,NOR,WR,0,0.0,0.0,0,0.0,0.0,0,0,0.0,0,0,0.0
220,Jalen Nailor,LVR,WR,0,48.1,22.099999999999994,0,0.0,0.0,26,221,0.0,0,0,0.0
221,Jalen Royals,KAN,WR,0,44.2,31.199999999999992,0,0.0,0.0,13,78,3.899999999999999,0,0,0.0
222,Jalen Tolbert,MIA,WR,0,0.0,0.0,0,0.0,0.0,0,0,0.0,0,0,0.0
223,Jalon Daniels,TAM,QB,0,11.7,11.700000000000003,0,0.0,13.0,0,0,0.0,13,117,0.0
224,Jamaal Pritchett,NYJ,WR,0,0.0,0.0,0,0.0,0.0,0,0,0.0,0,0,0.0
225,Jameis Winston,NYG,QB,0,69.4,69.23999999999998,1491,0.0,6.5,0,0,0.0,26,96,0.0
226,James Cook,BUF,RB,0,224.0,211.0,0,0.0,0.0,13,65,0.0,247,1499,9.1
227,Jameson Williams,DET,WR,0,93.7,54.70000000000001,0,0.0,0.0,39,547,0.0,0,0,0.0
228,Jared Goff,DET,QB,0,285.1,285.14000000000004,3476,34.900000000000006,0.0,0,0,0.0,39,65,0.0
229,Jared Wayne,HOU,WR,0,41.5,28.499999999999996,0,0.0,0.0,13,285,0.0,0,0,0.0
230,Jauan Jennings,MIN,WR,0,10.6,0.6,0,0.0,0.0,10,6,0.0,0,0,0.0
231,Javonte Williams,DAL,RB,0,215.2,176.2,0,0.0,0.0,39,245,3.999999999999999,182,731,9.1
232,Jaxon Smith-Njigba,SEA,WR,0,451.1,334.0599999999999,64,0.0,0.0,117,1755,26.0,0,0,0.0
233,Jaxson Dart,NYG,QB,0,178.6,178.4,1625,19.6,0.0,0,0,0.0,74,350,0.0
234,Jayden Daniels,WSH,QB,0,210.7,210.73999999999995,1691,19.5,0.0,0,0,0.0,78,651,0.0
235,Jayden Reed,GNB,WR,0,41.6,15.599999999999996,0,0.0,0.0,26,156,0.0,0,0,0.0
236,Jaylen Waddle,DEN,WR,0,123.6,71.60000000000001,0,0.0,0.0,52,651,0.0,0,65,0.0
237,Jaylen Warren,PIT,RB,0,180.4,141.4,0,0.0,0.0,39,479,0.0,169,935,0.0
238,Jaylen Wright,MIA,RB,0,6.5,6.5,0,0.0,0.0,0,0,0.0,20,65,0.0
239,Jaylin Lane,WSH,WR,0,23.5,10.5,0,0.0,0.0,13,105,0.0,0,0,0.0
240,Jaylin Noel,HOU,WR,0,79.0,53.00000000000001,0,0.0,0.0,26,439,0.0,13,91,0.0
241,Jelani Woods,NYJ,TE,0,8.9,8.899999999999999,0,0.0,0.0,0,89,0.0,0,0,0.0
242,Jeremiyah Love,ARI,RB,0,174.3,135.3,0,0.0,0.0,39,195,3.899999999999999,182,690,3.899999999999999
243,Jeremy Ruckert,NYJ,TE,0,83.2,44.19999999999999,0,0.0,0.0,39,208,3.899999999999999,0,0,0.0
244,Jerry Jeudy,CLE,WR,0,24.4,11.400000000000002,0,0.0,0.0,13,114,0.0,0,0,0.0
245,Jimmy Horn,CAR,WR,0,0.0,0.0,0,0.0,0.0,0,0,0.0,0,0,0.0
246,Joe Burrow,CIN,QB,0,246.7,246.80000000000007,3220,26.0,3.899999999999999,0,0,0.0,39,140,0.0
247,Joe Flacco,CIN,QB,0,0.0,0.0,0,0.0,0.0,0,0,0.0,0,0,0.0
248,John Bates,WSH,TE,0,22.1,9.1,0,0.0,0.0,13,91,0.0,0,0,0.0
249,John Metchie,CAR,WR,0,64.5,51.49999999999999,0,0.0,0.0,13,125,6.5,0,0,0.0
250,Johnny Mundt,PHI,TE,0,18.2,5.2,0,0.0,0.0,13,52,0.0,0,0,0.0
251,Jonah Coleman,DEN,RB,0,96.4,76.39999999999999,0,0.0,0.0,20,123,0.0,65,251,6.5
252,Jonathan Mingo,DAL,WR,0,3.9,3.899999999999999,0,0.0,0.0,0,39,0.0,0,0,0.0
253,Jonathan Taylor,IND,RB,0,281.0,241.99999999999994,0,0.0,0.0,39,288,0.0,286,1118,16.900000000000002
254,Jonathon Brooks,CAR,RB,0,60.3,47.30000000000001,0,0.0,0.0,13,278,0.0,58,195,0.0
255,Jonnu Smith,GNB,TE,0,41.5,28.499999999999996,0,0.0,0.0,13,285,0.0,0,0,0.0
256,Jordan Addison,MIN,WR,0,97.5,71.5,0,0.0,0.0,26,481,3.899999999999999,0,0,0.0
257,Jordan James,SFO,RB,0,9.6,9.6,0,0.0,0.0,0,0,0.0,26,96,0.0
258,Jordan Love,GNB,QB,0,250.0,250.08,3652,26.0,9.1,0,0,0.0,13,0,0.0
259,Jordan Mason,MIN,RB,0,154.7,154.70000000000005,0,0.0,0.0,0,0,0.0,195,767,13.0
260,Jordan Watkins,SFO,WR,0,104.0,78.0,0,0.0,0.0,26,780,0.0,0,0,0.0
261,Jordan Whittington,LAR,WR,0,11.2,5.2,0,0.0,0.0,6,52,0.0,0,0,0.0
262,Josh Allen,BUF,QB,0,429.7,429.79999999999995,3405,21.999999999999996,9.0,0,0,0.0,117,496,26.0
263,Josh Cameron,JAX,WR,0,81.8,68.79999999999997,0,0.0,0.0,13,142,9.1,0,0,0.0
264,Josh Cuevas,BAL,TE,0,6.5,6.5,0,0.0,0.0,0,65,0.0,0,0,0.0
265,Josh Downs,IND,WR,0,145.6,80.60000000000002,0,0.0,0.0,65,806,0.0,0,0,0.0
266,Josh Oliver,MIN,TE,0,32.6,19.6,0,0.0,0.0,13,196,0.0,0,0,0.0
267,Josh Palmer,BUF,WR,0,101.1,88.09999999999998,0,0.0,0.0,13,335,9.1,0,0,0.0
268,Josh Whyle,GNB,TE,0,0.0,0.0,0,0.0,0.0,0,0,0.0,0,0,0.0
269,Josh Williams,TAM,RB,0,0.0,0.0,0,0.0,0.0,0,0,0.0,0,0,0.0
270,Julius Chestnut,TEN,RB,0,0.0,0.0,0,0.0,0.0,0,0,0.0,0,0,0.0
271,Justice Hill,BAL,RB,0,46.9,33.9,0,0.0,0.0,13,92,0.0,52,247,0.0
272,Justin Fields,KAN,QB,0,0.0,0.0,0,0.0,0.0,0,0,0.0,0,0,0.0
273,Justin Herbert,LAC,QB,0,182.0,181.48,2717,13.0,16.900000000000002,0,0,0.0,52,208,0.0
274,Justin Jefferson,MIN,WR,0,183.7,131.7,0,0.0,0.0,52,777,9.0,0,0,0.0
275,Justin Joly,MIA,TE,0,0.0,0.0,0,0.0,0.0,0,0,0.0,0,0,0.0
276,Juwan Johnson,NOR,TE,0,218.3,153.3,0,0.0,0.0,65,753,13.0,0,0,0.0
277,KC Concepcion,CLE,WR,0,90.8,38.8,0,0.0,0.0,52,349,0.0,13,39,0.0
278,KaVontae Turpin,DAL,WR,0,48.1,35.1,0,0.0,0.0,13,78,0.0,13,39,3.899999999999999
279,Kaden Davis,CHI,WR,0,0.0,0.0,0,0.0,0.0,0,0,0.0,0,0,0.0
280,Kaden Wetjen,PIT,WR,0,0.0,0.0,0,0.0,0.0,0,0,0.0,0,0,0.0
281,Kaelon Black,SFO,RB,0,49.0,49.00000000000001,0,0.0,0.0,0,26,0.0,104,464,0.0
282,Kaleb Johnson,GNB,RB,0,20.6,20.6,0,0.0,0.0,0,39,0.0,52,167,0.0
283,Kalif Raymond,CHI,WR,0,194.6,116.6,0,0.0,0.0,78,926,3.9999999999999987,0,0,0.0
284,Kameron Johnson,TAM,WR,0,0.0,0.0,0,0.0,0.0,0,0,0.0,0,0,0.0
285,Kayshon Boutte,HOU,WR,0,59.9,33.900000000000006,0,0.0,0.0,26,339,0.0,0,0,0.0
286,Kaytron Allen,WSH,RB,0,17.1,17.1,0,0.0,0.0,0,0,0.0,39,171,0.0
287,Ke'Shawn Williams,CIN,WR,0,0.0,0.0,0,0.0,0.0,0,0,0.0,0,0,0.0
288,KeAndre Lambert-Smith,LAC,WR,0,0.0,0.0,0,0.0,0.0,0,0,0.0,0,0,0.0
289,Keaton Mitchell,LAC,RB,0,77.2,64.19999999999999,0,0.0,0.0,13,41,3.899999999999999,78,367,0.0
290,Keenan Allen,IND,WR,0,118.4,66.4,0,0.0,0.0,52,430,3.899999999999999,0,0,0.0
291,Keleki Latu,BUF,TE,0,0.0,0.0,0,0.0,0.0,0,0,0.0,0,0,0.0
292,Kendre Miller,NOR,RB,0,84.1,71.1,0,0.0,0.0,13,35,0.0,87,286,6.5
293,Kendrick Bourne,ARI,WR,0,98.8,46.80000000000001,0,0.0,0.0,52,468,0.0,0,0,0.0
294,Kenneth Gainwell,TAM,RB,0,44.2,18.2,0,0.0,0.0,26,91,0.0,39,91,0.0
295,Kenneth Walker III,KAN,RB,0,352.6,300.59999999999997,0,0.0,0.0,52,354,9.1,286,1560,9.1
296,Kenny Pickett,CAR,QB,0,13.0,13.0,0,0.0,0.0,0,0,0.0,13,130,0.0
297,Kenyon Sadiq,NYJ,TE,0,161.9,109.9,0,0.0,0.0,52,618,3.899999999999999,0,13,3.899999999999999
298,Keon Coleman,BUF,WR,0,82.8,43.79999999999999,0,0.0,0.0,39,438,0.0,0,0,0.0
299,Kevin Austin,NOR,WR,0,2.6,2.6,0,0.0,0.0,0,26,0.0,0,0,0.0
300,Kevin Coleman,MIA,WR,0,1.3,1.3,0,0.0,0.0,0,13,0.0,0,0,0.0
301,KhaDarel Hodge,SFO,WR,0,7.8,7.799999999999998,0,0.0,0.0,0,78,0.0,0,0,0.0
302,Khalil Shakir,BUF,WR,0,79.5,40.50000000000001,0,0.0,0.0,39,405,0.0,0,0,0.0
303,Kimani Vidal,LAC,RB,0,9.0,9.0,0,0.0,0.0,0,64,0.0,0,26,0.0
304,Kirk Cousins,LVR,QB,0,269.0,269.3,2865,39.0,13.0,0,0,0.0,52,0,0.0
305,Ko Kieft,TAM,TE,0,0.0,0.0,0,0.0,0.0,0,0,0.0,0,0,0.0
306,Kolbe Katsis,DEN,WR,0,0.0,0.0,0,0.0,0.0,0,0,0.0,0,0,0.0
307,Konata Mumpfield,LAR,WR,0,95.2,69.19999999999999,0,0.0,0.0,26,458,3.899999999999999,0,0,0.0
308,Kyle Juszczyk,SFO,FB,0,48.1,35.1,0,0.0,0.0,13,117,3.899999999999999,0,0,0.0
309,Kyle Monangai,CHI,RB,0,129.0,116.00000000000001,0,0.0,0.0,13,155,0.0,130,771,3.899999999999999
310,Kyle Pitts,ATL,TE,0,22.0,9.0,0,0.0,0.0,13,90,0.0,0,0,0.0
311,Kyle Williams,NWE,WR,0,32.5,19.5,0,0.0,0.0,13,195,0.0,0,0,0.0
312,Kylen Granson,TEN,TE,0,0.0,0.0,0,0.0,0.0,0,0,0.0,0,0,0.0
313,Kyler Murray,MIN,QB,0,91.4,91.38,1212,6.5,13.0,0,0,0.0,26,169,0.0
314,Kyren Williams,LAR,RB,0,237.5,185.50000000000003,0,0.0,0.0,52,457,3.899999999999999,169,930,3.899999999999999
315,LaJohntay Wester,BAL,WR,0,25.9,12.9,0,0.0,0.0,13,129,0.0,0,0,0.0
316,Ladd McConkey,LAC,WR,0,154.8,102.80000000000001,0,0.0,0.0,52,794,3.899999999999999,0,0,0.0
317,Lamar Jackson,BAL,QB,0,273.3,273.3,3225,16.900000000000002,3.899999999999999,0,0,0.0,78,533,3.899999999999999
318,Lan Larison,NWE,RB,0,37.7,11.700000000000003,0,0.0,0.0,26,117,0.0,0,0,0.0
319,Laquon Treadwell,IND,WR,0,48.2,35.199999999999996,0,0.0,0.0,13,352,0.0,0,0,0.0
320,LeQuint Allen,JAX,RB,0,16.9,3.899999999999999,0,0.0,0.0,13,39,0.0,0,0,0.0
321,Lew Nichols,PIT,RB,0,0.0,0.0,0,0.0,0.0,0,0,0.0,13,0,0.0
322,Lewis Bond,HOU,WR,0,0.0,0.0,0,0.0,0.0,0,0,0.0,0,0,0.0
323,Lil'Jordan Humphrey,DEN,WR,0,0.0,0.0,0,0.0,0.0,0,0,0.0,0,0,0.0
324,Luke Farrell,SFO,TE,0,20.8,7.799999999999998,0,0.0,0.0,13,78,0.0,0,0,0.0
325,Luke McCaffrey,WSH,WR,0,0.0,0.0,0,0.0,0.0,0,0,0.0,0,0,0.0
326,Luke Schoonmaker,DAL,TE,0,22.1,9.1,0,0.0,0.0,13,91,0.0,0,0,0.0
327,Luther Burden,CHI,WR,0,159.9,94.89999999999998,0,0.0,0.0,65,676,3.899999999999999,13,39,0.0
328,Mac Jones,SFO,QB,0,-2.6,-2.6,0,0.0,0.0,0,0,0.0,26,0,0.0
329,Mack Hollins,NWE,WR,0,119.3,67.30000000000001,0,0.0,0.0,52,673,0.0,0,0,0.0
330,Makai Lemon,PHI,WR,0,40.2,14.199999999999998,0,0.0,0.0,26,168,0.0,0,0,0.0
331,Malachi Corley,CLE,WR,0,0.0,0.0,0,0.0,0.0,0,0,0.0,0,0,0.0
332,Malachi Fields,NYG,WR,0,58.5,32.5,0,0.0,0.0,26,325,0.0,0,0,0.0
333,Malik Benson,LVR,WR,0,-1.3,-1.2999999999999998,0,0.0,0.0,0,26,0.0,0,0,0.0
334,Malik McClain,NYJ,WR,0,0.0,0.0,0,0.0,0.0,0,0,0.0,0,0,0.0
335,Malik Nabers,NYG,WR,0,93.7,41.7,0,0.0,0.0,52,417,0.0,0,0,0.0
336,Malik Washington,MIA,WR,0,122.2,70.2,0,0.0,0.0,52,663,0.0,13,39,0.0
337,Malik Willis,MIA,QB,0,192.1,191.57999999999993,2717,3.899999999999999,9.1,0,0,0.0,78,439,3.899999999999999
338,MarShawn Lloyd,GNB,RB,0,71.5,58.5,0,0.0,0.0,13,52,3.899999999999999,104,299,0.0
339,Marcus Mariota,WSH,QB,0,189.6,189.58,1912,26.0,0.0,0,0,0.0,39,91,0.0
340,Mark Andrews,BAL,TE,0,105.1,53.10000000000001,0,0.0,0.0,52,531,0.0,0,0,0.0
341,Mark Redman,GNB,TE,0,0.0,0.0,0,0.0,0.0,0,0,0.0,0,0,0.0
342,Marlin Klein,HOU,TE,0,6.7,6.699999999999999,0,0.0,0.0,0,67,0.0,0,0,0.0
343,Marquez Valdes-Scantling,LAC,WR,0,0.0,0.0,0,0.0,0.0,0,0,0.0,0,0,0.0
344,Marquise Brown,PHI,WR,0,15.6,15.599999999999996,0,0.0,0.0,0,0,0.0,26,156,0.0
345,Marvin Harrison Jr.,ARI,WR,0,44.2,31.199999999999992,0,0.0,0.0,13,312,0.0,0,0,0.0
346,Marvin Mims,DEN,WR,0,0.0,0.0,0,0.0,0.0,0,0,0.0,0,0,0.0
347,Mason Rudolph,PIT,QB,0,3.9,3.899999999999999,0,0.0,0.0,0,0,0.0,13,39,0.0
348,Mason Taylor,NYJ,TE,0,11.7,-1.3,0,0.0,0.0,13,0,0.0,0,0,0.0
349,Matthew Golden,GNB,WR,0,198.1,133.1,0,0.0,0.0,65,1097,3.899999999999999,0,0,0.0
350,Matthew Hibner,BAL,TE,0,52.0,39.0,0,0.0,0.0,13,156,3.899999999999999,0,0,0.0
351,Matthew Stafford,LAR,QB,0,260.2,260.22,3778,26.0,16.900000000000002,0,0,0.0,39,51,0.0
352,Max Bredeson,MIN,FB,0,0.0,0.0,0,0.0,0.0,0,0,0.0,0,0,0.0
353,Max Klare,LAR,TE,0,0.0,0.0,0,0.0,0.0,0,0,0.0,0,0,0.0
354,Michael Burton,CLE,FB,0,0.0,0.0,0,0.0,0.0,0,0,0.0,0,0,0.0
355,Michael Mayer,LVR,TE,0,113.1,61.10000000000001,0,0.0,0.0,52,377,3.899999999999999,0,0,0.0
356,Michael Penix,ATL,QB,0,182.0,182.52,3328,13.0,13.0,0,0,0.0,26,0,0.0
357,Michael Pittman Jr.,PIT,WR,0,79.1,48.10000000000001,0,0.0,0.0,31,481,0.0,0,0,0.0
358,Michael Wilson,ARI,WR,0,171.8,93.80000000000001,0,0.0,0.0,78,704,3.899999999999999,0,0,0.0
359,Mike Evans,SFO,WR,0,166.4,114.39999999999998,0,0.0,0.0,52,598,9.1,0,0,0.0
360,Mike Gesicki,CIN,TE,0,143.0,103.99999999999997,0,0.0,0.0,39,500,9.0,0,0,0.0
361,Mike Washington Jr.,LVR,RB,0,67.7,67.7,0,0.0,0.0,0,0,0.0,65,443,3.899999999999999
362,Mitchell Evans,CAR,TE,0,50.8,24.799999999999994,0,0.0,0.0,26,248,0.0,0,0,0.0
363,Mo Alie-Cox,IND,TE,0,6.5,6.5,0,0.0,0.0,0,65,0.0,0,0,0.0
364,Montorie Foster,SEA,WR,0,0.0,0.0,0,0.0,0.0,0,0,0.0,0,0,0.0
365,Myles Price,MIN,WR,0,0.0,0.0,0,0.0,0.0,0,0,0.0,0,0,0.0
366,Najee Harris,NYG,RB,0,37.6,37.599999999999994,0,0.0,0.0,0,0,0.0,83,376,0.0
367,Nate Adkins,DEN,TE,0,87.5,74.5,0,0.0,0.0,13,173,9.1,0,26,0.0
368,Nate Boerkircher,JAX,TE,0,3.9,3.899999999999999,0,0.0,0.0,0,39,0.0,0,0,0.0
369,Nicholas Singleton,TEN,RB,0,6.5,6.5,0,0.0,0.0,0,0,0.0,26,65,0.0
370,Nick Kallerup,SEA,TE,0,0.0,0.0,0,0.0,0.0,0,0,0.0,0,0,0.0
371,Nick Mullens,JAX,QB,0,-3.9,-3.899999999999999,0,0.0,0.0,0,0,0.0,39,0,0.0
372,Nick Muse,ATL,TE,0,0.0,0.0,0,0.0,0.0,0,0,0.0,0,0,0.0
373,Nick Westbrook-Ikhine,IND,WR,0,0.0,0.0,0,0.0,0.0,0,0,0.0,0,0,0.0
374,Nico Collins,HOU,WR,0,275.6,184.59999999999997,0,0.0,0.0,91,975,13.0,13,91,0.0
375,Nikko Remigio,KAN,WR,0,0.0,0.0,0,0.0,0.0,0,0,0.0,0,0,0.0
376,Noah Fant,NOR,TE,0,145.6,106.60000000000002,0,0.0,0.0,39,286,13.0,0,0,0.0
377,Noah Gray,KAN,TE,0,32.0,19.0,0,0.0,0.0,13,190,0.0,0,0,0.0
378,Odell Beckham Jr.,NYG,WR,0,0.0,0.0,0,0.0,0.0,0,0,0.0,0,0,0.0
379,Olamide Zaccheaus,ATL,WR,0,20.8,7.799999999999998,0,0.0,0.0,13,78,0.0,0,0,0.0
380,Ollie Gordon,MIA,RB,0,63.5,50.49999999999999,0,0.0,0.0,13,63,0.0,91,208,3.899999999999999
381,Omar Cooper,NYJ,WR,0,52.0,39.0,0,0.0,0.0,13,390,0.0,0,0,0.0
382,Omarion Hampton,LAC,RB,0,160.3,147.3,0,0.0,0.0,13,91,0.0,221,836,9.1
383,Oronde Gadsden II,LAC,TE,0,58.3,45.3,0,0.0,0.0,13,219,3.899999999999999,0,0,0.0
384,Oscar Delp,NOR,TE,0,10.2,5.2,0,0.0,0.0,5,52,0.0,0,0,0.0
385,Parker Washington,JAX,WR,0,215.4,150.39999999999998,0,0.0,0.0,65,958,9.1,0,0,0.0
386,Pat Bryant,DEN,WR,0,93.6,67.6,0,0.0,0.0,26,375,3.899999999999999,0,67,0.0
387,Pat Freiermuth,PIT,TE,0,124.7,72.7,0,0.0,0.0,52,468,4.1,13,13,0.0
388,Patrick Herbert,LAC,TE,0,0.0,0.0,0,0.0,0.0,0,0,0.0,0,0,0.0
389,Patrick Mahomes,KAN,QB,0,302.0,302.00000000000006,3510,30.000000000000004,9.1,0,0,0.0,39,182,3.899999999999999
390,Patrick Ricard,NYG,FB,0,0.0,0.0,0,0.0,0.0,0,0,0.0,0,0,0.0
391,Payne Durham,TAM,TE,0,0.0,0.0,0,0.0,0.0,0,0,0.0,0,0,0.0
392,Puka Nacua,LAR,WR,0,161.2,96.20000000000002,0,0.0,0.0,65,962,0.0,0,0,0.0
393,Quentin Johnston,LAC,WR,0,56.1,30.100000000000005,0,0.0,0.0,26,275,0.0,0,26,0.0
394,Quinn Ewers,JAX,QB,0,0.0,0.0,0,0.0,0.0,0,0,0.0,0,0,0.0
395,Quinshon Judkins,CLE,RB,0,116.0,77.0,0,0.0,0.0,39,233,0.0,182,537,0.0
396,Quintin Morris,JAX,TE,0,2.6,2.6,0,0.0,0.0,0,26,0.0,0,0,0.0
397,RJ Harvey,DEN,RB,0,122.2,57.19999999999999,0,0.0,0.0,65,416,0.0,33,156,0.0
398,Rachaad White,WSH,RB,0,127.4,88.39999999999998,0,0.0,0.0,39,221,3.899999999999999,91,429,0.0
399,Raheim Sanders,CLE,RB,0,76.7,37.699999999999996,0,0.0,0.0,39,286,0.0,13,91,0.0
400,Rashee Rice,KAN,WR,0,157.6,105.59999999999998,0,0.0,0.0,52,822,3.899999999999999,0,0,0.0
401,Rasheen Ali,BAL,RB,0,0.0,0.0,0,0.0,0.0,0,0,0.0,0,0,0.0
402,Rashid Shaheed,SEA,WR,0,50.4,24.4,0,0.0,0.0,26,231,0.0,0,13,0.0
403,Rashod Bateman,BAL,WR,0,116.5,77.5,0,0.0,0.0,39,541,3.899999999999999,0,0,0.0
404,Ray Davis,BUF,RB,0,1.3,1.3,0,0.0,0.0,0,0,0.0,0,13,0.0
405,Reggie Gilliam,NWE,FB,0,1.3,1.3,0,0.0,0.0,0,13,0.0,0,0,0.0
406,Rhamondre Stevenson,NWE,RB,0,116.8,77.8,0,0.0,0.0,39,273,0.0,130,505,0.0
407,Rico Dowdle,PIT,RB,0,68.1,42.10000000000001,0,0.0,0.0,26,182,0.0,98,239,0.0
408,Riley Nowakowski,PIT,FB,0,0.0,0.0,0,0.0,0.0,0,0,0.0,0,0,0.0
409,Robert Tonyan,PIT,TE,0,1.3,1.3,0,0.0,0.0,0,13,0.0,0,0,0.0
410,Roman Wilson,PIT,WR,0,124.8,72.8,0,0.0,0.0,52,494,3.899999999999999,0,0,0.0
411,Rome Odunze,CHI,WR,0,98.8,59.80000000000001,0,0.0,0.0,39,598,0.0,0,0,0.0
412,Romeo Doubs,NWE,WR,0,88.7,62.69999999999998,0,0.0,0.0,26,627,0.0,0,0,0.0
413,Ronnie Rivers,LAR,RB,0,23.8,15.8,0,0.0,0.0,8,34,0.0,33,124,0.0
414,Roschon Johnson,CHI,RB,0,0.0,0.0,0,0.0,0.0,0,0,0.0,0,0,0.0
415,Ryan Flournoy,DAL,WR,0,67.6,28.599999999999994,0,0.0,0.0,39,286,0.0,0,0,0.0
416,Ryan Miller,MIA,WR,0,76.3,63.3,0,0.0,0.0,13,399,3.899999999999999,0,0,0.0
417,Sam Darnold,SEA,QB,0,208.6,208.54,2536,26.0,13.0,0,0,0.0,6,31,0.0
418,Sam LaPorta,DET,TE,0,150.8,85.79999999999998,0,0.0,0.0,65,624,3.899999999999999,0,0,0.0
419,Sam Roush,CHI,TE,0,23.5,10.500000000000002,0,0.0,0.0,13,105,0.0,0,0,0.0
420,Samaje Perine,CIN,RB,0,63.6,37.599999999999994,0,0.0,0.0,26,221,0.0,39,155,0.0
421,Saquon Barkley,PHI,RB,0,91.3,78.30000000000001,0,0.0,0.0,13,26,0.0,143,757,0.0
422,Sean Tucker,TAM,RB,0,0.0,0.0,0,0.0,0.0,0,0,0.0,0,0,0.0
423,Seth McGowan,IND,RB,0,6.5,6.5,0,0.0,0.0,0,0,0.0,26,65,0.0
424,Seydou Traore,MIA,TE,0,0.0,0.0,0,0.0,0.0,0,0,0.0,0,0,0.0
425,Shedeur Sanders,CLE,QB,0,0.0,0.0,0,0.0,0.0,0,0,0.0,0,0,0.0
426,Simi Fehoko,ARI,WR,0,0.0,0.0,0,0.0,0.0,0,0,0.0,0,0,0.0
427,Sione Vaki,DET,RB,0,45.5,32.5,0,0.0,0.0,13,156,0.0,39,169,0.0
428,Skyy Moore,GNB,WR,0,41.8,15.799999999999997,0,0.0,0.0,26,158,0.0,0,0,0.0
429,Stefon Diggs,WSH,WR,0,188.5,136.5,0,0.0,0.0,52,585,13.0,0,0,0.0
430,Sterling Shepard,NYJ,WR,0,16.9,3.899999999999999,0,0.0,0.0,13,39,0.0,0,0,0.0
431,Stetson Bennett,LAR,QB,0,18.2,18.46,169,0.0,0.0,0,0,0.0,13,117,0.0
432,T.J. Hockenson,MIN,TE,0,95.0,55.999999999999986,0,0.0,0.0,39,326,3.899999999999999,0,0,0.0
433,Tahj Brooks,CIN,RB,0,0.0,0.0,0,0.0,0.0,0,0,0.0,0,0,0.0
434,Tai Felton,MIN,WR,0,0.0,0.0,0,0.0,0.0,0,0,0.0,0,0,0.0
435,Tank Bigsby,PHI,RB,0,55.9,42.89999999999999,0,0.0,0.0,13,39,0.0,65,156,3.899999999999999
436,Tanner Arkin,NWE,TE,0,0.0,0.0,0,0.0,0.0,0,0,0.0,0,0,0.0
437,Tanner Hudson,CIN,TE,0,30.0,11.000000000000002,0,0.0,0.0,19,110,0.0,0,0,0.0
438,Tanner Koziol,JAX,TE,0,0.0,0.0,0,0.0,0.0,0,0,0.0,0,0,0.0
439,Tay Martin,DET,WR,0,0.0,0.0,0,0.0,0.0,0,0,0.0,0,0,0.0
440,Ted Hurst,TAM,WR,0,93.7,67.70000000000002,0,0.0,0.0,26,443,3.899999999999999,0,0,0.0
441,Tee Higgins,CIN,WR,0,194.1,129.1,0,0.0,0.0,65,1057,3.899999999999999,0,0,0.0
442,Terrance Ferguson,LAR,TE,0,76.7,50.69999999999999,0,0.0,0.0,26,273,3.899999999999999,0,0,0.0
443,Terry McLaurin,WSH,WR,0,123.4,84.4,0,0.0,0.0,39,610,3.899999999999999,0,0,0.0
444,Tetairoa McMillan,CAR,WR,0,135.9,83.9,0,0.0,0.0,52,839,0.0,0,0,0.0
445,Tez Johnson,TAM,WR,0,36.2,23.200000000000003,0,0.0,0.0,13,245,0.0,0,0,0.0
446,Theo Johnson,NYG,TE,0,3.9,3.899999999999999,0,0.0,0.0,0,39,0.0,0,0,0.0
447,Tom Kennedy,DET,WR,0,0.0,0.0,0,0.0,0.0,0,0,0.0,0,0,0.0
448,Tommy DeVito,NWE,QB,0,18.2,18.2,390,0.0,0.0,0,0,0.0,13,26,0.0
449,Tommy Tremble,CAR,TE,0,56.3,30.3,0,0.0,0.0,26,303,0.0,0,0,0.0
450,Tony Pollard,TEN,RB,0,110.2,84.20000000000002,0,0.0,0.0,26,92,0.0,169,750,0.0
451,Tory Horton,SEA,WR,0,52.2,31.199999999999996,0,0.0,0.0,21,312,0.0,0,0,0.0
452,Travis Etienne,NOR,RB,0,129.8,77.8,0,0.0,0.0,52,221,0.0,130,557,0.0
453,Travis Homer,PIT,RB,0,10.4,10.4,0,0.0,0.0,0,0,0.0,17,104,0.0
454,Travis Hunter,JAX,WR,0,5.2,5.2,0,0.0,0.0,0,39,0.0,0,13,0.0
455,Travis Kelce,KAN,TE,0,219.7,154.70000000000002,0,0.0,0.0,65,1001,9.1,0,0,0.0
456,Tre Harris,LAC,WR,0,103.5,64.5,0,0.0,0.0,39,645,0.0,0,0,0.0
457,Tre Tucker,LVR,WR,0,157.3,105.29999999999997,0,0.0,0.0,52,819,3.899999999999999,0,0,0.0
458,TreVeyon Henderson,NWE,RB,0,108.5,107.5,0,0.0,0.0,1,39,0.0,156,646,6.5
459,Trevor Lawrence,JAX,QB,0,241.9,242.01999999999998,2668,30.2,9.1,0,0,0.0,39,145,0.0
460,Trey McBride,ARI,TE,0,262.8,145.8,0,0.0,0.0,117,912,9.1,0,0,0.0
461,Treylon Burks,WSH,WR,0,60.6,47.60000000000001,0,0.0,0.0,13,86,6.5,0,0,0.0
462,Treyton Welch,NOR,TE,0,0.0,0.0,0,0.0,0.0,0,0,0.0,0,0,0.0
463,Troy Franklin,DEN,WR,0,36.4,23.400000000000006,0,0.0,0.0,13,208,0.0,0,26,0.0
464,Tucker Kraft,GNB,TE,0,84.6,45.6,0,0.0,0.0,39,456,0.0,0,0,0.0
465,Tutu Atwell,LAR,WR,0,37.7,24.699999999999996,0,0.0,0.0,13,247,0.0,0,0,0.0
466,Ty Johnson,BUF,RB,0,117.0,65.0,0,0.0,0.0,52,650,0.0,0,0,0.0
467,Tyjae Spears,TEN,RB,0,55.8,42.8,0,0.0,0.0,13,178,0.0,52,250,0.0
468,Tylan Wallace,CLE,WR,0,0.0,0.0,0,0.0,0.0,0,0,0.0,0,0,0.0
469,Tyler Allgeier,ARI,RB,0,80.9,41.900000000000006,0,0.0,0.0,39,117,0.0,104,302,0.0
470,Tyler Badie,DEN,RB,0,46.1,28.1,0,0.0,0.0,18,260,0.0,13,21,0.0
471,Tyler Conklin,DET,TE,0,0.0,0.0,0,0.0,0.0,0,0,0.0,0,0,0.0
472,Tyler Goodson,DAL,RB,0,35.1,22.099999999999994,0,0.0,0.0,13,0,0.0,78,286,0.0
473,Tyler Higbee,LAR,TE,0,94.3,55.3,0,0.0,0.0,39,319,3.899999999999999,0,0,0.0
474,Tyler Shough,NOR,QB,0,350.7,350.65999999999997,3974,34.9,13.0,0,0,0.0,65,287,3.899999999999999
475,Tyler Warren,IND,TE,0,173.4,95.39999999999998,0,0.0,0.0,78,382,9.1,13,26,0.0
476,Tyquan Thornton,KAN,WR,0,72.9,46.90000000000001,0,0.0,0.0,26,469,0.0,0,0,0.0
477,Tyrone Tracy Jr.,NYG,RB,0,7.8,7.799999999999998,0,0.0,0.0,0,0,0.0,13,78,0.0
478,Tyson Bagent,CHI,QB,0,28.6,28.080000000000002,702,0.0,0.0,0,0,0.0,0,0,0.0
479,Velus Jones Jr.,SEA,RB,0,0.0,0.0,0,0.0,0.0,0,0,0.0,0,0,0.0
480,Wan'Dale Robinson,TEN,WR,0,120.7,68.69999999999999,0,0.0,0.0,52,453,3.899999999999999,0,0,0.0
481,Will Kacmarek,MIA,TE,0,1.3,1.3,0,0.0,0.0,0,13,0.0,0,0,0.0
482,Will Shipley,PHI,RB,0,35.4,22.4,0,0.0,0.0,13,104,0.0,39,120,0.0
483,Woody Marks,HOU,RB,0,90.8,64.8,0,0.0,0.0,26,132,0.0,91,282,3.899999999999999
484,Xavier Hutchinson,HOU,WR,0,92.3,53.30000000000001,0,0.0,0.0,39,520,0.0,13,13,0.0
485,Xavier Legette,CAR,WR,0,54.6,41.6,0,0.0,0.0,13,416,0.0,0,0,0.0
486,Xavier Smith,LAR,WR,0,0.0,0.0,0,0.0,0.0,0,0,0.0,0,0,0.0
487,Xavier Worthy,KAN,WR,0,89.7,50.69999999999999,0,0.0,0.0,39,273,3.899999999999999,0,0,0.0
488,Zach Ertz,PHI,TE,0,24.7,11.700000000000003,0,0.0,0.0,13,117,0.0,0,0,0.0
489,Zachariah Branch,ATL,WR,0,22.1,9.1,0,0.0,0.0,13,91,0.0,0,0,0.0
490,Zavion Thomas,CHI,WR,0,0.0,0.0,0,0.0,0.0,0,0,0.0,0,0,0.0
491,Zay Flowers,BAL,WR,0,268.9,203.89999999999998,0,0.0,0.0,65,1519,6.5,7,130,0.0
492,Zonovan Knight,ARI,RB,0,10.4,10.4,0,0.0,0.0,0,0,0.0,13,104,0.0
