Rank,Player,Team,Pos.,PPR,STD,PassYds,PassTD,Int,Rec,RecYds,RecTD,RushAtt,RushYds,RushTD
1,A.J. Brown,NWE,WR,5.6,2.6,0,0.0,0.0,3,26,0.0,0,0,0.0
2,AJ Barner,SEA,TE,7.8,4.8,0,0.0,0.0,3,30,0.0,0,0,0.3
3,AJ Dillon,CAR,RB,1.2,1.2,0,0.0,0.0,0,0,0.0,4,13,0.0
4,Aaron Jones,MIN,RB,11.8,9.8,0,0.0,0.0,2,12,0.0,17,68,0.3
5,Aaron Rodgers,PIT,QB,15.3,15.3,233,1.4,0.7,0,0,0.0,2,4,0.0
6,Adam Prentice,DEN,FB,0.1,0.1,0,0.0,0.0,0,1,0.0,0,0,0.0
7,Adam Trautman,DEN,TE,1.3,0.3,0,0.0,0.0,1,3,0.0,0,0,0.0
8,Adonai Mitchell,NYJ,WR,10.1,6.1,0,0.0,0.0,4,61,0.0,0,0,0.0
9,Alec Ingold,LAC,FB,2.1,1.1,0,0.0,0.0,1,11,0.0,0,0,0.0
10,Alec Pierce,IND,WR,5.6,3.6,0,0.0,0.0,2,36,0.0,0,0,0.0
11,Alvin Kamara,NOR,RB,6.1,3.1,0,0.0,0.0,3,6,0.0,9,25,0.0
12,Ameer Abdullah,JAX,RB,2.6,1.6,0,0.0,0.0,1,1,0.0,3,15,0.0
13,Amon-Ra St. Brown,DET,WR,25.8,17.8,0,0.0,0.0,8,76,1.7,0,0,0.0
14,Andrei Iosivas,CIN,WR,2.0,1.0,0,0.0,0.0,1,10,0.0,0,0,0.0
15,Andrew Beck,NYJ,FB,0.0,0.0,0,0.0,0.0,0,0,0.0,0,0,0.0
16,Andrew Ogletree,IND,TE,0.0,0.0,0,0.0,0.0,0,0,0.0,0,0,0.0
17,Andy Dalton,PHI,QB,0.0,0.0,0,0.0,1.0,0,0,0.0,0,0,0.0
18,Anthony Gould,IND,WR,0.0,0.0,0,0.0,0.0,0,0,0.0,0,0,0.0
19,Anthony Tyus,CAR,RB,0.0,0.0,0,0.0,0.0,0,0,0.0,0,0,0.0
20,Antonio Williams,WSH,WR,8.2,5.2,0,0.0,0.0,3,34,0.3,0,0,0.0
21,Arian Smith,NYJ,WR,0.0,0.0,0,0.0,0.0,0,0,0.0,0,0,0.0
22,Ashton Dulin,IND,WR,0.0,0.0,0,0.0,0.0,0,0,0.0,0,0,0.0
23,Ashton Jeanty,LVR,RB,18.3,14.3,0,0.0,0.0,4,32,0.7,21,69,0.0
24,Austin Hooper,ATL,TE,3.8,2.8,0,0.0,0.0,1,10,0.3,0,0,0.0
25,Baker Mayfield,TAM,QB,15.0,15.0,205,0.7,0.7,0,0,0.0,4,22,0.3
26,Barion Brown,NOR,WR,0.1,0.1,0,0.0,0.0,0,0,0.0,0,1,0.0
27,Bauer Sharp,TAM,TE,0.0,0.0,0,0.0,0.0,0,0,0.0,0,0,0.0
28,Ben Sinnott,WSH,TE,0.2,0.2,0,0.0,0.0,0,2,0.0,0,0,0.0
29,Ben Skowronek,PIT,WR,3.6,2.6,0,0.0,0.0,1,8,0.3,0,0,0.0
30,Ben VanSumeren,KAN,FB,0.0,0.0,0,0.0,0.0,0,0,0.0,0,0,0.0
31,Bhayshul Tuten,JAX,RB,14.2,12.2,0,0.0,0.0,2,12,0.0,14,68,0.7
32,Bijan Robinson,ATL,RB,24.8,20.8,0,0.0,0.0,4,39,0.3,22,115,0.6
33,Blake Corum,LAR,RB,6.4,5.4,0,0.0,0.0,1,4,0.0,9,50,0.0
34,Blake Whiteheart,CLE,TE,3.8,2.8,0,0.0,0.0,1,10,0.3,0,0,0.0
35,Bo Melton,GNB,WR,0.3,0.3,0,0.0,0.0,0,3,0.0,0,0,0.0
36,Bo Nix,DEN,QB,15.5,15.5,201,1.3,1.0,0,0,0.0,4,5,0.3
37,Brady Russell,SEA,FB,2.3,1.3,0,0.0,0.0,1,13,0.0,0,0,0.0
38,Braelon Allen,NYJ,RB,5.2,4.2,0,0.0,0.0,1,4,0.0,6,20,0.3
39,Brashard Smith,KAN,RB,0.1,0.1,0,0.0,0.0,0,1,0.0,0,0,0.0
40,Braxton Berrios,NYG,WR,0.0,0.0,0,0.0,0.0,0,0,0.0,0,0,0.0
41,Brayden Willis,SFO,TE,0.0,0.0,0,0.0,0.0,0,0,0.0,0,0,0.0
42,Breece Hall,NYJ,RB,13.7,10.7,0,0.0,0.0,3,34,0.0,17,55,0.3
43,Brenen Thompson,LAC,WR,1.6,0.6,0,0.0,0.0,1,6,0.0,0,0,0.0
44,Brenton Strange,JAX,TE,6.2,4.2,0,0.0,0.0,2,24,0.3,0,0,0.0
45,Brevyn Spann-Ford,DAL,TE,2.1,1.1,0,0.0,0.0,1,11,0.0,0,0,0.0
46,Brian Robinson Jr.,ATL,RB,7.7,6.7,0,0.0,0.0,1,5,0.0,10,44,0.3
47,Brian Thomas,JAX,WR,5.0,3.0,0,0.0,0.0,2,30,0.0,0,0,0.0
48,Britain Covey,PHI,WR,0.0,0.0,0,0.0,0.0,0,0,0.0,0,0,0.0
49,British Brooks,HOU,RB,0.0,0.0,0,0.0,0.0,0,0,0.0,0,0,0.0
50,Brock Bowers,LVR,TE,27.6,17.6,0,0.0,0.0,10,116,1.0,0,0,0.0
51,Brock Purdy,SFO,QB,27.4,27.4,263,3.0,0.3,0,0,0.0,3,31,0.3
52,Brock Wright,DET,TE,1.4,0.4,0,0.0,0.0,1,4,0.0,0,0,0.0
53,Bryce Lance,NOR,WR,2.7,1.7,0,0.0,0.0,1,17,0.0,0,0,0.0
54,Bryce Young,CAR,QB,24.1,24.1,314,2.3,0.7,0,0,0.0,1,5,0.3
55,Brycen Tremayne,CAR,WR,3.7,2.7,0,0.0,0.0,1,27,0.0,0,0,0.0
56,Bucky Irving,TAM,RB,13.8,9.8,0,0.0,0.0,4,20,0.0,13,60,0.3
57,C.J. Stroud,HOU,QB,16.4,16.4,264,1.0,0.0,0,0,0.0,2,18,0.0
58,CJ Donaldson,NOR,RB,0.3,0.3,0,0.0,0.0,0,0,0.0,1,4,0.0
59,CJ Williams,JAX,WR,0.0,0.0,0,0.0,0.0,0,0,0.0,0,0,0.0
60,Cade Otton,TAM,TE,8.0,4.0,0,0.0,0.0,4,40,0.0,0,0,0.0
61,Cade Stover,HOU,TE,-0.1,-0.1,0,0.0,0.0,0,0,0.0,0,0,0.0
62,Caleb Douglas,MIA,WR,8.7,5.7,0,0.0,0.0,3,57,0.0,0,0,0.0
63,Caleb Williams,CHI,QB,23.5,23.5,203,1.0,0.5,0,0,0.0,7,54,1.0
64,Calvin Ridley,TEN,WR,2.2,1.2,0,0.0,0.0,1,12,0.0,0,0,0.0
65,Cam Skattebo,NYG,RB,11.6,9.6,0,0.0,0.0,2,19,0.0,17,59,0.3
66,Cam Ward,TEN,QB,14.7,14.7,168,0.7,0.3,0,0,0.0,3,10,0.7
67,Cameron Latu,NWE,TE,0.0,0.0,0,0.0,0.0,0,0,0.0,0,0,0.0
68,Carnell Tate,TEN,WR,8.1,4.1,0,0.0,0.0,4,41,0.0,0,0,0.0
69,Carsen Ryan,CLE,TE,0.0,0.0,0,0.0,0.0,0,0,0.0,0,0,0.0
70,Carson Wentz,MIN,QB,11.7,11.7,138,1.5,0.0,0,0,0.0,4,2,0.0
71,Case Keenum,CHI,QB,24.5,24.5,247,2.0,0.0,0,0,0.0,4,6,1.0
72,CeeDee Lamb,DAL,WR,23.2,16.2,0,0.0,0.0,7,102,1.0,0,0,0.0
73,Charlie Kolar,LAC,TE,2.0,1.0,0,0.0,0.0,1,10,0.0,0,0,0.0
74,Charlie Woerner,ATL,TE,0.0,0.0,0,0.0,0.0,0,0,0.0,0,0,0.0
75,Chase Brown,CIN,RB,12.5,9.5,0,0.0,0.0,3,11,0.0,16,66,0.3
76,Chig Okonkwo,WSH,TE,3.6,1.6,0,0.0,0.0,2,16,0.0,0,0,0.0
77,Chimere Dike,TEN,WR,1.3,0.3,0,0.0,0.0,1,3,0.0,0,0,0.0
78,Chris Bell,MIA,WR,5.1,3.1,0,0.0,0.0,2,31,0.0,0,0,0.0
79,Chris Blair,ATL,WR,0.2,0.2,0,0.0,0.0,0,2,0.0,0,0,0.0
80,Chris Brooks,GNB,RB,2.9,1.9,0,0.0,0.0,1,6,0.0,4,13,0.0
81,Chris Godwin,TAM,WR,7.2,4.2,0,0.0,0.0,3,37,0.0,1,5,0.0
82,Chris Manhertz,NYG,TE,0.0,0.0,0,0.0,0.0,0,0,0.0,0,0,0.0
83,Chris Moore,BAL,WR,4.9,3.9,0,0.0,0.0,1,21,0.3,0,0,0.0
84,Chris Myarick,LVR,TE,0.0,0.0,0,0.0,0.0,0,0,0.0,0,0,0.0
85,Chris Olave,NOR,WR,23.3,14.3,0,0.0,0.0,9,125,0.3,0,0,0.0
86,Chris Rodriguez,JAX,RB,4.3,4.3,0,0.0,0.0,0,0,0.0,7,25,0.3
87,Christian McCaffrey,SFO,RB,19.0,15.0,0,0.0,0.0,4,35,0.0,12,55,1.0
88,Christian Watson,GNB,WR,23.1,17.1,0,0.0,0.0,6,93,1.3,0,0,0.0
89,Chuba Hubbard,CAR,RB,17.7,14.7,0,0.0,0.0,3,26,0.7,14,61,0.3
90,Cody White,LVR,WR,7.9,6.9,0,0.0,0.0,1,9,1.0,0,0,0.0
91,Colbie Young,CIN,WR,1.3,0.3,0,0.0,0.0,1,3,0.0,0,0,0.0
92,Colby Parkinson,LAR,TE,1.7,0.7,0,0.0,0.0,1,7,0.0,0,0,0.0
93,Cole Kmet,CHI,TE,4.0,3.0,0,0.0,0.0,1,12,0.3,0,0,0.0
94,Colson Yankoff,WSH,TE,1.5,0.5,0,0.0,0.0,1,5,0.0,0,0,0.0
95,Colston Loveland,CHI,TE,3.1,1.1,0,0.0,0.0,2,11,0.0,0,0,0.0
96,Connor Heyward,LVR,FB,0.1,0.1,0,0.0,0.0,0,0,0.0,1,1,0.0
97,Cooper Kupp,SEA,WR,8.2,5.2,0,0.0,0.0,3,34,0.3,0,0,0.0
98,Cooper Rush,ATL,QB,7.6,7.6,114,0.5,2.0,0,0,0.0,1,10,0.0
99,Corey Kiner,NWE,RB,1.3,1.3,0,0.0,0.0,0,3,0.0,5,10,0.0
100,Courtland Sutton,DEN,WR,5.7,2.7,0,0.0,0.0,3,27,0.0,0,0,0.0
101,Cyrus Allen,KAN,WR,0.0,0.0,0,0.0,0.0,0,0,0.0,0,0,0.0
102,D'Andre Swift,CHI,RB,19.7,16.7,0,0.0,0.0,3,22,0.0,18,85,1.0
103,D.J. Moore,BUF,WR,11.4,7.4,0,0.0,0.0,4,56,0.3,0,0,0.0
104,D.K. Metcalf,PIT,WR,9.1,5.1,0,0.0,0.0,4,33,0.3,0,0,0.0
105,DJ Herman,MIA,FB,0.6,0.6,0,0.0,0.0,0,6,0.0,0,0,0.0
106,Dak Prescott,DAL,QB,21.0,21.0,245,2.3,0.3,0,0,0.0,3,20,0.0
107,Dallas Goedert,PHI,TE,12.0,10.0,0,0.0,0.0,2,40,1.0,0,0,0.0
108,Dalton Kincaid,BUF,TE,15.6,10.6,0,0.0,0.0,5,88,0.3,0,0,0.0
109,Dalton Schultz,HOU,TE,12.9,6.9,0,0.0,0.0,6,69,0.0,0,0,0.0
110,Daniel Bellinger,TEN,TE,1.8,0.8,0,0.0,0.0,1,8,0.0,0,0,0.0
111,Daniel Jones,IND,QB,12.8,12.8,204,1.0,1.0,0,0,0.0,2,6,0.0
112,Dareke Young,LVR,WR,0.9,0.9,0,0.0,0.0,0,9,0.0,0,0,0.0
113,Darius Cooper,PHI,WR,3.7,2.7,0,0.0,0.0,1,9,0.3,0,0,0.0
114,Darnell Mooney,NYG,WR,5.5,3.5,0,0.0,0.0,2,32,0.0,0,3,0.0
115,Darnell Washington,PIT,TE,5.0,3.0,0,0.0,0.0,2,30,0.0,0,0,0.0
116,Darren Waller,CAR,TE,10.9,7.9,0,0.0,0.0,3,37,0.7,0,0,0.0
117,Davante Adams,LAR,WR,22.3,16.3,0,0.0,0.0,6,121,0.7,0,0,0.0
118,David Martin-Robinson,TEN,TE,0.0,0.0,0,0.0,0.0,0,0,0.0,0,0,0.0
119,David Montgomery,HOU,RB,13.0,11.0,0,0.0,0.0,2,16,0.3,12,34,0.7
120,David Moore,CAR,WR,0.0,0.0,0,0.0,0.0,0,0,0.0,0,0,0.0
121,David Njoku,LAC,TE,6.3,3.3,0,0.0,0.0,3,33,0.0,0,0,0.0
122,Davis Allen,LAR,TE,2.3,1.3,0,0.0,0.0,1,13,0.0,0,0,0.0
123,Dawson Knox,BUF,TE,3.4,2.4,0,0.0,0.0,1,6,0.3,0,0,0.0
124,De'Von Achane,MIA,RB,7.9,5.9,0,0.0,0.0,2,16,0.0,11,43,0.0
125,De'Zhaun Stribling,SFO,WR,0.0,0.0,0,0.0,0.0,0,0,0.0,0,0,0.0
126,DeMario Douglas,NWE,WR,4.3,2.3,0,0.0,0.0,2,23,0.0,0,0,0.0
127,DeVonta Smith,PHI,WR,15.7,9.7,0,0.0,0.0,6,79,0.3,0,0,0.0
128,Dean Connors,LAR,RB,0.0,0.0,0,0.0,0.0,0,0,0.0,0,0,0.0
129,DeeJay Dallas,MIN,RB,1.7,0.7,0,0.0,0.0,1,4,0.0,1,3,0.0
130,Deebo Samuel,SFO,WR,13.5,10.5,0,0.0,0.0,3,53,0.7,1,10,0.0
131,Deion Burks,IND,WR,0.5,0.5,0,0.0,0.0,0,0,0.0,1,5,0.0
132,Demarcus Robinson,SFO,WR,9.2,7.2,0,0.0,0.0,2,42,0.5,0,0,0.0
133,Demond Claiborne,MIN,RB,1.1,0.1,0,0.0,0.0,1,1,0.0,1,0,0.0
134,Denzel Boston,CLE,WR,13.7,10.7,0,0.0,0.0,3,65,0.7,0,0,0.0
135,Derius Davis,LAC,WR,0.0,0.0,0,0.0,0.0,0,0,0.0,0,0,0.0
136,Derrick Henry,BAL,RB,25.4,23.4,0,0.0,0.0,2,13,0.0,22,101,2.0
137,Deshaun Watson,CLE,QB,18.1,18.1,196,1.7,0.3,0,0,0.0,8,35,0.0
138,Devaughn Vele,NOR,WR,12.5,7.5,0,0.0,0.0,5,57,0.3,0,0,0.0
139,Devin Duvernay,ARI,WR,0.0,0.0,0,0.0,0.0,0,0,0.0,0,0,0.0
140,Devin Singletary,NYG,RB,7.3,5.3,0,0.0,0.0,2,11,0.5,5,12,0.0
141,Devontez Walker,BAL,WR,3.4,2.4,0,0.0,0.0,1,24,0.0,0,0,0.0
142,Dillon Bell,MIN,WR,0.0,0.0,0,0.0,0.0,0,0,0.0,0,0,0.0
143,Dohnte Meyers,CIN,WR,2.9,1.9,0,0.0,0.0,1,16,0.0,0,3,0.0
144,Dontayvion Wicks,PHI,WR,10.8,7.8,0,0.0,0.0,3,60,0.3,0,0,0.0
145,Drake London,ATL,WR,14.3,9.3,0,0.0,0.0,5,92,0.0,1,1,0.0
146,Drake Maye,NWE,QB,11.7,11.7,195,0.3,2.0,0,0,0.0,5,27,0.0
147,Drew Lock,SEA,QB,17.0,17.0,211,2.0,0.0,0,0,0.0,1,6,0.0
148,Drew Sample,CIN,TE,1.6,0.6,0,0.0,0.0,1,6,0.0,0,0,0.0
149,Durham Smythe,BAL,TE,0.1,0.1,0,0.0,0.0,0,1,0.0,0,0,0.0
150,Dyami Brown,WSH,WR,1.7,0.7,0,0.0,0.0,1,7,0.0,0,0,0.0
151,Dylan Laube,LVR,RB,0.0,0.0,0,0.0,0.0,0,0,0.0,0,0,0.0
152,Dylan Sampson,CLE,RB,0.0,0.0,0,0.0,0.0,0,0,0.0,0,0,0.0
153,E.J. Jenkins,PHI,TE,0.0,0.0,0,0.0,0.0,0,0,0.0,0,0,0.0
154,Efton Chism,NWE,WR,1.2,0.2,8,0.0,0.0,1,0,0.0,0,0,0.0
155,Eli Heidenreich,PIT,RB,0.0,0.0,0,0.0,0.0,0,0,0.0,0,0,0.0
156,Eli Raridon,NWE,TE,5.6,4.6,0,0.0,0.0,1,16,0.5,0,0,0.0
157,Elic Ayomanor,TEN,WR,5.9,4.9,0,0.0,0.0,1,31,0.3,0,0,0.0
158,Elijah Arroyo,SEA,TE,0.6,0.6,0,0.0,0.0,0,6,0.0,0,0,0.0
159,Elijah Higgins,ARI,TE,1.7,0.7,0,0.0,0.0,1,7,0.0,0,0,0.0
160,Elijah Moore,PHI,WR,0.0,0.0,0,0.0,0.0,0,0,0.0,0,0,0.0
161,Emanuel Wilson,SEA,RB,3.6,3.6,0,0.0,0.0,0,0,0.0,11,36,0.0
162,Emari Demercado,DAL,RB,0.7,0.7,0,0.0,0.0,0,0,0.0,3,7,0.0
163,Emeka Egbuka,TAM,WR,10.4,6.4,0,0.0,0.0,4,47,0.3,0,0,0.0
164,Emmett Johnson,KAN,RB,5.1,4.1,0,0.0,0.0,1,22,0.0,5,19,0.0
165,Eric Saubert,SEA,TE,2.9,1.9,0,0.0,0.0,1,1,0.3,0,0,0.0
166,Erick All,CIN,TE,1.2,0.2,0,0.0,0.0,1,2,0.0,0,0,0.0
167,Evan Engram,DEN,TE,5.8,3.8,0,0.0,0.0,2,20,0.3,0,0,0.0
168,Feleipe Franks,CAR,TE,0.0,0.0,0,0.0,0.0,0,0,0.0,0,0,0.0
169,Foster Moreau,HOU,TE,5.6,3.6,0,0.0,0.0,2,18,0.3,0,0,0.0
170,Frank Gore Jr.,BUF,RB,0.2,0.2,0,0.0,0.0,0,0,0.0,1,2,0.0
171,Garrett Wilson,NYJ,WR,19.3,12.3,0,0.0,0.0,7,81,0.7,0,0,0.0
172,Gary Jennings Jr,LAC,WR,0.0,0.0,0,0.0,0.0,0,0,0.0,0,0,0.0
173,Gavin Bartholomew,MIN,TE,0.0,0.0,0,0.0,0.0,0,0,0.0,0,0,0.0
174,Geno Smith,NYJ,QB,17.3,17.3,262,1.4,0.0,0,0,0.0,4,12,0.0
175,George Holani,SEA,RB,5.4,3.4,0,0.0,0.0,2,17,0.0,5,17,0.0
176,George Kittle,SFO,TE,15.8,11.8,0,0.0,0.0,4,58,1.0,0,0,0.0
177,George Pickens,DAL,WR,10.0,5.0,0,0.0,0.0,5,50,0.0,0,0,0.0
178,Germie Bernard,PIT,WR,3.6,1.6,0,0.0,0.0,2,16,0.0,0,0,0.0
179,Greg Dortch,BUF,WR,0.0,0.0,0,0.0,0.0,0,0,0.0,0,0,0.0
180,Greg Dulcich,MIA,TE,6.0,3.0,0,0.0,0.0,3,30,0.0,0,0,0.0
181,Gunnar Helm,TEN,TE,4.8,1.8,0,0.0,0.0,3,18,0.0,0,0,0.0
182,Harold Fannin,CLE,TE,13.4,8.4,0,0.0,0.0,5,42,0.7,0,0,0.0
183,Hayden Rucci,LAC,TE,0.0,0.0,0,0.0,0.0,0,0,0.0,0,0,0.0
184,Hunter Henry,NWE,TE,4.4,2.4,0,0.0,0.0,2,24,0.0,0,0,0.0
185,Hunter Long,ARI,TE,0.2,0.2,0,0.0,0.0,0,2,0.0,0,0,0.0
186,Hunter Luepke,DAL,FB,0.3,0.3,0,0.0,0.0,0,0,0.0,1,3,0.0
187,Ian Thomas,LVR,TE,0.4,0.4,0,0.0,0.0,0,4,0.0,0,0,0.0
188,Isaac TeSlaa,DET,WR,5.1,3.1,0,0.0,0.0,2,31,0.0,0,0,0.0
189,Isaiah Bond,CLE,WR,0.3,0.3,0,0.0,0.0,0,3,0.0,0,0,0.0
190,Isaiah Davis,NYJ,RB,0.0,0.0,0,0.0,0.0,0,0,0.0,0,0,0.0
191,Isaiah Likely,NYG,TE,13.4,8.4,0,0.0,0.0,5,42,0.7,0,0,0.0
192,Isaiah Williams,NYJ,WR,5.6,2.6,0,0.0,0.0,3,21,0.0,0,5,0.0
193,J. Michael Sturdivant,GNB,WR,3.1,1.1,0,0.0,0.0,2,11,0.0,0,0,0.0
194,J.K. Dobbins,DEN,RB,4.1,4.1,0,0.0,0.0,0,1,0.0,12,40,0.0
195,Ja'Kobi Lane,BAL,WR,2.1,1.1,0,0.0,0.0,1,11,0.0,0,0,0.0
196,Ja'Marr Chase,CIN,WR,18.2,12.2,0,0.0,0.0,6,62,1.0,0,0,0.0
197,Jack Bech,LVR,WR,5.4,3.4,0,0.0,0.0,2,16,0.3,0,0,0.0
198,Jack Endries,CIN,TE,0.0,0.0,0,0.0,0.0,0,0,0.0,0,0,0.0
199,Jack Strand,ATL,QB,4.0,4.0,59,0.0,1.0,0,0,0.0,2,16,0.0
200,Jackson Hawes,BUF,TE,0.0,0.0,0,0.0,0.0,0,0,0.0,0,0,0.0
201,Jackson Meeks,DET,TE,0.3,0.3,0,0.0,0.0,0,3,0.0,0,0,0.0
202,Jacob Cowing,SFO,WR,0.0,0.0,0,0.0,0.0,0,0,0.0,0,0,0.0
203,Jacob Saylors,DET,RB,0.0,0.0,0,0.0,0.0,0,0,0.0,0,0,0.0
204,Jacoby Brissett,ARI,QB,16.5,16.5,217,1.3,0.3,0,0,0.0,4,8,0.3
205,Jacory Croskey-Merritt,WSH,RB,7.7,6.7,0,0.0,0.0,1,2,0.0,16,47,0.3
206,Jadarian Price,SEA,RB,5.6,4.6,0,0.0,0.0,1,7,0.0,9,39,0.0
207,Jahan Dotson,ATL,WR,2.4,1.4,0,0.0,0.0,1,14,0.0,0,0,0.0
208,Jahdae Walker,CHI,WR,1.8,1.8,0,0.0,0.0,0,0,0.3,0,0,0.0
209,Jahmyr Gibbs,DET,RB,34.0,28.0,0,0.0,0.0,6,52,0.7,22,102,1.4
210,Jake Briningstool,KAN,TE,0.3,0.3,0,0.0,0.0,0,3,0.0,0,0,0.0
211,Jake Ferguson,DAL,TE,11.4,8.4,0,0.0,0.0,3,24,1.0,0,0,0.0
212,Jake Tonges,SFO,TE,0.0,0.0,0,0.0,0.0,0,0,0.0,0,0,0.0
213,Jakobi Meyers,JAX,WR,11.7,8.7,0,0.0,0.0,3,44,0.7,0,1,0.0
214,Jaleel McLaughlin,CLE,RB,0.1,0.1,0,0.0,0.0,0,0,0.0,1,1,0.0
215,Jalen Brooks,ARI,WR,0.0,0.0,0,0.0,0.0,0,0,0.0,0,0,0.0
216,Jalen Coker,CAR,WR,17.6,11.6,0,0.0,0.0,6,74,0.7,0,0,0.0
217,Jalen Hurts,PHI,QB,19.8,19.8,207,1.7,1.0,0,0,0.0,5,29,0.3
218,Jalen McMillan,TAM,WR,0.0,0.0,0,0.0,0.0,0,0,0.0,0,0,0.0
219,Jalen Moreno-Cropper,NOR,WR,0.0,0.0,0,0.0,0.0,0,0,0.0,0,0,0.0
220,Jalen Nailor,LVR,WR,3.7,1.7,0,0.0,0.0,2,17,0.0,0,0,0.0
221,Jalen Royals,KAN,WR,3.4,2.4,0,0.0,0.0,1,6,0.3,0,0,0.0
222,Jalen Tolbert,MIA,WR,0.0,0.0,0,0.0,0.0,0,0,0.0,0,0,0.0
223,Jalon Daniels,TAM,QB,0.9,0.9,0,0.0,1.0,0,0,0.0,1,9,0.0
224,Jamaal Pritchett,NYJ,WR,0.0,0.0,0,0.0,0.0,0,0,0.0,0,0,0.0
225,Jameis Winston,NYG,QB,5.3,5.3,114,0.0,0.5,0,0,0.0,2,7,0.0
226,James Cook,BUF,RB,17.4,16.4,0,0.0,0.0,1,5,0.0,19,117,0.7
227,Jameson Williams,DET,WR,7.2,4.2,0,0.0,0.0,3,42,0.0,0,0,0.0
228,Jared Goff,DET,QB,22.0,22.0,267,2.7,0.0,0,0,0.0,3,5,0.0
229,Jared Wayne,HOU,WR,3.2,2.2,0,0.0,0.0,1,22,0.0,0,0,0.0
230,Jauan Jennings,MIN,WR,0.0,0.0,0,0.0,0.0,0,0,0.0,0,0,0.0
231,Javonte Williams,DAL,RB,16.5,13.5,0,0.0,0.0,3,19,0.3,14,56,0.7
232,Jaxon Smith-Njigba,SEA,WR,34.7,25.7,5,0.0,0.0,9,135,2.0,0,0,0.0
233,Jaxson Dart,NYG,QB,13.7,13.7,125,1.5,0.0,0,0,0.0,5,27,0.0
234,Jayden Daniels,WSH,QB,16.2,16.2,129,1.5,0.0,0,0,0.0,6,50,0.0
235,Jayden Reed,GNB,WR,3.2,1.2,0,0.0,0.0,2,12,0.0,0,0,0.0
236,Jaylen Waddle,DEN,WR,9.5,5.5,0,0.0,0.0,4,50,0.0,0,5,0.0
237,Jaylen Warren,PIT,RB,13.9,10.9,0,0.0,0.0,3,37,0.0,13,72,0.0
238,Jaylen Wright,MIA,RB,0.5,0.5,0,0.0,0.0,0,0,0.0,1,5,0.0
239,Jaylin Lane,WSH,WR,1.8,0.8,0,0.0,0.0,1,8,0.0,0,0,0.0
240,Jaylin Noel,HOU,WR,6.0,4.0,0,0.0,0.0,2,33,0.0,1,7,0.0
241,Jelani Woods,NYJ,TE,0.7,0.7,0,0.0,0.0,0,7,0.0,0,0,0.0
242,Jeremiyah Love,ARI,RB,13.4,10.4,0,0.0,0.0,3,15,0.3,14,53,0.3
243,Jeremy Ruckert,NYJ,TE,6.4,3.4,0,0.0,0.0,3,16,0.3,0,0,0.0
244,Jerry Jeudy,CLE,WR,1.9,0.9,0,0.0,0.0,1,9,0.0,0,0,0.0
245,Jimmy Horn,CAR,WR,0.0,0.0,0,0.0,0.0,0,0,0.0,0,0,0.0
246,Joe Burrow,CIN,QB,19.0,19.0,248,2.0,0.3,0,0,0.0,3,11,0.0
247,Joe Flacco,CIN,QB,0.0,0.0,0,0.0,0.0,0,0,0.0,0,0,0.0
248,John Bates,WSH,TE,1.7,0.7,0,0.0,0.0,1,7,0.0,0,0,0.0
249,John Metchie,CAR,WR,5.0,4.0,0,0.0,0.0,1,10,0.5,0,0,0.0
250,Johnny Mundt,PHI,TE,1.4,0.4,0,0.0,0.0,1,4,0.0,0,0,0.0
251,Jonah Coleman,DEN,RB,7.9,5.9,0,0.0,0.0,2,10,0.0,5,19,0.5
252,Jonathan Mingo,DAL,WR,0.3,0.3,0,0.0,0.0,0,3,0.0,0,0,0.0
253,Jonathan Taylor,IND,RB,21.6,18.6,0,0.0,0.0,3,22,0.0,22,86,1.3
254,Jonathon Brooks,CAR,RB,4.6,3.6,0,0.0,0.0,1,21,0.0,5,15,0.0
255,Jonnu Smith,GNB,TE,3.2,2.2,0,0.0,0.0,1,22,0.0,0,0,0.0
256,Jordan Addison,MIN,WR,7.5,5.5,0,0.0,0.0,2,37,0.3,0,0,0.0
257,Jordan James,SFO,RB,0.7,0.7,0,0.0,0.0,0,0,0.0,2,7,0.0
258,Jordan Love,GNB,QB,19.3,19.3,282,2.0,0.7,0,0,0.0,1,0,0.0
259,Jordan Mason,MIN,RB,11.9,11.9,0,0.0,0.0,0,0,0.0,15,59,1.0
260,Jordan Watkins,SFO,WR,8.0,6.0,0,0.0,0.0,2,60,0.0,0,0,0.0
261,Jordan Whittington,LAR,WR,0.4,0.4,0,0.0,0.0,0,4,0.0,0,0,0.0
262,Josh Allen,BUF,QB,33.1,33.1,263,1.7,0.6,0,0,0.0,9,38,2.0
263,Josh Cameron,JAX,WR,6.3,5.3,0,0.0,0.0,1,11,0.7,0,0,0.0
264,Josh Cuevas,BAL,TE,0.5,0.5,0,0.0,0.0,0,5,0.0,0,0,0.0
265,Josh Downs,IND,WR,11.2,6.2,0,0.0,0.0,5,62,0.0,0,0,0.0
266,Josh Oliver,MIN,TE,2.5,1.5,0,0.0,0.0,1,15,0.0,0,0,0.0
267,Josh Palmer,BUF,WR,7.8,6.8,0,0.0,0.0,1,26,0.7,0,0,0.0
268,Josh Whyle,GNB,TE,0.0,0.0,0,0.0,0.0,0,0,0.0,0,0,0.0
269,Josh Williams,TAM,RB,0.0,0.0,0,0.0,0.0,0,0,0.0,0,0,0.0
270,Julius Chestnut,TEN,RB,0.0,0.0,0,0.0,0.0,0,0,0.0,0,0,0.0
271,Justice Hill,BAL,RB,3.6,2.6,0,0.0,0.0,1,7,0.0,4,19,0.0
272,Justin Fields,KAN,QB,0.0,0.0,0,0.0,0.0,0,0,0.0,0,0,0.0
273,Justin Herbert,LAC,QB,14.0,14.0,209,1.0,1.3,0,0,0.0,4,16,0.0
274,Justin Jefferson,MIN,WR,14.2,10.2,0,0.0,0.0,4,60,0.7,0,0,0.0
275,Justin Joly,MIA,TE,0.0,0.0,0,0.0,0.0,0,0,0.0,0,0,0.0
276,Juwan Johnson,NOR,TE,16.8,11.8,0,0.0,0.0,5,58,1.0,0,0,0.0
277,KC Concepcion,CLE,WR,7.0,3.0,0,0.0,0.0,4,27,0.0,1,3,0.0
278,KaVontae Turpin,DAL,WR,3.7,2.7,0,0.0,0.0,1,6,0.0,1,3,0.3
279,Kaden Davis,CHI,WR,0.0,0.0,0,0.0,0.0,0,0,0.0,0,0,0.0
280,Kaden Wetjen,PIT,WR,0.0,0.0,0,0.0,0.0,0,0,0.0,0,0,0.0
281,Kaelon Black,SFO,RB,3.8,3.8,0,0.0,0.0,0,2,0.0,8,36,0.0
282,Kaleb Johnson,GNB,RB,1.6,1.6,0,0.0,0.0,0,3,0.0,4,13,0.0
283,Kalif Raymond,CHI,WR,14.9,8.9,0,0.0,0.0,6,71,0.3,0,0,0.0
284,Kameron Johnson,TAM,WR,0.0,0.0,0,0.0,0.0,0,0,0.0,0,0,0.0
285,Kayshon Boutte,HOU,WR,4.6,2.6,0,0.0,0.0,2,26,0.0,0,0,0.0
286,Kaytron Allen,WSH,RB,1.3,1.3,0,0.0,0.0,0,0,0.0,3,13,0.0
287,Ke'Shawn Williams,CIN,WR,0.0,0.0,0,0.0,0.0,0,0,0.0,0,0,0.0
288,KeAndre Lambert-Smith,LAC,WR,0.0,0.0,0,0.0,0.0,0,0,0.0,0,0,0.0
289,Keaton Mitchell,LAC,RB,5.9,4.9,0,0.0,0.0,1,3,0.3,6,28,0.0
290,Keenan Allen,IND,WR,9.1,5.1,0,0.0,0.0,4,33,0.3,0,0,0.0
291,Keleki Latu,BUF,TE,0.0,0.0,0,0.0,0.0,0,0,0.0,0,0,0.0
292,Kendre Miller,NOR,RB,6.4,5.4,0,0.0,0.0,1,2,0.0,7,22,0.5
293,Kendrick Bourne,ARI,WR,7.6,3.6,0,0.0,0.0,4,36,0.0,0,0,0.0
294,Kenneth Gainwell,TAM,RB,3.4,1.4,0,0.0,0.0,2,7,0.0,3,7,0.0
295,Kenneth Walker III,KAN,RB,27.1,23.1,0,0.0,0.0,4,27,0.7,22,120,0.7
296,Kenny Pickett,CAR,QB,1.0,1.0,0,0.0,0.0,0,0,0.0,1,10,0.0
297,Kenyon Sadiq,NYJ,TE,12.4,8.4,0,0.0,0.0,4,47,0.3,0,1,0.3
298,Keon Coleman,BUF,WR,6.4,3.4,0,0.0,0.0,3,34,0.0,0,0,0.0
299,Kevin Austin,NOR,WR,0.2,0.2,0,0.0,0.0,0,2,0.0,0,0,0.0
300,Kevin Coleman,MIA,WR,0.1,0.1,0,0.0,0.0,0,1,0.0,0,0,0.0
301,KhaDarel Hodge,SFO,WR,0.6,0.6,0,0.0,0.0,0,6,0.0,0,0,0.0
302,Khalil Shakir,BUF,WR,6.1,3.1,0,0.0,0.0,3,31,0.0,0,0,0.0
303,Kimani Vidal,LAC,RB,0.7,0.7,0,0.0,0.0,0,5,0.0,0,2,0.0
304,Kirk Cousins,LVR,QB,20.7,20.7,221,3.0,1.0,0,0,0.0,4,0,0.0
305,Ko Kieft,TAM,TE,0.0,0.0,0,0.0,0.0,0,0,0.0,0,0,0.0
306,Kolbe Katsis,DEN,WR,0.0,0.0,0,0.0,0.0,0,0,0.0,0,0,0.0
307,Konata Mumpfield,LAR,WR,7.3,5.3,0,0.0,0.0,2,35,0.3,0,0,0.0
308,Kyle Juszczyk,SFO,FB,3.7,2.7,0,0.0,0.0,1,9,0.3,0,0,0.0
309,Kyle Monangai,CHI,RB,9.9,8.9,0,0.0,0.0,1,12,0.0,10,59,0.3
310,Kyle Pitts,ATL,TE,1.7,0.7,0,0.0,0.0,1,7,0.0,0,0,0.0
311,Kyle Williams,NWE,WR,2.5,1.5,0,0.0,0.0,1,15,0.0,0,0,0.0
312,Kylen Granson,TEN,TE,0.0,0.0,0,0.0,0.0,0,0,0.0,0,0,0.0
313,Kyler Murray,MIN,QB,7.0,7.0,93,0.5,1.0,0,0,0.0,2,13,0.0
314,Kyren Williams,LAR,RB,18.3,14.3,0,0.0,0.0,4,35,0.3,13,72,0.3
315,LaJohntay Wester,BAL,WR,2.0,1.0,0,0.0,0.0,1,10,0.0,0,0,0.0
316,Ladd McConkey,LAC,WR,11.9,7.9,0,0.0,0.0,4,61,0.3,0,0,0.0
317,Lamar Jackson,BAL,QB,21.0,21.0,248,1.3,0.3,0,0,0.0,6,41,0.3
318,Lan Larison,NWE,RB,2.9,0.9,0,0.0,0.0,2,9,0.0,0,0,0.0
319,Laquon Treadwell,IND,WR,3.7,2.7,0,0.0,0.0,1,27,0.0,0,0,0.0
320,LeQuint Allen,JAX,RB,1.3,0.3,0,0.0,0.0,1,3,0.0,0,0,0.0
321,Lew Nichols,PIT,RB,0.0,0.0,0,0.0,0.0,0,0,0.0,1,0,0.0
322,Lewis Bond,HOU,WR,0.0,0.0,0,0.0,0.0,0,0,0.0,0,0,0.0
323,Lil'Jordan Humphrey,DEN,WR,0.0,0.0,0,0.0,0.0,0,0,0.0,0,0,0.0
324,Luke Farrell,SFO,TE,1.6,0.6,0,0.0,0.0,1,6,0.0,0,0,0.0
325,Luke McCaffrey,WSH,WR,0.0,0.0,0,0.0,0.0,0,0,0.0,0,0,0.0
326,Luke Schoonmaker,DAL,TE,1.7,0.7,0,0.0,0.0,1,7,0.0,0,0,0.0
327,Luther Burden,CHI,WR,12.3,7.3,0,0.0,0.0,5,52,0.3,1,3,0.0
328,Mac Jones,SFO,QB,-0.2,-0.2,0,0.0,0.0,0,0,0.0,2,0,0.0
329,Mack Hollins,NWE,WR,9.2,5.2,0,0.0,0.0,4,52,0.0,0,0,0.0
330,Makai Lemon,PHI,WR,3.1,1.1,0,0.0,0.0,2,13,0.0,0,0,0.0
331,Malachi Corley,CLE,WR,0.0,0.0,0,0.0,0.0,0,0,0.0,0,0,0.0
332,Malachi Fields,NYG,WR,4.5,2.5,0,0.0,0.0,2,25,0.0,0,0,0.0
333,Malik Benson,LVR,WR,-0.1,-0.1,0,0.0,0.0,0,2,0.0,0,0,0.0
334,Malik McClain,NYJ,WR,0.0,0.0,0,0.0,0.0,0,0,0.0,0,0,0.0
335,Malik Nabers,NYG,WR,7.2,3.2,0,0.0,0.0,4,32,0.0,0,0,0.0
336,Malik Washington,MIA,WR,9.4,5.4,0,0.0,0.0,4,51,0.0,1,3,0.0
337,Malik Willis,MIA,QB,14.8,14.8,209,0.3,0.7,0,0,0.0,6,34,0.3
338,MarShawn Lloyd,GNB,RB,5.5,4.5,0,0.0,0.0,1,4,0.3,8,23,0.0
339,Marcus Mariota,WSH,QB,14.6,14.6,148,2.0,0.0,0,0,0.0,3,7,0.0
340,Mark Andrews,BAL,TE,8.1,4.1,0,0.0,0.0,4,41,0.0,0,0,0.0
341,Mark Redman,GNB,TE,0.0,0.0,0,0.0,0.0,0,0,0.0,0,0,0.0
342,Marlin Klein,HOU,TE,0.5,0.5,0,0.0,0.0,0,5,0.0,0,0,0.0
343,Marquez Valdes-Scantling,LAC,WR,0.0,0.0,0,0.0,0.0,0,0,0.0,0,0,0.0
344,Marquise Brown,PHI,WR,1.2,1.2,0,0.0,0.0,0,0,0.0,2,12,0.0
345,Marvin Harrison Jr.,ARI,WR,3.4,2.4,0,0.0,0.0,1,24,0.0,0,0,0.0
346,Marvin Mims,DEN,WR,0.0,0.0,0,0.0,0.0,0,0,0.0,0,0,0.0
347,Mason Rudolph,PIT,QB,0.3,0.3,0,0.0,0.0,0,0,0.0,1,3,0.0
348,Mason Taylor,NYJ,TE,0.9,-0.1,0,0.0,0.0,1,0,0.0,0,0,0.0
349,Matthew Golden,GNB,WR,15.3,10.3,0,0.0,0.0,5,85,0.3,0,0,0.0
350,Matthew Hibner,BAL,TE,4.0,3.0,0,0.0,0.0,1,12,0.3,0,0,0.0
351,Matthew Stafford,LAR,QB,20.0,20.0,290,2.0,1.3,0,0,0.0,3,4,0.0
352,Max Bredeson,MIN,FB,0.0,0.0,0,0.0,0.0,0,0,0.0,0,0,0.0
353,Max Klare,LAR,TE,0.0,0.0,0,0.0,0.0,0,0,0.0,0,0,0.0
354,Michael Burton,CLE,FB,0.0,0.0,0,0.0,0.0,0,0,0.0,0,0,0.0
355,Michael Mayer,LVR,TE,8.7,4.7,0,0.0,0.0,4,29,0.3,0,0,0.0
356,Michael Penix,ATL,QB,14.0,14.0,256,1.0,1.0,0,0,0.0,2,0,0.0
357,Michael Pittman Jr.,PIT,WR,6.7,3.7,0,0.0,0.0,3,37,0.0,0,0,0.0
358,Michael Wilson,ARI,WR,13.2,7.2,0,0.0,0.0,6,54,0.3,0,0,0.0
359,Mike Evans,SFO,WR,12.1,8.1,0,0.0,0.0,4,45,0.6,0,0,0.0
360,Mike Gesicki,CIN,TE,11.0,8.0,0,0.0,0.0,3,38,0.7,0,0,0.0
361,Mike Washington Jr.,LVR,RB,5.2,5.2,0,0.0,0.0,0,0,0.0,5,34,0.3
362,Mitchell Evans,CAR,TE,3.9,1.9,0,0.0,0.0,2,19,0.0,0,0,0.0
363,Mo Alie-Cox,IND,TE,0.5,0.5,0,0.0,0.0,0,5,0.0,0,0,0.0
364,Montorie Foster,SEA,WR,0.0,0.0,0,0.0,0.0,0,0,0.0,0,0,0.0
365,Myles Price,MIN,WR,0.0,0.0,0,0.0,0.0,0,0,0.0,0,0,0.0
366,Najee Harris,NYG,RB,2.9,2.9,0,0.0,0.0,0,0,0.0,6,29,0.0
367,Nate Adkins,DEN,TE,6.7,5.7,0,0.0,0.0,1,13,0.7,0,2,0.0
368,Nate Boerkircher,JAX,TE,0.3,0.3,0,0.0,0.0,0,3,0.0,0,0,0.0
369,Nicholas Singleton,TEN,RB,0.5,0.5,0,0.0,0.0,0,0,0.0,2,5,0.0
370,Nick Kallerup,SEA,TE,0.0,0.0,0,0.0,0.0,0,0,0.0,0,0,0.0
371,Nick Mullens,JAX,QB,-0.3,-0.3,0,0.0,0.0,0,0,0.0,3,0,0.0
372,Nick Muse,ATL,TE,0.0,0.0,0,0.0,0.0,0,0,0.0,0,0,0.0
373,Nick Westbrook-Ikhine,IND,WR,0.0,0.0,0,0.0,0.0,0,0,0.0,0,0,0.0
374,Nico Collins,HOU,WR,21.2,14.2,0,0.0,0.0,7,75,1.0,1,7,0.0
375,Nikko Remigio,KAN,WR,0.0,0.0,0,0.0,0.0,0,0,0.0,0,0,0.0
376,Noah Fant,NOR,TE,11.2,8.2,0,0.0,0.0,3,22,1.0,0,0,0.0
377,Noah Gray,KAN,TE,2.4,1.4,0,0.0,0.0,1,14,0.0,0,0,0.0
378,Odell Beckham Jr.,NYG,WR,0.0,0.0,0,0.0,0.0,0,0,0.0,0,0,0.0
379,Olamide Zaccheaus,ATL,WR,1.6,0.6,0,0.0,0.0,1,6,0.0,0,0,0.0
380,Ollie Gordon,MIA,RB,4.9,3.9,0,0.0,0.0,1,5,0.0,6,16,0.3
381,Omar Cooper,NYJ,WR,4.0,3.0,0,0.0,0.0,1,30,0.0,0,0,0.0
382,Omarion Hampton,LAC,RB,12.3,11.3,0,0.0,0.0,1,7,0.0,17,64,0.7
383,Oronde Gadsden II,LAC,TE,4.5,3.5,0,0.0,0.0,1,17,0.3,0,0,0.0
384,Oscar Delp,NOR,TE,0.4,0.4,0,0.0,0.0,0,4,0.0,0,0,0.0
385,Parker Washington,JAX,WR,16.5,11.5,0,0.0,0.0,5,73,0.7,0,0,0.0
386,Pat Bryant,DEN,WR,7.2,5.2,0,0.0,0.0,2,29,0.3,0,5,0.0
387,Pat Freiermuth,PIT,TE,9.5,5.5,0,0.0,0.0,4,36,0.3,1,1,0.0
388,Patrick Herbert,LAC,TE,0.0,0.0,0,0.0,0.0,0,0,0.0,0,0,0.0
389,Patrick Mahomes,KAN,QB,23.2,23.2,271,2.3,0.7,0,0,0.0,3,14,0.3
390,Patrick Ricard,NYG,FB,0.0,0.0,0,0.0,0.0,0,0,0.0,0,0,0.0
391,Payne Durham,TAM,TE,0.0,0.0,0,0.0,0.0,0,0,0.0,0,0,0.0
392,Puka Nacua,LAR,WR,12.4,7.4,0,0.0,0.0,5,74,0.0,0,0,0.0
393,Quentin Johnston,LAC,WR,4.3,2.3,0,0.0,0.0,2,21,0.0,0,2,0.0
394,Quinn Ewers,JAX,QB,0.0,0.0,0,0.0,0.0,0,0,0.0,0,0,0.0
395,Quinshon Judkins,CLE,RB,8.9,5.9,0,0.0,0.0,3,18,0.0,14,41,0.0
396,Quintin Morris,JAX,TE,0.2,0.2,0,0.0,0.0,0,2,0.0,0,0,0.0
397,RJ Harvey,DEN,RB,9.4,4.4,0,0.0,0.0,5,32,0.0,3,12,0.0
398,Rachaad White,WSH,RB,9.8,6.8,0,0.0,0.0,3,17,0.3,7,33,0.0
399,Raheim Sanders,CLE,RB,5.9,2.9,0,0.0,0.0,3,22,0.0,1,7,0.0
400,Rashee Rice,KAN,WR,12.1,8.1,0,0.0,0.0,4,63,0.3,0,0,0.0
401,Rasheen Ali,BAL,RB,0.0,0.0,0,0.0,0.0,0,0,0.0,0,0,0.0
402,Rashid Shaheed,SEA,WR,3.8,1.8,0,0.0,0.0,2,17,0.0,0,1,0.0
403,Rashod Bateman,BAL,WR,9.0,6.0,0,0.0,0.0,3,42,0.3,0,0,0.0
404,Ray Davis,BUF,RB,0.1,0.1,0,0.0,0.0,0,0,0.0,0,1,0.0
405,Reggie Gilliam,NWE,FB,0.1,0.1,0,0.0,0.0,0,1,0.0,0,0,0.0
406,Rhamondre Stevenson,NWE,RB,8.9,5.9,0,0.0,0.0,3,21,0.0,10,38,0.0
407,Rico Dowdle,PIT,RB,5.2,3.2,0,0.0,0.0,2,14,0.0,8,18,0.0
408,Riley Nowakowski,PIT,FB,0.0,0.0,0,0.0,0.0,0,0,0.0,0,0,0.0
409,Robert Tonyan,PIT,TE,0.1,0.1,0,0.0,0.0,0,1,0.0,0,0,0.0
410,Roman Wilson,PIT,WR,9.6,5.6,0,0.0,0.0,4,38,0.3,0,0,0.0
411,Rome Odunze,CHI,WR,7.6,4.6,0,0.0,0.0,3,46,0.0,0,0,0.0
412,Romeo Doubs,NWE,WR,6.8,4.8,0,0.0,0.0,2,48,0.0,0,0,0.0
413,Ronnie Rivers,LAR,RB,2.3,1.3,0,0.0,0.0,1,3,0.0,2,10,0.0
414,Roschon Johnson,CHI,RB,0.0,0.0,0,0.0,0.0,0,0,0.0,0,0,0.0
415,Ryan Flournoy,DAL,WR,5.2,2.2,0,0.0,0.0,3,22,0.0,0,0,0.0
416,Ryan Miller,MIA,WR,5.9,4.9,0,0.0,0.0,1,31,0.3,0,0,0.0
417,Sam Darnold,SEA,QB,16.1,16.1,194,2.0,1.0,0,0,0.0,0,3,0.0
418,Sam LaPorta,DET,TE,11.6,6.6,0,0.0,0.0,5,48,0.3,0,0,0.0
419,Sam Roush,CHI,TE,1.8,0.8,0,0.0,0.0,1,8,0.0,0,0,0.0
420,Samaje Perine,CIN,RB,4.9,2.9,0,0.0,0.0,2,17,0.0,3,12,0.0
421,Saquon Barkley,PHI,RB,6.9,5.9,0,0.0,0.0,1,2,0.0,11,57,0.0
422,Sean Tucker,TAM,RB,0.0,0.0,0,0.0,0.0,0,0,0.0,0,0,0.0
423,Seth McGowan,IND,RB,0.5,0.5,0,0.0,0.0,0,0,0.0,2,5,0.0
424,Seydou Traore,MIA,TE,0.0,0.0,0,0.0,0.0,0,0,0.0,0,0,0.0
425,Shedeur Sanders,CLE,QB,0.0,0.0,0,0.0,0.0,0,0,0.0,0,0,0.0
426,Simi Fehoko,ARI,WR,0.0,0.0,0,0.0,0.0,0,0,0.0,0,0,0.0
427,Sione Vaki,DET,RB,3.5,2.5,0,0.0,0.0,1,12,0.0,3,13,0.0
428,Skyy Moore,GNB,WR,3.2,1.2,0,0.0,0.0,2,12,0.0,0,0,0.0
429,Stefon Diggs,WSH,WR,14.5,10.5,0,0.0,0.0,4,45,1.0,0,0,0.0
430,Sterling Shepard,NYJ,WR,1.3,0.3,0,0.0,0.0,1,3,0.0,0,0,0.0
431,Stetson Bennett,LAR,QB,1.4,1.4,13,0.0,0.0,0,0,0.0,1,9,0.0
432,T.J. Hockenson,MIN,TE,7.3,4.3,0,0.0,0.0,3,25,0.3,0,0,0.0
433,Tahj Brooks,CIN,RB,0.0,0.0,0,0.0,0.0,0,0,0.0,0,0,0.0
434,Tai Felton,MIN,WR,0.0,0.0,0,0.0,0.0,0,0,0.0,0,0,0.0
435,Tank Bigsby,PHI,RB,4.3,3.3,0,0.0,0.0,1,3,0.0,5,12,0.3
436,Tanner Arkin,NWE,TE,0.0,0.0,0,0.0,0.0,0,0,0.0,0,0,0.0
437,Tanner Hudson,CIN,TE,2.8,0.8,0,0.0,0.0,2,8,0.0,0,0,0.0
438,Tanner Koziol,JAX,TE,0.0,0.0,0,0.0,0.0,0,0,0.0,0,0,0.0
439,Tay Martin,DET,WR,0.0,0.0,0,0.0,0.0,0,0,0.0,0,0,0.0
440,Ted Hurst,TAM,WR,7.2,5.2,0,0.0,0.0,2,34,0.3,0,0,0.0
441,Tee Higgins,CIN,WR,14.9,9.9,0,0.0,0.0,5,81,0.3,0,0,0.0
442,Terrance Ferguson,LAR,TE,5.9,3.9,0,0.0,0.0,2,21,0.3,0,0,0.0
443,Terry McLaurin,WSH,WR,9.5,6.5,0,0.0,0.0,3,47,0.3,0,0,0.0
444,Tetairoa McMillan,CAR,WR,10.4,6.4,0,0.0,0.0,4,64,0.0,0,0,0.0
445,Tez Johnson,TAM,WR,2.8,1.8,0,0.0,0.0,1,19,0.0,0,0,0.0
446,Theo Johnson,NYG,TE,0.3,0.3,0,0.0,0.0,0,3,0.0,0,0,0.0
447,Tom Kennedy,DET,WR,0.0,0.0,0,0.0,0.0,0,0,0.0,0,0,0.0
448,Tommy DeVito,NWE,QB,1.4,1.4,30,0.0,0.0,0,0,0.0,1,2,0.0
449,Tommy Tremble,CAR,TE,4.3,2.3,0,0.0,0.0,2,23,0.0,0,0,0.0
450,Tony Pollard,TEN,RB,8.5,6.5,0,0.0,0.0,2,7,0.0,13,58,0.0
451,Tory Horton,SEA,WR,4.4,2.4,0,0.0,0.0,2,24,0.0,0,0,0.0
452,Travis Etienne,NOR,RB,10.0,6.0,0,0.0,0.0,4,17,0.0,10,43,0.0
453,Travis Homer,PIT,RB,0.8,0.8,0,0.0,0.0,0,0,0.0,2,8,0.0
454,Travis Hunter,JAX,WR,0.4,0.4,0,0.0,0.0,0,3,0.0,0,1,0.0
455,Travis Kelce,KAN,TE,16.9,11.9,0,0.0,0.0,5,77,0.7,0,0,0.0
456,Tre Harris,LAC,WR,8.0,5.0,0,0.0,0.0,3,50,0.0,0,0,0.0
457,Tre Tucker,LVR,WR,12.1,8.1,0,0.0,0.0,4,63,0.3,0,0,0.0
458,TreVeyon Henderson,NWE,RB,9.3,8.3,0,0.0,0.0,1,3,0.0,12,50,0.5
459,Trevor Lawrence,JAX,QB,18.5,18.5,205,2.3,0.7,0,0,0.0,3,11,0.0
460,Trey McBride,ARI,TE,20.2,11.2,0,0.0,0.0,9,70,0.7,0,0,0.0
461,Treylon Burks,WSH,WR,4.7,3.7,0,0.0,0.0,1,7,0.5,0,0,0.0
462,Treyton Welch,NOR,TE,0.0,0.0,0,0.0,0.0,0,0,0.0,0,0,0.0
463,Troy Franklin,DEN,WR,2.8,1.8,0,0.0,0.0,1,16,0.0,0,2,0.0
464,Tucker Kraft,GNB,TE,6.6,3.6,0,0.0,0.0,3,36,0.0,0,0,0.0
465,Tutu Atwell,LAR,WR,2.9,1.9,0,0.0,0.0,1,19,0.0,0,0,0.0
466,Ty Johnson,BUF,RB,9.0,5.0,0,0.0,0.0,4,50,0.0,0,0,0.0
467,Tyjae Spears,TEN,RB,4.3,3.3,0,0.0,0.0,1,14,0.0,4,19,0.0
468,Tylan Wallace,CLE,WR,0.0,0.0,0,0.0,0.0,0,0,0.0,0,0,0.0
469,Tyler Allgeier,ARI,RB,6.2,3.2,0,0.0,0.0,3,9,0.0,8,23,0.0
470,Tyler Badie,DEN,RB,4.1,2.1,0,0.0,0.0,2,20,0.0,1,1,0.0
471,Tyler Conklin,DET,TE,0.0,0.0,0,0.0,0.0,0,0,0.0,0,0,0.0
472,Tyler Goodson,DAL,RB,2.7,1.7,0,0.0,0.0,1,0,0.0,6,22,0.0
473,Tyler Higbee,LAR,TE,7.2,4.2,0,0.0,0.0,3,24,0.3,0,0,0.0
474,Tyler Shough,NOR,QB,27.0,27.0,304,2.7,1.0,0,0,0.0,5,22,0.3
475,Tyler Warren,IND,TE,13.4,7.4,0,0.0,0.0,6,30,0.7,1,2,0.0
476,Tyquan Thornton,KAN,WR,5.6,3.6,0,0.0,0.0,2,36,0.0,0,0,0.0
477,Tyrone Tracy Jr.,NYG,RB,0.6,0.6,0,0.0,0.0,0,0,0.0,1,6,0.0
478,Tyson Bagent,CHI,QB,2.2,2.2,54,0.0,0.0,0,0,0.0,0,0,0.0
479,Velus Jones Jr.,SEA,RB,0.0,0.0,0,0.0,0.0,0,0,0.0,0,0,0.0
480,Wan'Dale Robinson,TEN,WR,9.2,5.2,0,0.0,0.0,4,34,0.3,0,0,0.0
481,Will Kacmarek,MIA,TE,0.1,0.1,0,0.0,0.0,0,1,0.0,0,0,0.0
482,Will Shipley,PHI,RB,2.7,1.7,0,0.0,0.0,1,8,0.0,3,9,0.0
483,Woody Marks,HOU,RB,7.0,5.0,0,0.0,0.0,2,10,0.0,7,22,0.3
484,Xavier Hutchinson,HOU,WR,7.1,4.1,0,0.0,0.0,3,40,0.0,1,1,0.0
485,Xavier Legette,CAR,WR,4.2,3.2,0,0.0,0.0,1,32,0.0,0,0,0.0
486,Xavier Smith,LAR,WR,0.0,0.0,0,0.0,0.0,0,0,0.0,0,0,0.0
487,Xavier Worthy,KAN,WR,6.9,3.9,0,0.0,0.0,3,21,0.3,0,0,0.0
488,Zach Ertz,PHI,TE,1.9,0.9,0,0.0,0.0,1,9,0.0,0,0,0.0
489,Zachariah Branch,ATL,WR,1.7,0.7,0,0.0,0.0,1,7,0.0,0,0,0.0
490,Zavion Thomas,CHI,WR,0.0,0.0,0,0.0,0.0,0,0,0.0,0,0,0.0
491,Zay Flowers,BAL,WR,20.7,15.7,0,0.0,0.0,5,117,0.5,0,10,0.0
492,Zonovan Knight,ARI,RB,0.8,0.8,0,0.0,0.0,0,0,0.0,1,8,0.0
