"Rk,Player,OffSnp,Att,Att,Tgt,Day,G#,Week,Date,Age,Team,,Opp,Result,Cmp,Att,Inc,Cmp%,Yds,TD,Int,Pick6,TD%,Int%,Rate,Sk,Yds,Sk%,Y/A,AY/A,ANY/A,Y/C,Succ%,Att,Yds,Y/A,TD,1D,Succ%,Tgt,Rec,Yds,Y/R,TD,Ctch%,Y/Tgt,1D,Succ%,OffSnp,Off%,DefSnp,Def%,STSnp,ST %,Pos.,-9999"
"1,Jaxson Dart,75,32,5,0,Sun,17,18,2026-01-04,22-236,NYG,,DAL,W 34-17,22,32,10,68.8,230,2,0,0,6.3,0.0,110.2,4,11,11.11,7.2,8.4,7.2,10.5,52.8,5,32,6.4,0,1,80.0,0,0,0,,0,,,0,,75,100.0,0,0.0,0,0.0,QB,DartJa00"
"2,Aaron Rodgers,75,47,1,0,Sun,17,18,2026-01-04,42-033,PIT,,BAL,W 26-24,31,47,16,66.0,294,1,0,0,2.1,0.0,90.2,2,4,4.08,6.3,6.7,6.3,9.5,44.9,1,20,20.0,0,1,100.0,0,0,0,,0,,,0,,75,100.0,0,0.0,0,0.0,QB,RodgAa00"
"3,Mitchell Trubisky,74,29,5,0,Sun,17,18,2026-01-04,31-137,BUF,,NYJ,W 35-8,22,29,7,75.9,259,4,0,0,13.8,0.0,142.1,0,0,0.00,8.9,11.7,11.7,11.8,62.1,5,5,1.0,0,0,20.0,0,0,0,,0,,,0,,74,98.7,0,0.0,0,0.0,QB,TrubMi00"
"4,Jared Goff,73,42,0,0,Sun,17,18,2026-01-04,31-082,DET,@,CHI,W 19-16,27,42,15,64.3,331,1,1,0,2.4,2.4,86.5,2,15,4.55,7.9,7.3,6.6,12.3,52.3,0,0,,0,0,,0,0,0,,0,,,0,,73,100.0,0,0.0,0,0.0,QB,GoffJa00"
"5,Isaiah Hodgins,72,0,0,2,Sun,17,18,2026-01-04,27-075,NYG,,DAL,W 34-17,0,0,0,,0,0,0,0,,,,0,0,,,,,,,0,0,,0,0,,2,0,0,,0,0.0,0.0,0,0.0,72,96.0,0,0.0,0,0.0,WR,HodgIs00"
"6,Matthew Stafford,72,40,1,0,Sun,17,18,2026-01-04,37-331,LAR,,ARI,W 37-20,25,40,15,62.5,259,4,0,0,10.0,0.0,114.5,1,7,2.44,6.5,8.5,8.1,10.4,58.5,1,3,3.0,0,0,0.0,0,0,0,,0,,,0,,72,96.0,0,0.0,0,0.0,QB,StafMa00"
"7,Trey Lance,71,44,9,0,Sun,17,18,2026-01-04,25-240,LAC,@,DEN,L 3-19,20,44,24,45.5,136,0,1,1,0.0,2.3,43.4,4,32,8.33,3.1,2.1,1.2,6.8,22.9,9,69,7.7,0,4,55.6,0,0,0,,0,,,0,,71,100.0,0,0.0,0,0.0,QB,LancTr00"
"8,Gabe Davis,70,0,0,7,Sun,17,18,2026-01-04,26-278,BUF,,NYJ,W 35-8,0,0,0,,0,0,0,0,,,,0,0,,,,,,,0,0,,0,0,,7,5,41,8.2,1,71.4,5.9,3,57.1,70,93.3,0,0.0,0,0.0,WR,DaviGa01"
"9,Daniel Bellinger,69,0,0,2,Sun,17,18,2026-01-04,25-104,NYG,,DAL,W 34-17,0,0,0,,0,0,0,0,,,,0,0,,,,,,,0,0,,0,0,,2,2,38,19.0,1,100.0,19.0,2,100.0,69,92.0,0,0.0,7,26.9,TE,BellDa00"
"10,Sam Darnold,69,26,6,0,Sat,17,18,2026-01-03,28-212,SEA,@,SFO,W 13-3,20,26,6,76.9,198,0,0,0,0.0,0.0,97.9,2,17,7.14,7.6,7.6,6.5,9.9,46.4,6,9,1.5,0,1,33.3,0,0,0,,0,,,0,,69,100.0,0,0.0,0,0.0,QB,DarnSa00"
"11,Tre Harris,69,0,0,6,Sun,17,18,2026-01-04,23-310,LAC,@,DEN,L 3-19,0,0,0,,0,0,0,0,,,,0,0,,,,,,,0,0,,0,0,,6,2,28,14.0,0,33.3,4.7,2,33.3,69,97.2,0,0.0,7,25.9,WR,HarrTr03"
"12,Josh Johnson,69,22,9,0,Sun,17,18,2026-01-04,39-234,WAS,@,PHI,W 24-17,14,22,8,63.6,131,1,1,0,4.5,4.5,76.1,0,0,0.00,6.0,4.8,4.8,9.4,50.0,9,45,5.0,1,4,55.6,0,0,0,,0,,,0,,69,100.0,0,0.0,0,0.0,QB,JohnJo05"
"13,Amon-Ra St. Brown,69,0,0,15,Sun,17,18,2026-01-04,26-072,DET,@,CHI,W 19-16,0,0,0,,0,0,0,0,,,,0,0,,,,,,,0,0,,0,0,,15,11,139,12.6,0,73.3,9.3,8,60.0,69,94.5,0,0.0,0,0.0,WR,StxxAm00"
"14,Jameson Williams,69,0,0,8,Sun,17,18,2026-01-04,24-284,DET,@,CHI,W 19-16,0,0,0,,0,0,0,0,,,,0,0,,,,,,,0,0,,0,0,,8,6,74,12.3,0,75.0,9.3,3,75.0,69,94.5,0,0.0,0,0.0,WR,WillJa11"
"15,Ja'Marr Chase,68,0,0,10,Sun,17,18,2026-01-04,25-309,CIN,,CLE,L 18-20,0,0,0,,0,0,0,0,,,,0,0,,,,,,,0,0,,0,0,,10,8,96,12.0,1,80.0,9.6,7,80.0,68,100.0,0,0.0,0,0.0,WR,ChasJa00"
"16,Tyler Shough,68,35,3,0,Sun,17,18,2026-01-04,26-098,NOR,@,ATL,L 17-19,23,35,12,65.7,259,1,1,0,2.9,2.9,85.3,4,27,10.26,7.4,6.7,5.3,11.3,35.9,3,34,11.3,1,2,66.7,0,0,0,,0,,,0,,68,100.0,0,0.0,0,0.0,QB,ShouTy00"
"17,Joe Burrow,67,39,2,0,Sun,17,18,2026-01-04,29-025,CIN,,CLE,L 18-20,29,39,10,74.4,236,3,1,1,7.7,2.6,104.2,2,14,4.88,6.1,6.4,5.8,8.1,58.5,2,17,8.5,0,1,100.0,0,0,0,,0,,,0,,67,98.5,0,0.0,0,0.0,QB,BurrJo01"
"18,Baker Mayfield,67,22,4,0,Sat,17,18,2026-01-03,30-264,TAM,,CAR,W 16-14,16,22,6,72.7,203,1,1,0,4.5,4.5,97.3,2,5,8.33,9.2,8.1,7.2,12.7,58.3,4,31,7.8,0,2,75.0,0,0,0,,0,,,0,,67,100.0,0,0.0,0,0.0,QB,MayfBa00"
"19,Kevin Austin,66,0,0,9,Sun,17,18,2026-01-04,25-280,NOR,@,ATL,L 17-19,0,0,0,,0,0,0,0,,,,0,0,,,,,,,0,0,,0,0,,9,4,37,9.3,0,44.4,4.1,2,33.3,66,97.1,0,0.0,1,3.6,WR,AustKe00"
"20,Riley Leonard,65,34,3,0,Sun,17,18,2026-01-04,23-113,IND,@,HOU,L 30-38,21,34,13,61.8,270,2,1,0,5.9,2.9,94.0,1,8,2.86,7.9,7.8,7.3,12.9,31.4,3,21,7.0,1,3,100.0,0,0,-3,,0,,,0,,65,100.0,0,0.0,0,0.0,QB,LeonRi02"
"21,Darius Slayton,65,0,0,9,Sun,17,18,2026-01-04,28-357,NYG,,DAL,W 34-17,0,0,0,,0,0,0,0,,,,0,0,,,,,,,0,0,,0,0,,9,4,34,8.5,0,44.4,3.8,3,44.4,65,86.7,0,0.0,0,0.0,WR,SlayDa01"
"22,Tanner McKee,64,40,2,0,Sun,17,18,2026-01-04,25-252,PHI,,WAS,L 17-24,21,40,19,52.5,241,1,1,0,2.5,2.5,68.9,3,14,6.98,6.0,5.4,4.7,11.5,46.5,2,3,1.5,0,0,0.0,0,0,0,,0,,,0,,64,100.0,0,0.0,0,0.0,QB,McKeTa01"
"23,Cade Otton,64,0,0,9,Sat,17,18,2026-01-03,26-263,TAM,,CAR,W 16-14,0,0,0,,0,0,0,0,,,,0,0,,,,,,,0,0,,0,0,,9,7,94,13.4,1,77.8,10.4,5,55.6,64,95.5,0,0.0,0,0.0,TE,OttoCa00"
"24,Kirk Cousins,63,32,3,0,Sun,17,18,2026-01-04,37-138,ATL,,NOR,W 19-17,18,32,14,56.3,180,1,1,0,3.1,3.1,69.8,4,21,11.11,5.6,4.8,3.7,10.0,36.1,3,0,0.0,0,0,0.0,0,0,0,,0,,,0,,63,100.0,0,0.0,0,0.0,QB,CousKi00"
"25,Gunner Olszewski,63,1,0,9,Sun,17,18,2026-01-04,29-039,NYG,,DAL,W 34-17,0,1,1,0.0,0,0,0,0,0.0,0.0,39.6,0,0,0.00,0.0,0.0,0.0,,0.0,0,0,,0,0,,9,8,102,12.8,0,88.9,11.3,5,77.8,63,84.0,0,0.0,2,7.7,WR,OlszGu00"
"26,Josh Palmer,63,0,0,3,Sun,17,18,2026-01-04,26-104,BUF,,NYJ,W 35-8,0,0,0,,0,0,0,0,,,,0,0,,,,,,,0,0,,0,0,,3,1,1,1.0,0,33.3,0.3,0,0.0,63,84.0,0,0.0,0,0.0,WR,PalmJo00"
"27,Colby Parkinson,63,0,0,7,Sun,17,18,2026-01-04,26-361,LAR,,ARI,W 37-20,0,0,0,,0,0,0,0,,,,0,0,,,,,,,0,0,,0,0,,7,4,36,9.0,2,57.1,5.1,2,42.9,63,84.0,0,0.0,6,21.4,TE,ParkCo02"
"28,Marquez Valdes-Scantling,63,0,0,7,Sun,17,18,2026-01-04,31-086,PIT,,BAL,W 26-24,0,0,0,,0,0,0,0,,,,0,0,,,,,,,0,0,,0,0,,7,5,34,6.8,0,71.4,4.9,2,57.1,63,84.0,0,0.0,0,0.0,WR,ValdMa00"
"29,Jordan Addison,62,0,0,3,Sun,17,18,2026-01-04,23-342,MIN,,GNB,W 16-3,0,0,0,,0,0,0,0,,,,0,0,,,,,,,0,0,,0,0,,3,1,8,8.0,0,33.3,2.7,0,33.3,62,92.5,0,0.0,0,0.0,WR,AddiJo00"
"30,Keon Coleman,61,0,0,4,Sun,17,18,2026-01-04,22-232,BUF,,NYJ,W 35-8,0,0,0,,0,0,0,0,,,,0,0,,,,,,,0,0,,0,0,,4,2,49,24.5,0,50.0,12.3,2,50.0,61,81.3,0,0.0,5,31.3,WR,ColeKe02"
"31,Tre Tucker,61,0,1,6,Sun,17,18,2026-01-04,24-302,LVR,,KAN,W 14-12,0,0,0,,0,0,0,0,,,,0,0,,,,,,,1,4,4.0,0,0,0.0,6,2,30,15.0,0,33.3,5.0,2,33.3,61,98.4,0,0.0,0,0.0,WR,TuckTr00"
"32,Jahan Dotson,60,0,0,8,Sun,17,18,2026-01-04,25-288,PHI,,WAS,L 17-24,0,0,0,,0,0,0,0,,,,0,0,,,,,,,0,0,,0,0,,8,3,40,13.3,0,37.5,5.0,2,37.5,60,93.8,0,0.0,0,0.0,WR,DotsJa00"
"33,Ashton Jeanty,60,0,26,5,Sun,17,18,2026-01-04,22-033,LVR,,KAN,W 14-12,0,0,0,,0,0,0,0,,,,0,0,,,,,,,26,87,3.3,0,3,42.3,5,3,7,2.3,0,60.0,1.4,0,20.0,60,96.8,0,0.0,0,0.0,RB,JeanAs00"
"34,Tee Higgins,59,0,0,9,Sun,17,18,2026-01-04,26-351,CIN,,CLE,L 18-20,0,0,0,,0,0,0,0,,,,0,0,,,,,,,0,0,,0,0,,9,6,67,11.2,1,66.7,7.4,4,55.6,59,86.8,0,0.0,0,0.0,WR,HiggTe00"
"35,Drake London,59,0,0,8,Sun,17,18,2026-01-04,24-164,ATL,,NOR,W 19-17,0,0,0,,0,0,0,0,,,,0,0,,,,,,,0,0,,0,0,,8,4,78,19.5,1,50.0,9.8,4,50.0,59,93.7,0,0.0,1,3.6,WR,LondDr00"
"36,Michael Mayer,59,0,0,5,Sun,17,18,2026-01-04,24-182,LVR,,KAN,W 14-12,0,0,0,,0,0,0,0,,,,0,0,,,,,,,0,0,,0,0,,5,3,47,15.7,0,60.0,9.4,2,40.0,59,95.2,0,0.0,8,25.0,TE,MayeMi00"
"37,Bo Nix,59,23,8,0,Sun,17,18,2026-01-04,25-313,DEN,,LAC,W 19-3,14,23,9,60.9,141,0,0,0,0.0,0.0,78.4,4,17,14.81,6.1,6.1,4.6,10.1,25.9,8,49,6.1,0,3,50.0,0,0,0,,0,,,0,,59,100.0,0,0.0,0,0.0,QB,NixxBo00"
"38,Kyle Pitts,58,0,0,9,Sun,17,18,2026-01-04,25-090,ATL,,NOR,W 19-17,0,0,0,,0,0,0,0,,,,0,0,,,,,,,0,0,,0,0,,9,6,58,9.7,0,66.7,6.4,6,66.7,58,92.1,0,0.0,1,3.6,TE,PittKy00"
"39,Michael Pittman Jr.,58,0,0,4,Sun,17,18,2026-01-04,28-091,IND,@,HOU,L 30-38,0,0,0,,0,0,0,0,,,,0,0,,,,,,,0,0,,0,0,,4,2,11,5.5,0,50.0,2.8,1,25.0,58,89.2,0,0.0,0,0.0,WR,PittMi01"
"40,Audric Estime,57,0,21,5,Sun,17,18,2026-01-04,22-120,NOR,@,ATL,L 17-19,0,0,0,,0,0,0,0,,,,0,0,,,,,,,21,63,3.0,0,3,33.3,5,5,43,8.6,0,100.0,8.6,1,60.0,57,83.8,0,0.0,0,0.0,RB,EstiAu00"
"41,Jaxon Smith-Njigba,57,0,0,8,Sat,17,18,2026-01-03,23-323,SEA,@,SFO,W 13-3,0,0,0,,0,0,0,0,,,,0,0,,,,,,,0,0,,0,0,,8,6,84,14.0,0,75.0,10.5,5,75.0,57,82.6,0,0.0,0,0.0,WR,SmitJa06"
"42,Jaret Patterson,56,0,8,4,Sun,17,18,2026-01-04,26-012,LAC,@,DEN,L 3-19,0,0,0,,0,0,0,0,,,,0,0,,,,,,,8,29,3.6,0,1,37.5,4,3,8,2.7,0,75.0,2.0,1,25.0,56,78.9,0,0.0,3,11.1,RB,PattJa01"
"43,Jacoby Brissett,55,31,3,0,Sun,17,18,2026-01-04,33-024,ARI,@,LAR,L 20-37,22,31,9,71.0,243,2,1,0,6.5,3.2,101.9,6,33,16.22,7.8,7.7,5.5,11.0,48.6,3,19,6.3,0,1,33.3,0,0,0,,0,,,0,,55,100.0,0,0.0,0,0.0,QB,BrisJa00"
"44,Jayden Higgins,55,0,0,5,Sun,17,18,2026-01-04,23-020,HOU,,IND,W 38-30,0,0,0,,0,0,0,0,,,,0,0,,,,,,,0,0,,0,0,,5,2,23,11.5,1,40.0,4.6,2,40.0,55,80.9,0,0.0,0,0.0,WR,HiggJa00"
"45,Caleb Williams,55,33,1,0,Sun,17,18,2026-01-04,24-047,CHI,,DET,L 16-19,20,33,13,60.6,212,2,1,0,6.1,3.0,86.9,1,7,2.94,6.4,6.3,5.9,10.6,47.1,1,1,1.0,0,0,0.0,0,0,0,,0,,,0,,55,100.0,0,0.0,0,0.0,QB,WillCa03"
"46,Darius Cooper,54,0,0,5,Sun,17,18,2026-01-04,24-043,PHI,,WAS,L 17-24,0,0,0,,0,0,0,0,,,,0,0,,,,,,,0,0,,0,0,,5,3,33,11.0,0,60.0,6.6,3,60.0,54,84.4,0,0.0,11,50.0,WR,CoopDa01"
"47,Xavier Hutchinson,54,0,0,9,Sun,17,18,2026-01-04,25-217,HOU,,IND,W 38-30,0,0,0,,0,0,0,0,,,,0,0,,,,,,,0,0,,0,0,,9,5,84,16.8,0,55.6,9.3,3,44.4,54,79.4,0,0.0,3,8.3,WR,HutcXa00"
"48,Davis Allen,53,0,0,1,Sun,17,18,2026-01-04,24-335,LAR,,ARI,W 37-20,0,0,0,,0,0,0,0,,,,0,0,,,,,,,0,0,,0,0,,1,0,0,,0,0.0,0.0,0,0.0,53,70.7,0,0.0,12,42.9,TE,AlleDa02"
"49,Quinn Ewers,53,23,1,0,Sun,17,18,2026-01-04,22-295,MIA,@,NWE,L 10-38,16,23,7,69.6,137,1,1,0,4.3,4.3,81.2,4,20,14.81,6.0,4.9,3.4,8.6,33.3,1,9,9.0,0,0,100.0,0,0,0,,0,,,0,,53,94.6,0,0.0,0,0.0,QB,EwerQu00"
"50,Cooper Kupp,53,0,0,3,Sat,17,18,2026-01-03,32-202,SEA,@,SFO,W 13-3,0,0,0,,0,0,0,0,,,,0,0,,,,,,,0,0,,0,0,,3,2,29,14.5,0,66.7,9.7,2,66.7,53,76.8,0,0.0,0,0.0,WR,KuppCo00"
"51,Bijan Robinson,53,0,15,3,Sun,17,18,2026-01-04,23-339,ATL,,NOR,W 19-17,0,0,0,,0,0,0,0,,,,0,0,,,,,,,15,33,2.2,0,2,26.7,3,3,10,3.3,0,100.0,3.3,0,33.3,53,84.1,0,0.0,0,0.0,RB,RobiBi01"
"52,Tyler Warren,53,0,0,8,Sun,17,18,2026-01-04,23-225,IND,@,HOU,L 30-38,0,0,0,,0,0,0,0,,,,0,0,,,,,,,0,0,,0,0,,8,5,26,5.2,0,62.5,3.3,2,25.0,53,81.5,0,0.0,0,0.0,TE,WarrTy00"
"53,Marquise Brown,52,0,0,6,Sun,17,18,2026-01-04,28-214,KAN,@,LVR,L 12-14,0,0,0,,0,0,0,0,,,,0,0,,,,,,,0,0,,0,0,,6,3,64,21.3,0,50.0,10.7,2,33.3,52,81.3,0,0.0,0,0.0,WR,BrowMa04"
"54,Pat Freiermuth,52,0,0,5,Sun,17,18,2026-01-04,27-071,PIT,,BAL,W 26-24,0,0,0,,0,0,0,0,,,,0,0,,,,,,,0,0,,0,0,,5,3,51,17.0,0,60.0,10.2,3,60.0,52,69.3,0,0.0,0,0.0,TE,FreiPa00"
"55,Jahmyr Gibbs,52,0,19,5,Sun,17,18,2026-01-04,23-290,DET,@,CHI,W 19-16,0,0,0,,0,0,0,0,,,,0,0,,,,,,,19,80,4.2,0,4,57.9,5,3,33,11.0,1,60.0,6.6,2,60.0,52,71.2,0,0.0,0,0.0,RB,GibbJa01"
"56,Trey McBride,52,0,0,8,Sun,17,18,2026-01-04,26-043,ARI,@,LAR,L 20-37,0,0,0,,0,0,0,0,,,,0,0,,,,,,,0,0,,0,0,,8,7,65,9.3,0,87.5,8.1,1,62.5,52,94.5,0,0.0,0,0.0,TE,McBrTr01"
"57,Darnell Mooney,52,0,0,7,Sun,17,18,2026-01-04,28-067,ATL,,NOR,W 19-17,0,0,0,,0,0,0,0,,,,0,0,,,,,,,0,0,,0,0,,7,3,20,6.7,0,42.9,2.9,1,28.6,52,82.5,0,0.0,0,0.0,WR,MoonDa00"
"58,Puka Nacua,52,0,2,11,Sun,17,18,2026-01-04,24-220,LAR,,ARI,W 37-20,0,0,0,,0,0,0,0,,,,0,0,,,,,,,2,24,12.0,0,2,100.0,11,10,76,7.6,1,90.9,6.9,5,90.9,52,69.3,0,0.0,0,0.0,WR,NacuPu00"
"59,Dante Pettis,52,0,0,5,Sun,17,18,2026-01-04,30-073,NOR,@,ATL,L 17-19,0,0,0,,0,0,0,0,,,,0,0,,,,,,,0,0,,0,0,,5,5,60,12.0,0,100.0,12.0,3,60.0,52,76.5,0,0.0,2,7.1,WR,PettDa00"
"60,Shedeur Sanders,52,22,3,0,Sun,17,18,2026-01-04,23-331,CLE,@,CIN,W 20-18,11,22,11,50.0,111,0,0,0,0.0,0.0,64.8,6,29,21.43,5.0,5.0,2.9,10.1,25.0,3,26,8.7,0,1,66.7,0,0,0,,0,,,0,,52,100.0,0,0.0,0,0.0,QB,SandSh00"
"61,Tyrone Tracy Jr.,52,0,18,9,Sun,17,18,2026-01-04,26-042,NYG,,DAL,W 34-17,0,0,0,,0,0,0,0,,,,0,0,,,,,,,18,103,5.7,0,5,44.4,9,8,56,7.0,1,88.9,6.2,4,66.7,52,69.3,0,0.0,0,0.0,RB,TracTy00"
"62,Elic Ayomanor,51,0,0,10,Sun,17,18,2026-01-04,22-215,TEN,@,JAX,L 7-41,0,0,0,,0,0,0,0,,,,0,0,,,,,,,0,0,,0,0,,10,3,50,16.7,0,30.0,5.0,2,20.0,51,94.4,0,0.0,0,0.0,WR,AyomEl00"
"63,Anthony Firkser,51,0,0,3,Sun,17,18,2026-01-04,30-319,DET,@,CHI,W 19-16,0,0,0,,0,0,0,0,,,,0,0,,,,,,,0,0,,0,0,,3,2,2,1.0,0,66.7,0.7,0,0.0,51,69.9,0,0.0,13,65.0,TE,FirkAn00"
"64,Matthew Golden,51,0,0,3,Sun,17,18,2026-01-04,22-156,GNB,@,MIN,L 3-16,0,0,0,,0,0,0,0,,,,0,0,,,,,,,0,0,,0,0,,3,1,8,8.0,0,33.3,2.7,1,33.3,51,100.0,0,0.0,0,0.0,WR,GoldMa02"
"65,Lamar Jackson,51,18,4,0,Sun,17,18,2026-01-04,28-362,BAL,@,PIT,L 24-26,11,18,7,61.1,238,3,1,0,16.7,5.6,121.5,3,16,14.29,13.2,14.1,11.3,21.6,42.9,4,9,2.3,0,1,25.0,0,0,0,,0,,,0,,51,100.0,0,0.0,0,0.0,QB,JackLa00"
"66,Justin Jefferson,51,0,1,11,Sun,17,18,2026-01-04,26-202,MIN,,GNB,W 16-3,0,0,0,,0,0,0,0,,,,0,0,,,,,,,1,3,3.0,0,0,0.0,11,8,101,12.6,0,72.7,9.2,5,63.6,51,76.1,0,0.0,0,0.0,WR,JeffJu00"
"67,Juwan Johnson,51,0,0,5,Sun,17,18,2026-01-04,29-113,NOR,@,ATL,L 17-19,0,0,0,,0,0,0,0,,,,0,0,,,,,,,0,0,,0,0,,5,3,61,20.3,0,60.0,12.2,2,60.0,51,75.0,0,0.0,0,0.0,TE,JohnJu02"
"68,Travis Kelce,51,0,0,6,Sun,17,18,2026-01-04,36-091,KAN,@,LVR,L 12-14,0,0,0,,0,0,0,0,,,,0,0,,,,,,,0,0,,0,0,,6,3,12,4.0,0,50.0,2.0,2,16.7,51,79.7,0,0.0,0,0.0,TE,KelcTr00"
"69,Keleki Latu,51,0,0,3,Sun,17,18,2026-01-04,23-144,BUF,,NYJ,W 35-8,0,0,0,,0,0,0,0,,,,0,0,,,,,,,0,0,,0,0,,3,3,31,10.3,0,100.0,10.3,3,100.0,51,68.0,0,0.0,6,37.5,TE,LatuKe00"
"70,Aidan O'Connell,51,22,1,0,Sun,17,18,2026-01-04,27-125,LVR,,KAN,W 14-12,10,22,12,45.5,102,0,0,0,0.0,0.0,59.3,1,5,4.35,4.6,4.6,4.2,10.2,30.4,1,7,7.0,0,0,0.0,0,0,0,,0,,,0,,51,82.3,0,0.0,0,0.0,QB,OConAi00"
"71,Clayton Tune,51,11,4,0,Sun,17,18,2026-01-04,26-287,GNB,@,MIN,L 3-16,6,11,5,54.5,34,0,0,0,0.0,0.0,60.4,4,41,26.67,3.1,3.1,-0.5,5.7,20.0,4,23,5.8,0,2,50.0,0,0,0,,0,,,0,,51,100.0,0,0.0,0,0.0,QB,TuneCl00"
"72,Michael Wilson,51,0,0,8,Sun,17,18,2026-01-04,25-315,ARI,@,LAR,L 20-37,0,0,0,,0,0,0,0,,,,0,0,,,,,,,0,0,,0,0,,8,5,99,19.8,1,62.5,12.4,4,50.0,51,92.7,0,0.0,0,0.0,WR,WilsMi02"
"73,Bryce Young,51,35,2,0,Sat,17,18,2026-01-03,24-162,CAR,@,TAM,L 14-16,24,35,11,68.6,266,2,1,0,5.7,2.9,98.0,0,0,0.00,7.6,7.5,7.5,11.1,48.6,2,-1,-0.5,0,0,0.0,0,0,0,,0,,,0,,51,100.0,0,0.0,0,0.0,QB,YounBr01"
"74,Mike Evans,50,0,0,2,Sat,17,18,2026-01-03,32-135,TAM,,CAR,W 16-14,0,0,0,,0,0,0,0,,,,0,0,,,,,,,0,0,,0,0,,2,2,34,17.0,0,100.0,17.0,2,100.0,50,74.6,0,0.0,0,0.0,WR,EvanMi00"
"75,Zay Flowers,50,0,0,6,Sun,17,18,2026-01-04,25-115,BAL,@,PIT,L 24-26,0,0,0,,0,0,0,0,,,,0,0,,,,,,,0,0,,0,0,,6,4,138,34.5,2,66.7,23.0,3,50.0,50,98.0,0,0.0,0,0.0,WR,FlowZa00"
"76,Kenneth Gainwell,50,0,5,9,Sun,17,18,2026-01-04,26-296,PIT,,BAL,W 26-24,0,0,0,,0,0,0,0,,,,0,0,,,,,,,5,10,2.0,1,1,40.0,9,8,64,8.0,0,88.9,7.1,4,55.6,50,66.7,0,0.0,5,17.2,RB,GainKe00"
"77,Trevor Lawrence,50,30,2,0,Sun,17,18,2026-01-04,26-090,JAX,,TEN,W 41-7,22,30,8,73.3,255,3,0,0,10.0,0.0,131.9,2,16,6.25,8.5,10.5,9.3,11.6,65.6,2,11,5.5,0,1,50.0,0,0,0,,0,,,0,,50,82.0,0,0.0,0,0.0,QB,LawrTr00"
"78,Colston Loveland,50,0,0,13,Sun,17,18,2026-01-04,21-270,CHI,,DET,L 16-19,0,0,0,,0,0,0,0,,,,0,0,,,,,,,0,0,,0,0,,13,10,91,9.1,1,76.9,7.0,4,61.5,50,90.9,0,0.0,0,0.0,TE,LoveCo00"
"79,Jalen Nailor,50,0,0,3,Sun,17,18,2026-01-04,26-308,MIN,,GNB,W 16-3,0,0,0,,0,0,0,0,,,,0,0,,,,,,,0,0,,0,0,,3,3,49,16.3,0,100.0,16.3,2,66.7,50,74.6,0,0.0,2,8.7,WR,NailJa00"
"80,JuJu Smith-Schuster,50,0,0,2,Sun,17,18,2026-01-04,29-043,KAN,@,LVR,L 12-14,0,0,0,,0,0,0,0,,,,0,0,,,,,,,0,0,,0,0,,2,2,13,6.5,0,100.0,6.5,0,100.0,50,78.1,0,0.0,0,0.0,WR,SmitJu00"
"81,Adam Thielen,50,0,0,6,Sun,17,18,2026-01-04,35-135,PIT,,BAL,W 26-24,0,0,0,,0,0,0,0,,,,0,0,,,,,,,0,0,,0,0,,6,3,43,14.3,0,50.0,7.2,1,50.0,50,66.7,0,0.0,0,0.0,WR,ThieAd00"
"82,Brandon Allen,49,30,0,0,Sun,17,18,2026-01-04,33-121,TEN,@,JAX,L 7-41,17,30,13,56.7,72,0,1,1,0.0,3.3,47.9,1,7,3.23,2.4,0.9,0.6,4.2,19.4,0,0,,0,0,,0,0,0,,0,,,0,,49,90.7,0,0.0,0,0.0,QB,AlleBr00"
"83,Kylen Granson,49,0,0,5,Sun,17,18,2026-01-04,27-283,PHI,,WAS,L 17-24,0,0,0,,0,0,0,0,,,,0,0,,,,,,,0,0,,0,0,,5,4,30,7.5,0,80.0,6.0,1,80.0,49,76.6,0,0.0,15,68.2,TE,GranKy00"
"84,Cole Kmet,49,0,0,3,Sun,17,18,2026-01-04,26-300,CHI,,DET,L 16-19,0,0,0,,0,0,0,0,,,,0,0,,,,,,,0,0,,0,0,,3,2,16,8.0,0,66.7,5.3,1,33.3,49,89.1,0,0.0,0,0.0,TE,KmetCo00"
"85,Drew Sample,49,0,0,3,Sun,17,18,2026-01-04,29-263,CIN,,CLE,L 18-20,0,0,0,,0,0,0,0,,,,0,0,,,,,,,0,0,,0,0,,3,3,17,5.7,0,100.0,5.7,1,100.0,49,72.1,0,0.0,11,45.8,TE,SampDr00"
"86,Deebo Samuel,49,0,2,5,Sun,17,18,2026-01-04,29-354,WAS,@,PHI,W 24-17,0,0,0,,0,0,0,0,,,,0,0,,,,,,,2,1,0.5,0,0,0.0,5,2,20,10.0,0,40.0,4.0,1,20.0,49,71.0,0,0.0,0,0.0,WR,SamuDe00"
"87,Brady Cook,48,22,3,0,Sun,17,18,2026-01-04,24-084,NYJ,@,BUF,L 8-35,11,22,11,50.0,60,1,0,0,4.5,0.0,71.4,1,7,4.35,2.7,3.6,3.2,5.5,30.4,3,7,2.3,0,1,66.7,0,0,0,,0,,,0,,48,100.0,0,0.0,0,0.0,QB,CookBr03"
"88,Ray Davis,48,0,21,2,Sun,17,18,2026-01-04,26-054,BUF,,NYJ,W 35-8,0,0,0,,0,0,0,0,,,,0,0,,,,,,,21,151,7.2,0,7,76.2,2,2,23,11.5,1,100.0,11.5,2,100.0,48,64.0,0,0.0,2,12.5,RB,DaviRa04"
"89,Ryan Flournoy,48,0,0,7,Sun,17,18,2026-01-04,26-069,DAL,@,NYG,L 17-34,0,0,0,,0,0,0,0,,,,0,0,,,,,,,0,0,,0,0,,7,5,68,13.6,0,71.4,9.7,3,42.9,48,87.3,0,0.0,0,0.0,WR,FlouRy00"
"90,Tyler Higbee,48,0,0,6,Sun,17,18,2026-01-04,33-003,LAR,,ARI,W 37-20,0,0,0,,0,0,0,0,,,,0,0,,,,,,,0,0,,0,0,,6,5,91,18.2,1,83.3,15.2,5,83.3,48,64.0,0,0.0,2,7.1,TE,HigbTy00"
"91,Jakobie Keeney-James,48,0,0,2,Sun,17,18,2026-01-04,25-100,GNB,@,MIN,L 3-16,0,0,0,,0,0,0,0,,,,0,0,,,,,,,0,0,,0,0,,2,2,15,7.5,0,100.0,7.5,0,50.0,48,94.1,0,0.0,9,39.1,WR,KeenJa00"
"92,Terry McLaurin,48,0,0,4,Sun,17,18,2026-01-04,30-111,WAS,@,PHI,W 24-17,0,0,0,,0,0,0,0,,,,0,0,,,,,,,0,0,,0,0,,4,4,57,14.3,0,100.0,14.3,4,100.0,48,69.6,0,0.0,0,0.0,WR,McLaTe00"
"93,Jakobi Meyers,48,0,0,6,Sun,17,18,2026-01-04,29-056,JAX,,TEN,W 41-7,0,0,0,,0,0,0,0,,,,0,0,,,,,,,0,0,,0,0,,6,5,44,8.8,0,83.3,7.3,3,66.7,48,78.7,0,0.0,0,0.0,WR,MeyeJa01"
"94,Eric Saubert,48,0,0,3,Sat,17,18,2026-01-03,31-247,SEA,@,SFO,W 13-3,0,0,0,,0,0,0,0,,,,0,0,,,,,,,0,0,,0,0,,3,2,10,5.0,0,66.7,3.3,1,33.3,48,69.6,0,0.0,8,47.1,TE,SaubEr00"
"95,Treylon Burks,47,0,0,4,Sun,17,18,2026-01-04,25-287,WAS,@,PHI,W 24-17,0,0,0,,0,0,0,0,,,,0,0,,,,,,,0,0,,0,0,,4,2,12,6.0,0,50.0,3.0,1,50.0,47,68.1,0,0.0,4,18.2,WR,BurkTr00"
"96,Jalen Coker,47,0,0,7,Sat,17,18,2026-01-03,24-065,CAR,@,TAM,L 14-16,0,0,0,,0,0,0,0,,,,0,0,,,,,,,0,0,,0,0,,7,6,47,7.8,1,85.7,6.7,2,57.1,47,92.2,0,0.0,0,0.0,WR,CokeJa01"
"97,Derius Davis,47,0,0,1,Sun,17,18,2026-01-04,25-115,LAC,@,DEN,L 3-19,0,0,0,,0,0,0,0,,,,0,0,,,,,,,0,0,,0,0,,1,1,7,7.0,0,100.0,7.0,0,0.0,47,66.2,0,0.0,12,44.4,WR,DaviDe02"
"98,Chris Godwin,47,0,0,1,Sat,17,18,2026-01-03,29-310,TAM,,CAR,W 16-14,0,0,0,,0,0,0,0,,,,0,0,,,,,,,0,0,,0,0,,1,1,8,8.0,0,100.0,8.0,1,100.0,47,70.1,0,0.0,0,0.0,WR,GodwCh00"
"99,D.J. Moore,47,0,0,3,Sun,17,18,2026-01-04,28-265,CHI,,DET,L 16-19,0,0,0,,0,0,0,0,,,,0,0,,,,,,,0,0,,0,0,,3,1,11,11.0,0,33.3,3.7,1,33.3,47,85.5,0,0.0,0,0.0,WR,MoorD.00"
"100,Kyren Williams,47,0,12,5,Sun,17,18,2026-01-04,25-131,LAR,,ARI,W 37-20,0,0,0,,0,0,0,0,,,,0,0,,,,,,,12,60,5.0,0,3,58.3,5,3,21,7.0,0,60.0,4.2,1,60.0,47,62.7,0,0.0,0,0.0,RB,WillKy02"
"101,Jerry Jeudy,46,0,1,6,Sun,17,18,2026-01-04,26-255,CLE,@,CIN,W 20-18,0,0,0,,0,0,0,0,,,,0,0,,,,,,,1,5,5.0,0,1,100.0,6,2,17,8.5,0,33.3,2.8,1,16.7,46,88.5,0,0.0,0,0.0,WR,JeudJe00"
"102,Courtland Sutton,46,0,0,2,Sun,17,18,2026-01-04,30-086,DEN,,LAC,W 19-3,0,0,0,,0,0,0,0,,,,0,0,,,,,,,0,0,,0,0,,2,1,5,5.0,0,50.0,2.5,0,0.0,46,78.0,0,0.0,0,0.0,WR,SuttCo00"
"103,Tommy Tremble,46,0,0,4,Sat,17,18,2026-01-03,25-215,CAR,@,TAM,L 14-16,0,0,0,,0,0,0,0,,,,0,0,,,,,,,0,0,,0,0,,4,3,38,12.7,1,75.0,9.5,3,75.0,46,90.2,0,0.0,5,22.7,TE,TremTo00"
"104,Drake Dabney,45,0,0,2,Sun,17,18,2026-01-04,23-235,GNB,@,MIN,L 3-16,0,0,0,,0,0,0,0,,,,0,0,,,,,,,0,0,,0,0,,2,1,3,3.0,0,50.0,1.5,0,0.0,45,88.2,0,0.0,9,39.1,TE,DabnDr00"
"105,Drake Maye,45,18,5,0,Sun,17,18,2026-01-04,23-127,NWE,,MIA,W 38-10,14,18,4,77.8,191,1,0,0,5.6,0.0,129.4,0,0,0.00,10.6,11.7,11.7,13.6,55.6,5,41,8.2,0,3,100.0,0,0,0,,0,,,0,,45,76.3,0,0.0,0,0.0,QB,MayeDr00"
"106,Tetairoa McMillan,45,0,0,6,Sat,17,18,2026-01-03,22-273,CAR,@,TAM,L 14-16,0,0,0,,0,0,0,0,,,,0,0,,,,,,,0,0,,0,0,,6,4,85,21.3,0,66.7,14.2,4,66.7,45,88.2,0,0.0,0,0.0,WR,McMiTe00"
"107,David Sills V,45,0,0,1,Sun,17,18,2026-01-04,29-220,ATL,,NOR,W 19-17,0,0,0,,0,0,0,0,,,,0,0,,,,,,,0,0,,0,0,,1,1,11,11.0,0,100.0,11.0,0,0.0,45,71.4,0,0.0,5,17.9,WR,SillDa01"
"108,Parker Washington,45,0,0,9,Sun,17,18,2026-01-04,23-289,JAX,,TEN,W 41-7,0,0,0,,0,0,0,0,,,,0,0,,,,,,,0,0,,0,0,,9,5,87,17.4,1,55.6,9.7,3,55.6,45,73.8,0,0.0,5,19.2,WR,WashPa01"
"109,Alec Pierce,44,0,0,7,Sun,17,18,2026-01-04,25-247,IND,@,HOU,L 30-38,0,0,0,,0,0,0,0,,,,0,0,,,,,,,0,0,,0,0,,7,4,132,33.0,2,57.1,18.9,3,42.9,44,67.7,0,0.0,0,0.0,WR,PierAl00"
"110,C.J. Stroud,44,23,2,0,Sun,17,18,2026-01-04,24-093,HOU,,IND,W 38-30,14,23,9,60.9,169,1,0,0,4.3,0.0,97.9,0,0,0.00,7.3,8.2,8.2,12.1,39.1,2,5,2.5,1,1,100.0,0,0,0,,0,,,0,,44,64.7,0,0.0,0,0.0,QB,StroCJ00"
"111,Isaac TeSlaa,44,0,0,1,Sun,17,18,2026-01-04,23-318,DET,@,CHI,W 19-16,0,0,0,,0,0,0,0,,,,0,0,,,,,,,0,0,,0,0,,1,1,18,18.0,0,100.0,18.0,1,100.0,44,60.3,0,0.0,0,0.0,WR,TeSlIs00"
"112,J.J. McCarthy,43,23,2,0,Sun,17,18,2026-01-04,22-349,MIN,,GNB,W 16-3,14,23,9,60.9,182,0,0,0,0.0,0.0,85.8,0,0,0.00,7.9,7.9,7.9,13.0,47.8,2,7,3.5,0,1,100.0,0,0,0,,0,,,0,,43,64.2,0,0.0,0,0.0,QB,McCaJJ00"
"113,Chig Okonkwo,43,0,0,5,Sun,17,18,2026-01-04,26-118,TEN,@,JAX,L 7-41,0,0,0,,0,0,0,0,,,,0,0,,,,,,,0,0,,0,0,,5,2,2,1.0,0,40.0,0.4,0,0.0,43,79.6,0,0.0,0,0.0,TE,OkonCh00"
"114,Jalen Royals,43,0,0,3,Sun,17,18,2026-01-04,22-320,KAN,@,LVR,L 12-14,0,0,0,,0,0,0,0,,,,0,0,,,,,,,0,0,,0,0,,3,2,4,2.0,0,66.7,1.3,0,0.0,43,67.2,0,0.0,16,50.0,WR,RoyaJa00"
"115,Xavier Weaver,43,0,0,0,Sun,17,18,2026-01-04,25-084,ARI,@,LAR,L 20-37,0,0,0,,0,0,0,0,,,,0,0,,,,,,,0,0,,0,0,,0,0,0,,0,,,0,,43,78.2,0,0.0,7,25.0,WR,WeavXa00"
"116,AJ Barner,42,0,0,3,Sat,17,18,2026-01-03,23-245,SEA,@,SFO,W 13-3,0,0,0,,0,0,0,0,,,,0,0,,,,,,,0,0,,0,0,,3,2,14,7.0,0,66.7,4.7,0,0.0,42,60.9,0,0.0,0,0.0,TE,BarnAJ00"
"117,Bucky Irving,42,0,26,2,Sat,17,18,2026-01-03,23-137,TAM,,CAR,W 16-14,0,0,0,,0,0,0,0,,,,0,0,,,,,,,26,85,3.3,0,5,46.2,2,1,13,13.0,0,50.0,6.5,1,50.0,42,62.7,0,0.0,0,0.0,RB,IrviBu00"
"118,Brock Purdy,42,27,2,0,Sat,17,18,2026-01-03,26-007,SFO,,SEA,L 3-13,19,27,8,70.4,127,0,1,0,0.0,3.7,64.9,3,7,10.00,4.7,3.0,2.5,6.7,40.0,2,21,10.5,0,1,50.0,0,0,0,,0,,,0,,42,100.0,0,0.0,0,0.0,QB,PurdBr00"
"119,John Bates,41,0,0,2,Sun,17,18,2026-01-04,28-059,WAS,@,PHI,W 24-17,0,0,0,,0,0,0,0,,,,0,0,,,,,,,0,0,,0,0,,2,2,13,6.5,1,100.0,6.5,2,100.0,41,59.4,0,0.0,12,54.5,TE,BateJo00"
"120,Josh Downs,41,0,1,4,Sun,17,18,2026-01-04,24-145,IND,@,HOU,L 30-38,0,0,0,,0,0,0,0,,,,0,0,,,,,,,1,-5,-5.0,0,0,0.0,4,4,61,15.3,0,100.0,15.3,2,50.0,41,63.1,0,0.0,3,8.3,WR,DownJo00"
"121,George Kittle,40,0,0,7,Sat,17,18,2026-01-03,32-086,SFO,,SEA,L 3-13,0,0,0,,0,0,0,0,,,,0,0,,,,,,,0,0,,0,0,,7,5,29,5.8,0,71.4,4.1,3,57.1,40,95.2,0,0.0,0,0.0,TE,KittGe00"
"122,Cedric Tillman,40,0,0,2,Sun,17,18,2026-01-04,25-260,CLE,@,CIN,W 20-18,0,0,0,,0,0,0,0,,,,0,0,,,,,,,0,0,,0,0,,2,1,23,23.0,0,50.0,11.5,1,50.0,40,76.9,0,0.0,0,0.0,WR,TillCe01"
"123,Pat Bryant,39,0,0,5,Sun,17,18,2026-01-04,23-025,DEN,,LAC,W 19-3,0,0,0,,0,0,0,0,,,,0,0,,,,,,,0,0,,0,0,,5,4,31,7.8,0,80.0,6.2,2,40.0,39,66.1,0,0.0,2,7.4,WR,BryaPa00"
"124,Zach Charbonnet,39,0,17,4,Sat,17,18,2026-01-03,24-360,SEA,@,SFO,W 13-3,0,0,0,,0,0,0,0,,,,0,0,,,,,,,17,74,4.4,1,4,29.4,4,3,23,7.7,0,75.0,5.8,1,50.0,39,56.5,0,0.0,0,0.0,RB,CharZa00"
"125,Chimere Dike,39,0,0,4,Sun,17,18,2026-01-04,24-021,TEN,@,JAX,L 7-41,0,0,0,,0,0,0,0,,,,0,0,,,,,,,0,0,,0,0,,4,3,27,9.0,0,75.0,6.8,1,50.0,39,72.2,0,0.0,10,38.5,WR,DikeCh00"
"126,Emeka Egbuka,39,0,0,3,Sat,17,18,2026-01-03,23-081,TAM,,CAR,W 16-14,0,0,0,,0,0,0,0,,,,0,0,,,,,,,0,0,,0,0,,3,1,8,8.0,0,33.3,2.7,0,33.3,39,58.2,0,0.0,0,0.0,WR,EgbuEm01"
"127,Christian Kirk,39,0,0,2,Sun,17,18,2026-01-04,29-047,HOU,,IND,W 38-30,0,0,0,,0,0,0,0,,,,0,0,,,,,,,0,0,,0,0,,2,1,-3,-3.0,0,50.0,-1.5,0,0.0,39,57.4,0,0.0,0,0.0,WR,KirkCh01"
"128,Malik Washington,39,0,2,4,Sun,17,18,2026-01-04,25-000,MIA,@,NWE,L 10-38,0,0,0,,0,0,0,0,,,,0,0,,,,,,,2,22,11.0,0,1,100.0,4,3,6,2.0,1,75.0,1.5,1,25.0,39,69.6,0,0.0,9,33.3,WR,WashMa00"
"129,Keenan Allen,38,0,0,13,Sun,17,18,2026-01-04,33-252,LAC,@,DEN,L 3-19,0,0,0,,0,0,0,0,,,,0,0,,,,,,,0,0,,0,0,,13,7,36,5.1,0,53.8,2.8,2,23.1,38,53.5,0,0.0,0,0.0,WR,AlleKe00"
"130,Tank Bigsby,38,0,16,1,Sun,17,18,2026-01-04,24-127,PHI,,WAS,L 17-24,0,0,0,,0,0,0,0,,,,0,0,,,,,,,16,75,4.7,1,5,50.0,1,1,31,31.0,0,100.0,31.0,1,100.0,38,59.4,0,0.0,0,0.0,RB,BigsTa00"
"131,Chase Brown,38,0,13,6,Sun,17,18,2026-01-04,25-289,CIN,,CLE,L 18-20,0,0,0,,0,0,0,0,,,,0,0,,,,,,,13,72,5.5,0,2,53.8,6,4,18,4.5,1,66.7,3.0,1,33.3,38,55.9,0,0.0,0,0.0,RB,BrowCh10"
"132,Dalton Schultz,38,0,0,4,Sun,17,18,2026-01-04,29-177,HOU,,IND,W 38-30,0,0,0,,0,0,0,0,,,,0,0,,,,,,,0,0,,0,0,,4,4,73,18.3,0,100.0,18.3,3,75.0,38,55.9,0,0.0,0,0.0,TE,SchuDa00"
"133,Ben Sinnott,38,0,0,2,Sun,17,18,2026-01-04,23-204,WAS,@,PHI,W 24-17,0,0,0,,0,0,0,0,,,,0,0,,,,,,,0,0,,0,0,,2,2,3,1.5,0,100.0,1.5,0,0.0,38,55.1,0,0.0,5,22.7,TE,SinnBe00"
"134,Brenton Strange,38,0,0,6,Sun,17,18,2026-01-04,25-008,JAX,,TEN,W 41-7,0,0,0,,0,0,0,0,,,,0,0,,,,,,,0,0,,0,0,,6,6,52,8.7,1,100.0,8.7,4,100.0,38,62.3,0,0.0,0,0.0,TE,StraBr00"
"135,Calvin Austin III,37,0,0,7,Sun,17,18,2026-01-04,26-286,PIT,,BAL,W 26-24,0,0,0,,0,0,0,0,,,,0,0,,,,,,,0,0,,0,0,,7,3,55,18.3,1,42.9,7.9,3,42.9,37,49.3,0,0.0,4,13.8,WR,AustCa00"
"136,Jauan Jennings,37,0,0,6,Sat,17,18,2026-01-03,28-177,SFO,,SEA,L 3-13,0,0,0,,0,0,0,0,,,,0,0,,,,,,,0,0,,0,0,,6,4,35,8.8,0,66.7,5.8,2,33.3,37,88.1,0,0.0,0,0.0,WR,JennJa00"
"137,Jalen McMillan,37,0,0,1,Sat,17,18,2026-01-03,24-027,TAM,,CAR,W 16-14,0,0,0,,0,0,0,0,,,,0,0,,,,,,,0,0,,0,0,,1,1,11,11.0,0,100.0,11.0,1,100.0,37,55.2,0,0.0,0,0.0,WR,McMiJa01"
"138,Demarcus Robinson,37,0,0,4,Sat,17,18,2026-01-03,31-104,SFO,,SEA,L 3-13,0,0,0,,0,0,0,0,,,,0,0,,,,,,,0,0,,0,0,,4,3,24,8.0,0,75.0,6.0,2,50.0,37,88.1,0,0.0,0,0.0,WR,RobiDe01"
"139,Devontez Walker,37,0,0,2,Sun,17,18,2026-01-04,24-199,BAL,@,PIT,L 24-26,0,0,0,,0,0,0,0,,,,0,0,,,,,,,0,0,,0,0,,2,2,46,23.0,1,100.0,23.0,1,100.0,37,72.5,0,0.0,14,48.3,WR,WalkDe01"
"140,Josh Whyle,37,0,0,1,Sun,17,18,2026-01-04,26-118,GNB,@,MIN,L 3-16,0,0,0,,0,0,0,0,,,,0,0,,,,,,,0,0,,0,0,,1,1,4,4.0,0,100.0,4.0,0,100.0,37,72.5,0,0.0,13,56.5,TE,WhylJo01"
"141,Jack Bech,36,0,0,2,Sun,17,18,2026-01-04,23-017,LVR,,KAN,W 14-12,0,0,0,,0,0,0,0,,,,0,0,,,,,,,0,0,,0,0,,2,0,0,,0,0.0,0.0,0,0.0,36,58.1,0,0.0,6,18.8,WR,BechJa00"
"142,Ronnie Bell,36,0,0,4,Sun,17,18,2026-01-04,25-341,NOR,@,ATL,L 17-19,0,0,0,,0,0,0,0,,,,0,0,,,,,,,0,0,,0,0,,4,2,23,11.5,1,50.0,5.8,1,25.0,36,52.9,0,0.0,3,10.7,WR,BellRo01"
"143,Noah Gray,36,0,0,5,Sun,17,18,2026-01-04,26-249,KAN,@,LVR,L 12-14,0,0,0,,0,0,0,0,,,,0,0,,,,,,,0,0,,0,0,,5,3,30,10.0,0,60.0,6.0,2,40.0,36,56.3,0,0.0,4,12.5,TE,GrayNo00"
"144,Derrick Henry,36,0,20,1,Sun,17,18,2026-01-04,32-000,BAL,@,PIT,L 24-26,0,0,0,,0,0,0,0,,,,0,0,,,,,,,20,126,6.3,0,5,35.0,1,0,0,,0,0.0,0.0,0,0.0,36,70.6,0,0.0,0,0.0,RB,HenrDe00"
"145,Andrei Iosivas,36,0,0,3,Sun,17,18,2026-01-04,26-081,CIN,,CLE,L 18-20,0,0,0,,0,0,0,0,,,,0,0,,,,,,,0,0,,0,0,,3,2,10,5.0,0,66.7,3.3,1,33.3,36,52.9,0,0.0,0,0.0,WR,IosiAn00"
"146,Christian McCaffrey,36,0,8,7,Sat,17,18,2026-01-03,29-210,SFO,,SEA,L 3-13,0,0,0,,0,0,0,0,,,,0,0,,,,,,,8,23,2.9,0,0,25.0,7,6,34,5.7,0,85.7,4.9,1,42.9,36,85.7,0,0.0,0,0.0,RB,McCaCh01"
"147,Konata Mumpfield,36,0,0,1,Sun,17,18,2026-01-04,23-072,LAR,,ARI,W 37-20,0,0,0,,0,0,0,0,,,,0,0,,,,,,,0,0,,0,0,,1,0,0,,0,0.0,0.0,0,0.0,36,48.0,0,0.0,0,0.0,WR,MumpKo00"
"148,Cedrick Wilson Jr.,36,0,0,2,Sun,17,18,2026-01-04,30-045,MIA,@,NWE,L 10-38,0,0,0,,0,0,0,0,,,,0,0,,,,,,,0,0,,0,0,,2,0,0,,0,0.0,0.0,0,0.0,36,64.3,0,0.0,0,0.0,WR,WilsCe01"
"149,Britain Covey,35,0,0,4,Sun,17,18,2026-01-04,28-292,PHI,,WAS,L 17-24,0,0,0,,0,0,0,0,,,,0,0,,,,,,,0,0,,0,0,,4,2,20,10.0,0,50.0,5.0,2,50.0,35,54.7,0,0.0,7,31.8,WR,CoveBr00"
"150,Chris Oladokun,35,17,1,0,Sun,17,18,2026-01-04,28-123,KAN,@,LVR,L 12-14,11,17,6,64.7,58,0,0,0,0.0,0.0,70.2,3,40,15.00,3.4,3.4,0.9,5.3,25.0,1,0,0.0,0,0,0.0,0,0,0,,0,,,0,,35,54.7,0,0.0,0,0.0,QB,OladCh00"
"151,Brian Thomas,35,0,0,5,Sun,17,18,2026-01-04,23-088,JAX,,TEN,W 41-7,0,0,0,,0,0,0,0,,,,0,0,,,,,,,0,0,,0,0,,5,3,49,16.3,0,60.0,9.8,3,60.0,35,57.4,0,0.0,0,0.0,WR,ThomBr06"
"152,Kayshon Boutte,34,0,0,4,Sun,17,18,2026-01-04,23-242,NWE,,MIA,W 38-10,0,0,0,,0,0,0,0,,,,0,0,,,,,,,0,0,,0,0,,4,2,24,12.0,0,50.0,6.0,2,50.0,34,57.6,0,0.0,0,0.0,WR,BoutKa00"
"153,Luther Burden,34,0,1,4,Sun,17,18,2026-01-04,22-023,CHI,,DET,L 16-19,0,0,0,,0,0,0,0,,,,0,0,,,,,,,1,10,10.0,0,1,100.0,4,3,35,11.7,0,75.0,8.8,3,75.0,34,61.8,0,0.0,0,0.0,WR,BurdLu00"
"154,Travis Etienne,34,0,14,1,Sun,17,18,2026-01-04,26-343,JAX,,TEN,W 41-7,0,0,0,,0,0,0,0,,,,0,0,,,,,,,14,32,2.3,0,1,28.6,1,1,6,6.0,0,100.0,6.0,1,100.0,34,55.7,0,0.0,0,0.0,RB,EtieTr00"
"155,Hunter Henry,34,0,0,5,Sun,17,18,2026-01-04,31-028,NWE,,MIA,W 38-10,0,0,0,,0,0,0,0,,,,0,0,,,,,,,0,0,,0,0,,5,5,56,11.2,0,100.0,11.2,2,40.0,34,57.6,0,0.0,0,0.0,TE,HenrHu00"
"156,Julian Hill,34,0,0,1,Sun,17,18,2026-01-04,25-179,MIA,@,NWE,L 10-38,0,0,0,,0,0,0,0,,,,0,0,,,,,,,0,0,,0,0,,1,1,8,8.0,0,100.0,8.0,0,100.0,34,60.7,0,0.0,14,51.9,TE,HillJu02"
"157,John Metchie,34,0,0,4,Sun,17,18,2026-01-04,25-170,NYJ,@,BUF,L 8-35,0,0,0,,0,0,0,0,,,,0,0,,,,,,,0,0,,0,0,,4,3,20,6.7,0,75.0,5.0,1,50.0,34,70.8,0,0.0,3,18.8,WR,MetcJo00"
"158,Tony Pollard,34,0,14,3,Sun,17,18,2026-01-04,28-249,TEN,@,JAX,L 7-41,0,0,0,,0,0,0,0,,,,0,0,,,,,,,14,48,3.4,0,3,35.7,3,3,17,5.7,0,100.0,5.7,1,66.7,34,63.0,0,0.0,0,0.0,RB,PollTo00"
"159,Brashard Smith,34,0,12,4,Sun,17,18,2026-01-04,22-268,KAN,@,LVR,L 12-14,0,0,0,,0,0,0,0,,,,0,0,,,,,,,12,56,4.7,0,3,41.7,4,2,2,1.0,0,50.0,0.5,0,25.0,34,53.1,0,0.0,12,37.5,RB,SmitBr09"
"160,Jonathan Taylor,34,0,14,2,Sun,17,18,2026-01-04,26-350,IND,@,HOU,L 30-38,0,0,0,,0,0,0,0,,,,0,0,,,,,,,14,26,1.9,0,2,28.6,2,2,13,6.5,0,100.0,6.5,1,50.0,34,52.3,0,0.0,0,0.0,RB,TaylJo02"
"161,Adam Trautman,34,0,0,0,Sun,17,18,2026-01-04,28-333,DEN,,LAC,W 19-3,0,0,0,,0,0,0,0,,,,0,0,,,,,,,0,0,,0,0,,0,0,0,,0,,,0,,34,57.6,0,0.0,7,25.9,TE,TrauAd00"
"162,Blake Whiteheart,34,0,0,1,Sun,17,18,2026-01-04,25-288,CLE,@,CIN,W 20-18,0,0,0,,0,0,0,0,,,,0,0,,,,,,,0,0,,0,0,,1,0,0,,0,0.0,0.0,0,0.0,34,65.4,0,0.0,13,54.2,TE,WhitBl01"
"163,Jaydon Blue,33,0,16,0,Sun,17,18,2026-01-04,21-361,DAL,@,NYG,L 17-34,0,0,0,,0,0,0,0,,,,0,0,,,,,,,16,64,4.0,1,4,37.5,0,0,0,,0,,,0,,33,60.0,0,0.0,2,7.7,RB,BlueJa01"
"164,Jake Ferguson,33,0,0,2,Sun,17,18,2026-01-04,26-351,DAL,@,NYG,L 17-34,0,0,0,,0,0,0,0,,,,0,0,,,,,,,0,0,,0,0,,2,1,5,5.0,0,50.0,2.5,0,0.0,33,60.0,0,0.0,0,0.0,TE,FergJa00"
"165,Oronde Gadsden II,33,0,0,2,Sun,17,18,2026-01-04,22-193,LAC,@,DEN,L 3-19,0,0,0,,0,0,0,0,,,,0,0,,,,,,,0,0,,0,0,,2,2,23,11.5,0,100.0,11.5,1,100.0,33,46.5,0,0.0,8,29.6,TE,GadsOr01"
"166,RJ Harvey,33,0,15,4,Sun,17,18,2026-01-04,24-334,DEN,,LAC,W 19-3,0,0,0,,0,0,0,0,,,,0,0,,,,,,,15,28,1.9,0,2,26.7,4,1,5,5.0,0,25.0,1.3,0,0.0,33,55.9,0,0.0,0,0.0,RB,HarvRJ00"
"167,Elijah Higgins,33,0,0,3,Sun,17,18,2026-01-04,25-069,ARI,@,LAR,L 20-37,0,0,0,,0,0,0,0,,,,0,0,,,,,,,0,0,,0,0,,3,3,28,9.3,0,100.0,9.3,3,100.0,33,60.0,0,0.0,15,53.6,TE,HiggEl00"
"168,Samaje Perine,33,0,8,4,Sun,17,18,2026-01-04,30-110,CIN,,CLE,L 18-20,0,0,0,,0,0,0,0,,,,0,0,,,,,,,8,42,5.3,0,4,75.0,4,3,10,3.3,0,75.0,2.5,0,50.0,33,48.5,0,0.0,9,37.5,RB,PeriSa00"
"169,Rashid Shaheed,33,0,0,1,Sat,17,18,2026-01-03,27-125,SEA,@,SFO,W 13-3,0,0,0,,0,0,0,0,,,,0,0,,,,,,,0,0,,0,0,,1,1,2,2.0,0,100.0,2.0,0,0.0,33,47.8,0,0.0,6,35.3,WR,ShahRa00"
"170,Jonnu Smith,33,0,1,2,Sun,17,18,2026-01-04,30-135,PIT,,BAL,W 26-24,0,0,0,,0,0,0,0,,,,0,0,,,,,,,1,2,2.0,0,0,0.0,2,1,2,2.0,0,50.0,1.0,0,0.0,33,44.0,0,0.0,0,0.0,TE,SmitJo01"
"171,Cade Stover,33,0,0,2,Sun,17,18,2026-01-04,25-206,HOU,,IND,W 38-30,0,0,0,,0,0,0,0,,,,0,0,,,,,,,0,0,,0,0,,2,1,9,9.0,0,50.0,4.5,0,50.0,33,48.5,0,0.0,23,63.9,TE,StovCa00"
"172,Khalil Herbert,32,0,12,2,Sun,17,18,2026-01-04,27-258,NYJ,@,BUF,L 8-35,0,0,0,,0,0,0,0,,,,0,0,,,,,,,12,42,3.5,0,2,50.0,2,1,4,4.0,0,50.0,2.0,0,50.0,32,66.7,0,0.0,0,0.0,RB,HerbKh00"
"173,Tyler Lockett,32,0,0,5,Sun,17,18,2026-01-04,33-098,LVR,,KAN,W 14-12,0,0,0,,0,0,0,0,,,,0,0,,,,,,,0,0,,0,0,,5,1,5,5.0,0,20.0,1.0,0,0.0,32,51.6,0,0.0,0,0.0,WR,LockTy00"
"174,D'Andre Swift,32,0,10,2,Sun,17,18,2026-01-04,26-355,CHI,,DET,L 16-19,0,0,0,,0,0,0,0,,,,0,0,,,,,,,10,40,4.0,0,3,50.0,2,1,8,8.0,0,50.0,4.0,0,50.0,32,58.2,0,0.0,0,0.0,RB,SwifDA00"
"175,Will Dissly,31,0,0,5,Sun,17,18,2026-01-04,29-180,LAC,@,DEN,L 3-19,0,0,0,,0,0,0,0,,,,0,0,,,,,,,0,0,,0,0,,5,1,6,6.0,0,20.0,1.2,0,0.0,31,43.7,0,0.0,13,48.1,TE,DissWi00"
"176,Alec Ingold,31,0,0,2,Sun,17,18,2026-01-04,29-179,MIA,@,NWE,L 10-38,0,0,0,,0,0,0,0,,,,0,0,,,,,,,0,0,,0,0,,2,1,3,3.0,0,50.0,1.5,0,0.0,31,55.4,0,0.0,3,11.1,FB,IngoAl01"
"177,Woody Marks,31,0,10,3,Sun,17,18,2026-01-04,25-006,HOU,,IND,W 38-30,0,0,0,,0,0,0,0,,,,0,0,,,,,,,10,48,4.8,0,5,90.0,3,2,0,0.0,0,66.7,0.0,0,0.0,31,45.6,0,0.0,0,0.0,RB,MarkWo00"
"178,David Montgomery,31,0,8,1,Sun,17,18,2026-01-04,28-211,DET,@,CHI,W 19-16,0,0,0,,0,0,0,0,,,,1,5,100.00,,,-5.0,,0.0,8,42,5.3,0,3,75.0,1,1,13,13.0,0,100.0,13.0,1,100.0,31,42.5,0,0.0,0,0.0,RB,MontDa01"
"179,Josh Oliver,31,0,0,2,Sun,17,18,2026-01-04,28-289,MIN,,GNB,W 16-3,0,0,0,,0,0,0,0,,,,0,0,,,,,,,0,0,,0,0,,2,2,29,14.5,0,100.0,14.5,2,100.0,31,46.3,0,0.0,2,8.7,TE,OlivJo00"
"180,Mark Andrews,30,0,0,3,Sun,17,18,2026-01-04,30-120,BAL,@,PIT,L 24-26,0,0,0,,0,0,0,0,,,,0,0,,,,,,,0,0,,0,0,,3,2,14,7.0,0,66.7,4.7,0,33.3,30,58.8,0,0.0,0,0.0,TE,AndrMa00"
"181,Stone Smartt,30,0,0,0,Sun,17,18,2026-01-04,27-092,NYJ,@,BUF,L 8-35,0,0,0,,0,0,0,0,,,,0,0,,,,,,,0,0,,0,0,,0,0,0,,0,,,0,,30,62.5,0,0.0,11,68.8,TE,SmarSt00"
"182,Shane Zylstra,30,0,0,0,Sun,17,18,2026-01-04,29-049,DET,@,CHI,W 19-16,0,0,0,,0,0,0,0,,,,0,0,,,,,,,0,0,,0,0,,0,0,0,,0,,,0,,30,41.1,0,0.0,11,55.0,TE,ZylsSh00"
"183,Shane Buechele,29,14,1,0,Sun,17,18,2026-01-04,27-361,KAN,@,LVR,L 12-14,7,14,7,50.0,88,0,0,0,0.0,0.0,69.9,5,22,26.32,6.3,6.3,3.5,12.6,21.1,1,4,4.0,0,0,0.0,0,0,0,,0,,,0,,29,45.3,0,0.0,0,0.0,QB,BuecSh00"
"184,Michael Carter,29,0,7,3,Sun,17,18,2026-01-04,26-242,ARI,@,LAR,L 20-37,0,0,0,,0,0,0,0,,,,0,0,,,,,,,7,18,2.6,0,1,42.9,3,3,21,7.0,0,100.0,7.0,1,66.7,29,52.7,0,0.0,1,3.6,RB,CartMi03"
"185,Ty Chandler,29,0,10,4,Sun,17,18,2026-01-04,27-237,MIN,,GNB,W 16-3,0,0,0,,0,0,0,0,,,,0,0,,,,,,,10,23,2.3,0,0,30.0,4,3,11,3.7,0,75.0,2.8,1,25.0,29,43.3,0,0.0,6,26.1,RB,ChanTy01"
"186,Greg Dulcich,29,0,0,4,Sun,17,18,2026-01-04,25-284,MIA,@,NWE,L 10-38,0,0,0,,0,0,0,0,,,,0,0,,,,,,,0,0,,0,0,,4,3,31,10.3,0,75.0,7.8,1,50.0,29,51.8,0,0.0,6,22.2,TE,DulcGr00"
"187,Chris Rodriguez,29,0,16,1,Sun,17,18,2026-01-04,25-100,WAS,@,PHI,W 24-17,0,0,0,,0,0,0,0,,,,0,0,,,,,,,16,65,4.1,1,4,50.0,1,1,18,18.0,0,100.0,18.0,1,100.0,29,42.0,0,0.0,0,0.0,RB,RodrCh00"
"188,Jeremy Ruckert,29,0,0,0,Sun,17,18,2026-01-04,25-146,NYJ,@,BUF,L 8-35,0,0,0,,0,0,0,0,,,,0,0,,,,,,,0,0,,0,0,,0,0,0,,0,,,0,,29,60.4,0,0.0,4,25.0,TE,RuckJe00"
"189,Kenneth Walker III,29,0,16,4,Sat,17,18,2026-01-03,25-075,SEA,@,SFO,W 13-3,0,0,0,,0,0,0,0,,,,0,0,,,,,,,16,97,6.1,0,5,56.3,4,4,36,9.0,0,100.0,9.0,2,50.0,29,42.0,0,0.0,0,0.0,RB,WalkKe00"
"190,Isaiah Bond,28,0,1,2,Sun,17,18,2026-01-04,21-295,CLE,@,CIN,W 20-18,0,0,0,,0,0,0,0,,,,0,0,,,,,,,1,4,4.0,0,0,100.0,2,1,13,13.0,0,50.0,6.5,1,50.0,28,53.8,0,0.0,0,0.0,WR,BondIs00"
"191,Grant Calcaterra,28,0,0,3,Sun,17,18,2026-01-04,27-031,PHI,,WAS,L 17-24,0,0,0,,0,0,0,0,,,,0,0,,,,,,,0,0,,0,0,,3,2,21,10.5,1,66.7,7.0,1,66.7,28,43.8,0,0.0,6,27.3,TE,CalcGr00"
"192,Dak Prescott,28,11,2,0,Sun,17,18,2026-01-04,32-159,DAL,@,NYG,L 17-34,7,11,4,63.6,70,0,0,0,0.0,0.0,81.6,0,0,0.00,6.4,6.4,6.4,10.0,54.5,2,-1,-0.5,0,0,0.0,0,0,0,,0,,,0,,28,50.9,0,0.0,0,0.0,QB,PresDa01"
"193,Rhamondre Stevenson,28,0,7,2,Sun,17,18,2026-01-04,27-315,NWE,,MIA,W 38-10,0,0,0,,0,0,0,0,,,,0,0,,,,,,,7,131,18.7,2,5,85.7,2,2,22,11.0,1,100.0,11.0,1,100.0,28,47.5,0,0.0,0,0.0,RB,StevRh00"
"194,Jaylen Warren,28,0,14,5,Sun,17,18,2026-01-04,27-064,PIT,,BAL,W 26-24,0,0,0,,0,0,0,0,,,,0,0,,,,,,,14,66,4.7,0,4,50.0,5,5,33,6.6,0,100.0,6.6,1,60.0,28,37.3,0,0.0,5,17.2,RB,WarrJa01"
"195,Emanuel Wilson,28,0,18,1,Sun,17,18,2026-01-04,26-241,GNB,@,MIN,L 3-16,0,0,0,,0,0,0,0,,,,0,0,,,,,,,18,44,2.4,0,5,50.0,1,1,4,4.0,0,100.0,4.0,0,0.0,28,54.9,0,0.0,4,17.4,RB,WilsEm00"
"196,Mo Alie-Cox,27,0,0,4,Sun,17,18,2026-01-04,32-107,IND,@,HOU,L 30-38,0,0,0,,0,0,0,0,,,,0,0,,,,,,,0,0,,0,0,,4,3,22,7.3,0,75.0,5.5,1,25.0,27,41.5,0,0.0,18,50.0,TE,AlieMo00"
"197,Stefon Diggs,27,0,0,3,Sun,17,18,2026-01-04,32-036,NWE,,MIA,W 38-10,0,0,0,,0,0,0,0,,,,0,0,,,,,,,0,0,,0,0,,3,3,43,14.3,0,100.0,14.3,1,66.7,27,45.8,0,0.0,0,0.0,WR,DiggSt00"
"198,Rico Dowdle,27,0,7,2,Sat,17,18,2026-01-03,27-203,CAR,@,TAM,L 14-16,0,0,0,,0,0,0,0,,,,0,0,,,,,,,7,10,1.4,0,0,28.6,2,2,20,10.0,0,100.0,10.0,1,50.0,27,52.9,0,0.0,0,0.0,RB,DowdRi01"
"199,Jordan Mason,27,0,14,0,Sun,17,18,2026-01-04,26-225,MIN,,GNB,W 16-3,0,0,0,,0,0,0,0,,,,0,0,,,,,,,14,94,6.7,0,6,57.1,0,0,0,,0,,,0,,27,40.3,0,0.0,0,0.0,RB,MasoJo00"
"200,Joe Milton,27,13,4,0,Sun,17,18,2026-01-04,25-304,DAL,@,NYG,L 17-34,7,13,6,53.8,73,0,1,0,0.0,7.7,38.3,0,0,0.00,5.6,2.2,2.2,10.4,23.1,4,43,10.8,0,1,75.0,0,0,0,,0,,,0,,27,49.1,0,0.0,0,0.0,QB,MiltJo00"
"201,Kyle Williams,27,0,1,0,Sun,17,18,2026-01-04,23-052,NWE,,MIA,W 38-10,0,0,0,,0,0,0,0,,,,0,0,,,,,,,1,5,5.0,0,0,100.0,0,0,0,,0,,,0,,27,45.8,0,0.0,0,0.0,WR,WillKy03"
"202,Efton Chism,26,0,0,1,Sun,17,18,2026-01-04,24-070,NWE,,MIA,W 38-10,0,0,0,,0,0,0,0,,,,0,0,,,,,,,0,0,,0,0,,1,1,35,35.0,0,100.0,35.0,1,100.0,26,44.1,0,0.0,7,25.9,WR,ChisEf00"
"203,Mike Gesicki,26,0,0,2,Sun,17,18,2026-01-04,30-093,CIN,,CLE,L 18-20,0,0,0,,0,0,0,0,,,,0,0,,,,,,,0,0,,0,0,,2,2,13,6.5,0,100.0,6.5,2,100.0,26,38.2,0,0.0,0,0.0,TE,GesiMi00"
"204,Quintin Morris,26,0,0,1,Sun,17,18,2026-01-04,26-348,JAX,,TEN,W 41-7,0,0,0,,0,0,0,0,,,,0,0,,,,,,,0,0,,0,0,,1,1,5,5.0,1,100.0,5.0,1,100.0,26,42.6,0,0.0,14,53.8,TE,MorrQu00"
"205,James Proche,26,0,0,1,Sun,17,18,2026-01-04,29-105,TEN,@,JAX,L 7-41,0,0,0,,0,0,0,0,,,,0,0,,,,,,,0,0,,0,0,,1,1,5,5.0,0,100.0,5.0,0,0.0,26,48.1,0,0.0,1,3.8,WR,ProcJa00"
"206,Patrick Ricard,26,0,0,1,Sun,17,18,2026-01-04,31-222,BAL,@,PIT,L 24-26,0,0,0,,0,0,0,0,,,,0,0,,,,,,,0,0,,0,0,,1,1,8,8.0,0,100.0,8.0,0,100.0,26,51.0,0,0.0,0,0.0,FB,RicaPa00"
"207,Dylan Sampson,26,0,10,3,Sun,17,18,2026-01-04,21-112,CLE,@,CIN,W 20-18,0,0,0,,0,0,0,0,,,,0,0,,,,,,,10,32,3.2,0,3,30.0,3,2,12,6.0,0,66.7,4.0,0,33.3,26,50.0,0,0.0,0,0.0,RB,SampDy00"
"208,Will Shipley,26,0,1,3,Sun,17,18,2026-01-04,23-128,PHI,,WAS,L 17-24,0,0,0,,0,0,0,0,,,,0,0,,,,,,,1,2,2.0,0,0,0.0,3,2,11,5.5,0,66.7,3.7,1,33.3,26,40.6,0,0.0,14,63.6,RB,ShipWi00"
"209,Jaylen Wright,26,0,13,2,Sun,17,18,2026-01-04,22-278,MIA,@,NWE,L 10-38,0,0,0,,0,0,0,0,,,,0,0,,,,,,,13,23,1.8,0,2,53.8,2,2,17,8.5,0,100.0,8.5,1,50.0,26,46.4,0,0.0,0,0.0,RB,WrigJa04"
"210,Ben Yurosek,26,0,0,1,Sun,17,18,2026-01-04,23-293,MIN,,GNB,W 16-3,0,0,0,,0,0,0,0,,,,0,0,,,,,,,0,0,,0,0,,1,1,9,9.0,0,100.0,9.0,1,100.0,26,38.8,0,0.0,4,17.4,TE,YuroBe00"
"211,Blake Corum,25,0,13,1,Sun,17,18,2026-01-04,25-040,LAR,,ARI,W 37-20,0,0,0,,0,0,0,0,,,,0,0,,,,,,,13,59,4.5,0,4,61.5,1,1,10,10.0,0,100.0,10.0,1,100.0,25,33.3,0,0.0,0,0.0,RB,CoruBl00"
"212,Jacory Croskey-Merritt,25,0,13,0,Sun,17,18,2026-01-04,24-267,WAS,@,PHI,W 24-17,0,0,0,,0,0,0,0,,,,0,0,,,,,,,13,29,2.2,0,2,30.8,0,0,0,,0,,,0,,25,36.2,0,0.0,0,0.0,RB,CrosJa00"
"213,Troy Franklin,25,0,0,1,Sun,17,18,2026-01-04,22-332,DEN,,LAC,W 19-3,0,0,0,,0,0,0,0,,,,0,0,,,,,,,0,0,,0,0,,1,0,0,,0,0.0,0.0,0,0.0,25,42.4,0,0.0,0,0.0,WR,FranTr00"
"214,Kareem Hunt,25,0,5,4,Sun,17,18,2026-01-04,30-151,KAN,@,LVR,L 12-14,0,0,0,,0,0,0,0,,,,0,0,,,,,,,5,14,2.8,0,1,40.0,4,3,21,7.0,0,75.0,5.3,0,25.0,25,39.1,0,0.0,0,0.0,RB,HuntKa00"
"215,Ty Johnson,25,0,13,2,Sun,17,18,2026-01-04,28-109,BUF,,NYJ,W 35-8,0,0,0,,0,0,0,0,,,,0,0,,,,,,,13,36,2.8,1,4,53.8,2,2,20,10.0,1,100.0,10.0,1,50.0,25,33.3,0,0.0,0,0.0,RB,JohnTy02"
"216,CeeDee Lamb,25,0,0,1,Sun,17,18,2026-01-04,26-271,DAL,@,NYG,L 17-34,0,0,0,,0,0,0,0,,,,0,0,,,,,,,0,0,,0,0,,1,1,4,4.0,0,100.0,4.0,1,100.0,25,45.5,0,0.0,0,0.0,WR,LambCe00"
"217,Isaiah Likely,25,0,0,2,Sun,17,18,2026-01-04,25-261,BAL,@,PIT,L 24-26,0,0,0,,0,0,0,0,,,,0,0,,,,,,,0,0,,0,0,,2,2,32,16.0,0,100.0,16.0,1,100.0,25,49.0,0,0.0,0,0.0,TE,LikeIs00"
"218,Adonai Mitchell,25,0,0,3,Sun,17,18,2026-01-04,23-088,NYJ,@,BUF,L 8-35,0,0,0,,0,0,0,0,,,,0,0,,,,,,,0,0,,0,0,,3,0,0,,0,0.0,0.0,0,0.0,25,52.1,0,0.0,0,0.0,WR,MitcAd00"
"219,George Pickens,25,0,0,3,Sun,17,18,2026-01-04,24-306,DAL,@,NYG,L 17-34,0,0,0,,0,0,0,0,,,,0,0,,,,,,,0,0,,0,0,,3,1,9,9.0,0,33.3,3.0,0,33.3,25,45.5,0,0.0,0,0.0,WR,PickGe00"
"220,Xavier Smith,25,0,0,2,Sun,17,18,2026-01-04,28-105,LAR,,ARI,W 37-20,0,0,0,,0,0,0,0,,,,0,0,,,,,,,0,0,,0,0,,2,1,6,6.0,0,50.0,3.0,1,50.0,25,33.3,0,0.0,8,28.6,WR,SmitXa00"
"221,Tyjae Spears,25,0,3,7,Sun,17,18,2026-01-04,24-203,TEN,@,JAX,L 7-41,0,0,0,,0,0,0,0,,,,0,0,,,,,,,3,18,6.0,0,1,100.0,7,7,9,1.3,0,100.0,1.3,1,14.3,25,46.3,0,0.0,0,0.0,RB,SpeaTy00"
"222,Isaiah Williams,25,0,0,7,Sun,17,18,2026-01-04,24-340,NYJ,@,BUF,L 8-35,0,0,0,,0,0,0,0,,,,0,0,,,,,,,0,0,,0,0,,7,5,24,4.8,0,71.4,3.4,2,28.6,25,52.1,0,0.0,6,37.5,WR,WillIs03"
"223,Brenden Bates,24,0,0,1,Sun,17,18,2026-01-04,26-079,CLE,@,CIN,W 20-18,0,0,0,,0,0,0,0,,,,0,0,,,,,,,0,0,,0,0,,1,1,6,6.0,0,100.0,6.0,0,100.0,24,46.2,0,0.0,4,16.7,TE,BateBr00"
"224,Max Brosmer,24,8,0,0,Sun,17,18,2026-01-04,24-282,MIN,,GNB,W 16-3,7,8,1,87.5,57,0,0,0,0.0,0.0,96.4,2,13,20.00,7.1,7.1,4.4,8.1,60.0,0,0,,0,0,,0,0,0,,0,,,0,,24,35.8,0,0.0,0,0.0,QB,BrosMa00"
"225,Ashton Dulin,24,0,0,2,Sun,17,18,2026-01-04,28-234,IND,@,HOU,L 30-38,0,0,0,,0,0,0,0,,,,0,0,,,,,,,0,0,,0,0,,2,0,0,,0,0.0,0.0,0,0.0,24,36.9,0,0.0,21,58.3,WR,DuliAs00"
"226,TreVeyon Henderson,24,0,13,0,Sun,17,18,2026-01-04,23-074,NWE,,MIA,W 38-10,0,0,0,,0,0,0,0,,,,0,0,,,,,,,13,53,4.1,2,4,61.5,0,0,0,,0,,,0,,24,40.7,0,0.0,0,0.0,RB,HendTr02"
"227,Austin Hooper,24,0,0,1,Sun,17,18,2026-01-04,31-067,NWE,,MIA,W 38-10,0,0,0,,0,0,0,0,,,,0,0,,,,,,,0,0,,0,0,,1,1,5,5.0,0,100.0,5.0,0,100.0,24,40.7,0,0.0,7,25.9,TE,HoopAu00"
"228,Moliki Matavao,24,0,0,0,Sun,17,18,2026-01-04,22-293,NOR,@,ATL,L 17-19,0,0,0,,0,0,0,0,,,,0,0,,,,,,,0,0,,0,0,,0,0,0,,0,,,0,,24,35.3,0,0.0,6,21.4,TE,MataMo00"
"229,Davis Mills,24,9,1,0,Sun,17,18,2026-01-04,27-075,HOU,,IND,W 38-30,3,9,6,33.3,36,0,0,0,0.0,0.0,46.5,0,0,0.00,4.0,4.0,4.0,12.0,22.2,1,12,12.0,0,1,100.0,0,0,0,,0,,,0,,24,35.3,0,0.0,0,0.0,QB,MillDa02"
"230,Jonathan Mingo,24,0,0,1,Sun,17,18,2026-01-04,24-259,DAL,@,NYG,L 17-34,0,0,0,,0,0,0,0,,,,0,0,,,,,,,0,0,,0,0,,1,0,0,,0,0.0,0.0,0,0.0,24,43.6,0,0.0,14,53.8,WR,MingJo00"
"231,Devin Singletary,24,0,9,0,Sun,17,18,2026-01-04,28-123,NYG,,DAL,W 34-17,0,0,0,,0,0,0,0,,,,0,0,,,,,,,9,26,2.9,1,2,33.3,0,0,0,,0,,,0,,24,32.0,0,0.0,0,0.0,RB,SingDe00"
"232,Ian Thomas,24,0,0,0,Sun,17,18,2026-01-04,29-212,LVR,,KAN,W 14-12,0,0,0,,0,0,0,0,,,,0,0,,,,,,,0,0,,0,0,,0,0,0,,0,,,0,,24,38.7,0,0.0,2,6.3,TE,ThomIa00"
"233,Nate Adkins,23,0,0,0,Sun,17,18,2026-01-04,26-179,DEN,,LAC,W 19-3,0,0,0,,0,0,0,0,,,,0,0,,,,,,,0,0,,0,0,,0,0,0,,0,,,0,,23,39.0,0,0.0,3,11.1,TE,AdkiNa00"
"234,Tyler Allgeier,23,0,7,2,Sun,17,18,2026-01-04,25-264,ATL,,NOR,W 19-17,0,0,0,,0,0,0,0,,,,0,0,,,,,,,7,16,2.3,0,0,28.6,2,1,3,3.0,0,50.0,1.5,0,0.0,23,36.5,0,0.0,9,32.1,RB,AllgTy00"
"235,Chris Brooks,23,0,13,0,Sun,17,18,2026-01-04,25-358,GNB,@,MIN,L 3-16,0,0,0,,0,0,0,0,,,,0,0,,,,,,,13,61,4.7,0,3,53.8,0,0,0,,0,,,0,,23,45.1,0,0.0,8,34.8,RB,BrooCh00"
"236,Tyler Conklin,23,0,0,1,Sun,17,18,2026-01-04,30-158,LAC,@,DEN,L 3-19,0,0,0,,0,0,0,0,,,,0,0,,,,,,,0,0,,0,0,,1,1,6,6.0,0,100.0,6.0,0,100.0,23,32.4,0,0.0,13,48.1,TE,ConkTy00"
"237,Evan Engram,23,0,0,4,Sun,17,18,2026-01-04,31-124,DEN,,LAC,W 19-3,0,0,0,,0,0,0,0,,,,0,0,,,,,,,0,0,,0,0,,4,3,45,15.0,0,75.0,11.3,1,25.0,23,39.0,0,0.0,0,0.0,TE,EngrEv00"
"238,Mitchell Evans,23,0,0,2,Sat,17,18,2026-01-03,22-291,CAR,@,TAM,L 14-16,0,0,0,,0,0,0,0,,,,0,0,,,,,,,0,0,,0,0,,2,1,5,5.0,0,50.0,2.5,0,0.0,23,45.1,0,0.0,8,36.4,TE,EvanMi01"
"239,Taysom Hill,23,0,0,3,Sun,17,18,2026-01-04,35-134,NOR,@,ATL,L 17-19,0,0,0,,0,0,0,0,,,,0,0,,,,,,,0,0,,0,0,,3,3,32,10.7,0,100.0,10.7,1,33.3,23,33.8,0,0.0,4,14.3,TE,HillTa00"
"240,Chuba Hubbard,23,0,5,2,Sat,17,18,2026-01-03,26-206,CAR,@,TAM,L 14-16,0,0,0,,0,0,0,0,,,,0,0,,,,,,,5,10,2.0,0,1,60.0,2,2,7,3.5,0,100.0,3.5,0,0.0,23,45.1,0,0.0,0,0.0,RB,HubbCh01"
"241,KeAndre Lambert-Smith,23,0,0,5,Sun,17,18,2026-01-04,24-080,LAC,@,DEN,L 3-19,0,0,0,,0,0,0,0,,,,0,0,,,,,,,0,0,,0,0,,5,2,24,12.0,0,40.0,4.8,1,40.0,23,32.4,0,0.0,5,18.5,WR,LambKe01"
"242,Chris Manhertz,23,0,0,1,Sun,17,18,2026-01-04,33-269,NYG,,DAL,W 34-17,0,0,0,,0,0,0,0,,,,0,0,,,,,,,0,0,,0,0,,1,0,0,,0,0.0,0.0,0,0.0,23,30.7,0,0.0,12,46.2,TE,ManhCh00"
"243,Kyle Monangai,23,0,6,1,Sun,17,18,2026-01-04,23-212,CHI,,DET,L 16-19,0,0,0,,0,0,0,0,,,,0,0,,,,,,,6,14,2.3,0,0,33.3,1,1,15,15.0,0,100.0,15.0,0,0.0,23,41.8,0,0.0,0,0.0,RB,MonaKy00"
"244,Chris Moore,23,0,0,0,Sun,17,18,2026-01-04,32-202,WAS,@,PHI,W 24-17,0,0,0,,0,0,0,0,,,,0,0,,,,,,,0,0,,0,0,,0,0,0,,0,,,0,,23,33.3,0,0.0,7,31.8,WR,MoorCh00"
"245,Ben Sims,23,0,0,4,Sun,17,18,2026-01-04,25-233,MIN,,GNB,W 16-3,0,0,0,,0,0,0,0,,,,0,0,,,,,,,0,0,,0,0,,4,1,18,18.0,0,25.0,4.5,1,25.0,23,34.3,0,0.0,4,17.4,TE,SimsBe00"
"246,Kendrick Bourne,22,0,0,1,Sat,17,18,2026-01-03,30-152,SFO,,SEA,L 3-13,0,0,0,,0,0,0,0,,,,0,0,,,,,,,0,0,,0,0,,1,0,0,,0,0.0,0.0,0,0.0,22,52.4,0,0.0,0,0.0,WR,BourKe00"
"247,Malachi Corley,22,0,3,2,Sun,17,18,2026-01-04,23-289,CLE,@,CIN,W 20-18,0,0,0,,0,0,0,0,,,,0,0,,,,,,,3,18,6.0,0,0,66.7,2,2,20,10.0,0,100.0,10.0,1,50.0,22,42.3,0,0.0,4,16.7,WR,CorlMa00"
"248,Jackson Hawes,22,0,0,1,Sun,17,18,2026-01-04,25-029,BUF,,NYJ,W 35-8,0,0,0,,0,0,0,0,,,,0,0,,,,,,,0,0,,0,0,,1,1,0,0.0,0,100.0,0.0,0,0.0,22,29.3,0,0.0,2,12.5,TE,HaweJa00"
"249,David Martin-Robinson,22,0,0,3,Sun,17,18,2026-01-04,26-009,TEN,@,JAX,L 7-41,0,0,0,,0,0,0,0,,,,0,0,,,,,,,0,0,,0,0,,3,1,14,14.0,0,33.3,4.7,0,33.3,22,40.7,0,0.0,19,73.1,TE,MartDa01"
"250,Tim Patrick,22,0,0,1,Sun,17,18,2026-01-04,32-042,JAX,,TEN,W 41-7,0,0,0,,0,0,0,0,,,,0,0,,,,,,,0,0,,0,0,,1,1,4,4.0,0,100.0,4.0,0,100.0,22,36.1,0,0.0,0,0.0,WR,PatrTi00"
"251,Rachaad White,22,0,7,2,Sat,17,18,2026-01-03,26-356,TAM,,CAR,W 16-14,0,0,0,,0,0,0,0,,,,0,0,,,,,,,7,23,3.3,0,0,14.3,2,2,18,9.0,0,100.0,9.0,1,100.0,22,32.8,0,0.0,0,0.0,RB,WhitRa01"
"252,C.J. Ham,21,0,1,1,Sun,17,18,2026-01-04,32-166,MIN,,GNB,W 16-3,0,0,0,,0,0,0,0,,,,0,0,,,,,,,1,1,1.0,1,1,100.0,1,1,6,6.0,0,100.0,6.0,1,100.0,21,31.3,0,0.0,18,78.3,FB,HamxC.00"
"253,Robbie Ouzts,21,0,0,0,Sat,17,18,2026-01-03,23-119,SEA,@,SFO,W 13-3,0,0,0,,0,0,0,0,,,,0,0,,,,,,,0,0,,0,0,,0,0,0,,0,,,0,,21,30.4,0,0.0,2,11.8,FB,OuztRo00"
"254,Jalen Tolbert,21,0,0,1,Sun,17,18,2026-01-04,26-311,DAL,@,NYG,L 17-34,0,0,0,,0,0,0,0,,,,0,0,,,,,,,0,0,,0,0,,1,0,0,,0,0.0,0.0,0,0.0,21,38.2,0,0.0,8,30.8,WR,TolbJa00"
"255,Tahj Washington,21,0,0,3,Sun,17,18,2026-01-04,24-233,MIA,@,NWE,L 10-38,0,0,0,,0,0,0,0,,,,0,0,,,,,,,0,0,,0,0,,3,2,26,13.0,0,66.7,8.7,1,33.3,21,37.5,0,0.0,0,0.0,WR,WashTa00"
"256,Jack Westover,21,0,0,1,Sun,17,18,2026-01-04,26-209,NWE,,MIA,W 38-10,0,0,0,,0,0,0,0,,,,0,0,,,,,,,0,0,,0,0,,1,1,0,0.0,0,100.0,0.0,0,0.0,21,35.6,0,0.0,4,14.8,FB,WestJa01"
"257,DJ Giddens,20,0,8,0,Sun,17,18,2026-01-04,22-131,IND,@,HOU,L 30-38,0,0,0,,0,0,0,0,,,,0,0,,,,,,,8,30,3.8,0,2,50.0,0,0,0,,0,,,0,,20,30.8,0,0.0,0,0.0,RB,GiddDJ00"
"258,Ollie Gordon,20,0,9,1,Sun,17,18,2026-01-04,21-354,MIA,@,NWE,L 10-38,0,0,0,,0,0,0,0,,,,0,0,,,,,,,9,9,1.0,0,2,33.3,1,1,2,2.0,0,100.0,2.0,0,0.0,20,35.7,0,0.0,17,63.0,RB,GordOl00"
"259,Jahdae Walker,20,0,0,3,Sun,17,18,2026-01-04,23-183,CHI,,DET,L 16-19,0,0,0,,0,0,0,0,,,,0,0,,,,,,,0,0,,0,0,,3,2,36,18.0,1,66.7,12.0,1,66.7,20,36.4,0,0.0,0,0.0,WR,WalkJa03"
"260,Kyle Juszczyk,19,0,0,2,Sat,17,18,2026-01-03,34-255,SFO,,SEA,L 3-13,0,0,0,,0,0,0,0,,,,0,0,,,,,,,0,0,,0,0,,2,1,5,5.0,0,50.0,2.5,0,50.0,19,45.2,0,0.0,4,23.5,FB,JuszKy00"
"261,Cameron Latu,19,0,0,0,Sun,17,18,2026-01-04,25-314,PHI,,WAS,L 17-24,0,0,0,,0,0,0,0,,,,0,0,,,,,,,0,0,,0,0,,0,0,0,,0,,,0,,19,29.7,0,0.0,14,63.6,TE,LatuCa01"
"262,Marvin Mims,19,0,0,3,Sun,17,18,2026-01-04,23-291,DEN,,LAC,W 19-3,0,0,0,,0,0,0,0,,,,0,0,,,,,,,0,0,,0,0,,3,2,10,5.0,0,66.7,3.3,0,33.3,19,32.2,0,0.0,9,33.3,WR,MimsMa00"
"263,Johnny Mundt,19,0,0,1,Sun,17,18,2026-01-04,31-042,JAX,,TEN,W 41-7,0,0,0,,0,0,0,0,,,,0,0,,,,,,,0,0,,0,0,,1,1,16,16.0,0,100.0,16.0,1,100.0,19,31.1,0,0.0,2,7.7,TE,MundJo00"
"264,Bryce Oliver,19,0,0,0,Sun,17,18,2026-01-04,25-230,TEN,@,JAX,L 7-41,0,0,0,,0,0,0,0,,,,0,0,,,,,,,0,0,,0,0,,0,0,0,,0,,,0,,19,35.2,0,0.0,6,23.1,WR,OlivBr02"
"265,Theo Wease,19,0,0,5,Sun,17,18,2026-01-04,24-193,MIA,@,NWE,L 10-38,0,0,0,,0,0,0,0,,,,0,0,,,,,,,0,0,,0,0,,5,3,44,14.7,0,60.0,8.8,3,60.0,19,33.9,0,0.0,9,33.3,WR,WeasTh00"
"266,British Brooks,18,0,13,0,Sun,17,18,2026-01-04,26-047,HOU,,IND,W 38-30,0,0,0,,0,0,0,0,,,,0,0,,,,,,,13,63,4.8,0,3,46.2,0,0,0,,0,,,0,,18,26.5,0,0.0,17,47.2,RB,BrooBr01"
"267,Payne Durham,18,0,0,1,Sat,17,18,2026-01-03,25-202,TAM,,CAR,W 16-14,0,0,0,,0,0,0,0,,,,0,0,,,,,,,0,0,,0,0,,1,0,0,,0,0.0,0.0,0,0.0,18,26.9,0,0.0,16,72.7,TE,DurhPa00"
"268,Scott Matlock,18,0,0,0,Sun,17,18,2026-01-04,25-190,LAC,@,DEN,L 3-19,0,0,0,,0,0,0,0,,,,0,0,,,,,,,0,0,,0,0,,0,0,0,,0,,,0,,18,25.4,0,0.0,9,33.3,FB,MatlSc00"
"269,Brevyn Spann-Ford,17,0,0,3,Sun,17,18,2026-01-04,26-008,DAL,@,NYG,L 17-34,0,0,0,,0,0,0,0,,,,0,0,,,,,,,0,0,,0,0,,3,2,30,15.0,0,66.7,10.0,2,66.7,17,30.9,0,0.0,16,61.5,TE,SpanBr00"
"270,Harrison Bryant,16,0,0,0,Sun,17,18,2026-01-04,27-256,HOU,,IND,W 38-30,0,0,0,,0,0,0,0,,,,0,0,,,,,,,0,0,,0,0,,0,0,0,,0,,,0,,16,23.5,0,0.0,7,19.4,TE,BryaHa00"
"271,Jimmy Horn,16,0,0,1,Sat,17,18,2026-01-03,23-113,CAR,@,TAM,L 14-16,0,0,0,,0,0,0,0,,,,0,0,,,,,,,0,0,,0,0,,1,1,15,15.0,0,100.0,15.0,1,100.0,16,31.4,0,0.0,0,0.0,WR,HornJi00"
"272,Lil'Jordan Humphrey,16,0,0,0,Sun,17,18,2026-01-04,27-260,DEN,,LAC,W 19-3,0,0,0,,0,0,0,0,,,,0,0,,,,,,,0,0,,0,0,,0,0,0,,0,,,0,,16,27.1,0,0.0,2,7.4,WR,HumpLi01"
"273,Xavier Legette,16,0,0,4,Sat,17,18,2026-01-03,24-339,CAR,@,TAM,L 14-16,0,0,0,,0,0,0,0,,,,0,0,,,,,,,0,0,,0,0,,4,3,22,7.3,0,75.0,5.5,1,75.0,16,31.4,0,0.0,5,22.7,WR,LegeXa00"
"274,Scotty Miller,16,0,0,2,Sun,17,18,2026-01-04,28-157,PIT,,BAL,W 26-24,0,0,0,,0,0,0,0,,,,0,0,,,,,,,0,0,,0,0,,2,2,9,4.5,0,100.0,4.5,0,50.0,16,21.3,0,0.0,0,0.0,WR,MillSc01"
"275,Kene Nwangwu,16,0,7,1,Sun,17,18,2026-01-04,27-329,NYJ,@,BUF,L 8-35,0,0,0,,0,0,0,0,,,,0,0,,,,,,,7,18,2.6,0,0,14.3,1,0,0,,0,0.0,0.0,0,0.0,16,33.3,0,0.0,4,25.0,RB,NwanKe00"
"276,Luke Schoonmaker,16,0,0,1,Sun,17,18,2026-01-04,27-098,DAL,@,NYG,L 17-34,0,0,0,,0,0,0,0,,,,0,0,,,,,,,0,0,,0,0,,1,1,12,12.0,0,100.0,12.0,1,100.0,16,29.1,0,0.0,14,53.8,TE,SchoLu00"
"277,Quentin Skinner,16,0,0,1,Sun,17,18,2026-01-04,24-011,NYJ,@,BUF,L 8-35,0,0,0,,0,0,0,0,,,,0,0,,,,,,,0,0,,0,0,,1,1,10,10.0,0,100.0,10.0,1,100.0,16,33.3,0,0.0,0,0.0,WR,SkinQu00"
"278,Arian Smith,16,0,1,2,Sun,17,18,2026-01-04,24-085,NYJ,@,BUF,L 8-35,0,0,0,,0,0,0,0,,,,0,0,,,,,,,1,2,2.0,0,0,0.0,2,0,0,,0,0.0,0.0,0,0.0,16,33.3,0,0.0,5,31.3,WR,SmitAr01"
"279,Bhayshul Tuten,16,0,5,0,Sun,17,18,2026-01-04,22-324,JAX,,TEN,W 41-7,0,0,0,,0,0,0,0,,,,0,0,,,,,,,5,23,4.6,1,2,60.0,0,0,0,,0,,,0,,16,26.2,0,0.0,2,7.7,RB,TuteBh00"
"280,Jalen Brooks,15,0,0,0,Sun,17,18,2026-01-04,25-242,ARI,@,LAR,L 20-37,0,0,0,,0,0,0,0,,,,0,0,,,,,,,0,0,,0,0,,0,0,0,,0,,,0,,15,27.3,0,0.0,5,17.9,WR,BrooJa03"
"281,DeMario Douglas,15,0,0,3,Sun,17,18,2026-01-04,25-027,NWE,,MIA,W 38-10,0,0,0,,0,0,0,0,,,,0,0,,,,,,,0,0,,0,0,,3,2,29,14.5,0,66.7,9.7,1,33.3,15,25.4,0,0.0,0,0.0,WR,DougDe00"
"282,Noah Fant,15,0,0,1,Sun,17,18,2026-01-04,28-045,CIN,,CLE,L 18-20,0,0,0,,0,0,0,0,,,,0,0,,,,,,,0,0,,0,0,,1,1,5,5.0,0,100.0,5.0,0,100.0,15,22.1,0,0.0,0,0.0,TE,FantNo00"
"283,Reggie Gilliam,15,0,2,1,Sun,17,18,2026-01-04,28-137,BUF,,NYJ,W 35-8,0,0,0,,0,0,0,0,,,,0,0,,,,,,,2,4,2.0,0,1,50.0,1,1,22,22.0,0,100.0,22.0,1,100.0,15,20.0,0,0.0,15,93.8,FB,GillRe00"
"284,Jeremy McNichols,15,0,1,1,Sun,17,18,2026-01-04,30-009,WAS,@,PHI,W 24-17,0,0,0,,0,0,0,0,,,,0,0,,,,,,,1,3,3.0,0,0,0.0,1,1,8,8.0,0,100.0,8.0,0,100.0,15,21.7,0,0.0,0,0.0,RB,McNiJe00"
"285,Joshua Dobbs,14,4,3,0,Sun,17,18,2026-01-04,30-343,NWE,,MIA,W 38-10,3,4,1,75.0,23,0,0,0,0.0,0.0,88.5,0,0,0.00,5.8,5.8,5.8,7.7,25.0,3,0,0.0,0,0,0.0,0,0,0,,0,,,0,,14,23.7,0,0.0,0,0.0,QB,DobbJo00"
"286,Corey Kiner,14,0,3,3,Sun,17,18,2026-01-04,23-348,ARI,@,LAR,L 20-37,0,0,0,,0,0,0,0,,,,0,0,,,,,,,3,13,4.3,0,1,66.7,3,2,15,7.5,0,66.7,5.0,1,66.7,14,25.5,0,0.0,0,0.0,RB,KineCo00"
"287,Kalif Raymond,14,0,0,3,Sun,17,18,2026-01-04,31-149,DET,@,CHI,W 19-16,0,0,0,,0,0,0,0,,,,0,0,,,,,,,0,0,,0,0,,3,3,52,17.3,0,100.0,17.3,2,100.0,14,19.2,0,0.0,4,20.0,WR,RaymKa00"
"288,Raheim Sanders,14,0,5,1,Sun,17,18,2026-01-04,23-210,CLE,@,CIN,W 20-18,0,0,0,,0,0,0,0,,,,0,0,,,,,,,5,26,5.2,0,1,40.0,1,1,7,7.0,0,100.0,7.0,0,100.0,14,26.9,0,0.0,0,0.0,RB,SandRa00"
"289,Kimani Vidal,14,0,3,1,Sun,17,18,2026-01-04,24-129,LAC,@,DEN,L 3-19,0,0,0,,0,0,0,0,,,,0,0,,,,,,,3,12,4.0,0,0,66.7,1,1,-2,-2.0,0,100.0,-2.0,0,0.0,14,19.7,0,0.0,0,0.0,RB,VidaKi00"
"290,DeAndre Hopkins,13,0,0,2,Sun,17,18,2026-01-04,33-212,BAL,@,PIT,L 24-26,0,0,0,,0,0,0,0,,,,0,0,,,,,,,0,0,,0,0,,2,0,0,,0,0.0,0.0,0,0.0,13,25.5,0,0.0,0,0.0,WR,HopkDe00"
"291,Charlie Kolar,13,0,0,0,Sun,17,18,2026-01-04,26-328,BAL,@,PIT,L 24-26,0,0,0,,0,0,0,0,,,,0,0,,,,,,,0,0,,0,0,,0,0,0,,0,,,0,,13,25.5,0,0.0,19,65.5,TE,KolaCh00"
"292,Hunter Luepke,13,0,2,1,Sun,17,18,2026-01-04,25-310,DAL,@,NYG,L 17-34,0,0,0,,0,0,0,0,,,,0,0,,,,,,,2,12,6.0,0,2,100.0,1,1,4,4.0,0,100.0,4.0,0,0.0,13,23.6,0,0.0,2,7.7,RB,LuepHu00"
"293,Jaleel McLaughlin,13,0,6,2,Sun,17,18,2026-01-04,25-113,DEN,,LAC,W 19-3,0,0,0,,0,0,0,0,,,,0,0,,,,,,,6,41,6.8,0,2,100.0,2,1,17,17.0,0,50.0,8.5,1,50.0,13,22.0,0,0.0,0,0.0,RB,McLaJa00"
"294,Nick Vannett,13,0,0,0,Sun,17,18,2026-01-04,32-304,LAR,,ARI,W 37-20,0,0,0,,0,0,0,0,,,,0,0,,,,,,,0,0,,0,0,,0,0,0,,0,,,0,,13,17.3,0,0.0,7,25.0,TE,VannNi00"
"295,Justin Watson,13,0,0,0,Sun,17,18,2026-01-04,29-275,HOU,,IND,W 38-30,0,0,0,,0,0,0,0,,,,0,0,,,,,,,0,0,,0,0,,0,0,0,,0,,,0,,13,19.1,0,0.0,16,44.4,WR,WatsJu01"
"296,Colson Yankoff,13,0,0,0,Sun,17,18,2026-01-04,25-309,WAS,@,PHI,W 24-17,0,0,0,,0,0,0,0,,,,0,0,,,,,,,0,0,,0,0,,0,0,0,,0,,,0,,13,18.8,0,0.0,14,63.6,TE,YankCo00"
"297,Andrew Beck,12,0,0,2,Sun,17,18,2026-01-04,29-234,NYJ,@,BUF,L 8-35,0,0,0,,0,0,0,0,,,,0,0,,,,,,,0,0,,0,0,,2,1,2,2.0,1,50.0,1.0,1,50.0,12,25.0,0,0.0,13,81.3,FB,BeckAn01"
"298,Pharaoh Brown,12,0,0,0,Sun,17,18,2026-01-04,31-245,ARI,@,LAR,L 20-37,0,0,0,,0,0,0,0,,,,0,0,,,,,,,0,0,,0,0,,0,0,0,,0,,,0,,12,21.8,0,0.0,15,53.6,TE,BrowPh01"
"299,Emari Demercado,12,0,2,1,Sun,17,18,2026-01-04,26-349,ARI,@,LAR,L 20-37,0,0,0,,0,0,0,0,,,,0,0,,,,,,,2,29,14.5,0,1,50.0,1,1,28,28.0,0,100.0,28.0,1,100.0,12,21.8,0,0.0,3,10.7,RB,DemeEm00"
"300,CJ Dippre,12,0,0,0,Sun,17,18,2026-01-04,23-250,NWE,,MIA,W 38-10,0,0,0,,0,0,0,0,,,,0,0,,,,,,,0,0,,0,0,,0,0,0,,0,,,0,,12,20.3,0,0.0,16,59.3,TE,DippCJ00"
"301,Adam Prentice,12,0,0,0,Sun,17,18,2026-01-04,28-353,DEN,,LAC,W 19-3,0,0,0,,0,0,0,0,,,,0,0,,,,,,,0,0,,0,0,,0,0,0,,0,,,0,,12,20.3,0,0.0,16,59.3,FB,PrenAd00"
"302,Durham Smythe,12,0,0,0,Sun,17,18,2026-01-04,30-148,CHI,,DET,L 16-19,0,0,0,,0,0,0,0,,,,0,0,,,,,,,0,0,,0,0,,0,0,0,,0,,,0,,12,21.8,0,0.0,9,45.0,TE,SmytDu00"
"303,Jared Wiley,12,0,0,0,Sun,17,18,2026-01-04,25-063,KAN,@,LVR,L 12-14,0,0,0,,0,0,0,0,,,,0,0,,,,,,,0,0,,0,0,,0,0,0,,0,,,0,,12,18.8,0,0.0,10,31.3,TE,WileJa00"
"304,LeQuint Allen,11,0,0,0,Sun,17,18,2026-01-04,21-152,JAX,,TEN,W 41-7,0,0,0,,0,0,0,0,,,,0,0,,,,,,,0,0,,0,0,,0,0,0,,0,,,0,,11,18.0,0,0.0,7,26.9,RB,AlleLe01"
"305,Sal Cannella,11,0,0,1,Sun,17,18,2026-01-04,29-033,CLE,@,CIN,W 20-18,0,0,0,,0,0,0,0,,,,0,0,,,,,,,0,0,,0,0,,1,0,0,,0,0.0,0.0,0,0.0,11,21.2,0,0.0,4,16.7,TE,CannSa00"
"306,Connor Heyward,11,0,3,1,Sun,17,18,2026-01-04,26-347,PIT,,BAL,W 26-24,0,0,0,,0,0,0,0,,,,0,0,,,,,,,3,2,0.7,1,2,66.7,1,1,3,3.0,0,100.0,3.0,0,0.0,11,14.7,0,0.0,19,65.5,TE,HeywCo00"
"307,Nick Mullens,11,2,3,0,Sun,17,18,2026-01-04,30-289,JAX,,TEN,W 41-7,2,2,0,100.0,16,0,0,0,0.0,0.0,100.0,0,0,0.00,8.0,8.0,8.0,8.0,100.0,3,-2,-0.7,0,0,0.0,0,0,0,,0,,,0,,11,18.0,0,0.0,0,0.0,QB,MullNi00"
"308,Jaylin Noel,11,0,0,1,Sun,17,18,2026-01-04,23-122,HOU,,IND,W 38-30,0,0,0,,0,0,0,0,,,,0,0,,,,,,,0,0,,0,0,,1,1,13,13.0,0,100.0,13.0,1,100.0,11,16.2,0,0.0,10,27.8,WR,NoelJa00"
"309,Kenny Pickett,11,4,1,0,Sun,17,18,2026-01-04,27-212,LVR,,KAN,W 14-12,1,4,3,25.0,3,0,1,0,0.0,25.0,0.0,2,14,33.33,0.8,-10.5,-9.3,3.0,0.0,1,9,9.0,0,1,100.0,0,0,0,,0,,,0,,11,17.7,0,0.0,0,0.0,QB,PickKe00"
"310,Trayveon Williams,11,0,1,2,Sun,17,18,2026-01-04,28-078,CLE,@,CIN,W 20-18,0,0,0,,0,0,0,0,,,,0,0,,,,,,,1,7,7.0,0,0,0.0,2,1,13,13.0,0,50.0,6.5,0,0.0,11,21.2,0,0.0,17,70.8,RB,WillTr06"
"311,Tutu Atwell,10,0,0,3,Sun,17,18,2026-01-04,26-089,LAR,,ARI,W 37-20,0,0,0,,0,0,0,0,,,,0,0,,,,,,,0,0,,0,0,,3,1,19,19.0,0,33.3,6.3,1,33.3,10,13.3,0,0.0,0,0.0,WR,AtweTu00"
"312,Dylan Drummond,10,0,0,0,Sun,17,18,2026-01-04,25-352,ATL,,NOR,W 19-17,0,0,0,,0,0,0,0,,,,0,0,,,,,,,0,0,,0,0,,0,0,0,,0,,,0,,10,15.9,0,0.0,9,32.1,WR,DrumDy00"
"313,Jawhar Jordan,10,0,5,0,Sun,17,18,2026-01-04,26-139,HOU,,IND,W 38-30,0,0,0,,0,0,0,0,,,,0,0,,,,,,,5,3,0.6,0,0,0.0,0,0,0,,0,,,0,,10,14.7,0,0.0,0,0.0,RB,JordJa00"
"314,Dalton Kincaid,10,0,0,3,Sun,17,18,2026-01-04,26-078,BUF,,NYJ,W 35-8,0,0,0,,0,0,0,0,,,,0,0,,,,,,,0,0,,0,0,,3,3,48,16.0,0,100.0,16.0,2,100.0,10,13.3,0,0.0,0,0.0,TE,KincDa00"
"315,Phil Mafah,10,0,5,2,Sun,17,18,2026-01-04,23-072,DAL,@,NYG,L 17-34,0,0,0,,0,0,0,0,,,,0,0,,,,,,,5,18,3.6,1,2,60.0,2,2,11,5.5,0,100.0,5.5,1,50.0,10,18.2,0,0.0,3,11.5,RB,MafaPh00"
"316,Samori Toure,10,0,0,3,Sun,17,18,2026-01-04,27-286,NOR,@,ATL,L 17-19,0,0,0,,0,0,0,0,,,,0,0,,,,,,,0,0,,0,0,,3,1,3,3.0,0,33.3,1.0,0,0.0,10,14.7,0,0.0,0,0.0,WR,TourSa00"
"317,Tyler Badie,9,0,2,2,Sun,17,18,2026-01-04,25-331,DEN,,LAC,W 19-3,0,0,0,,0,0,0,0,,,,0,0,,,,,,,2,-2,-1.0,0,0,0.0,2,2,28,14.0,0,100.0,14.0,2,100.0,9,15.3,0,0.0,19,70.4,RB,BadiTy00"
"318,Jake Bobo,9,0,0,0,Sat,17,18,2026-01-03,27-152,SEA,@,SFO,W 13-3,0,0,0,,0,0,0,0,,,,0,0,,,,,,,0,0,,0,0,,0,0,0,,0,,,0,,9,13.0,0,0.0,11,64.7,WR,BoboJa00"
"319,Tai Felton,9,0,0,0,Sun,17,18,2026-01-04,22-295,MIN,,GNB,W 16-3,0,0,0,,0,0,0,0,,,,0,0,,,,,,,0,0,,0,0,,0,0,0,,0,,,0,,9,13.4,0,0.0,16,69.6,WR,FeltTa00"
"320,D'Ernest Johnson,9,0,5,0,Sun,17,18,2026-01-04,29-311,NWE,,MIA,W 38-10,0,0,0,,0,0,0,0,,,,0,0,,,,,,,5,13,2.6,0,0,20.0,0,0,0,,0,,,0,,9,15.3,0,0.0,3,11.1,RB,JohnDE04"
"321,Tez Johnson,9,0,1,1,Sat,17,18,2026-01-03,23-230,TAM,,CAR,W 16-14,0,0,0,,0,0,0,0,,,,0,0,,,,,,,1,5,5.0,0,0,100.0,1,1,17,17.0,0,100.0,17.0,1,100.0,9,13.4,0,0.0,0,0.0,WR,JohnTe03"
"322,Dare Ogunbowale,9,0,1,2,Sun,17,18,2026-01-04,31-245,HOU,,IND,W 38-30,0,0,0,,0,0,0,0,,,,0,0,,,,,,,1,3,3.0,0,0,0.0,2,1,6,6.0,0,50.0,3.0,0,0.0,9,13.2,0,0.0,15,41.7,RB,OgunDa00"
"323,DeVonta Smith,9,0,0,4,Sun,17,18,2026-01-04,27-051,PHI,,WAS,L 17-24,0,0,0,,0,0,0,0,,,,0,0,,,,,,,0,0,,0,0,,4,3,52,17.3,0,75.0,13.0,2,75.0,9,14.1,0,0.0,0,0.0,WR,SmitDe07"
"324,KaVontae Turpin,9,0,1,1,Sun,17,18,2026-01-04,29-155,DAL,@,NYG,L 17-34,0,0,0,,0,0,0,0,,,,0,0,,,,,,,1,7,7.0,0,0,100.0,1,0,0,,0,0.0,0.0,0,0.0,9,16.4,0,0.0,10,38.5,WR,TurpKa00"
"325,LaJohntay Wester,9,0,0,0,Sun,17,18,2026-01-04,23-281,BAL,@,PIT,L 24-26,0,0,0,,0,0,0,0,,,,0,0,,,,,,,0,0,,0,0,,0,0,0,,0,,,0,,9,17.6,0,0.0,6,20.7,WR,WestLa01"
"326,Ameer Abdullah,8,0,1,2,Sun,17,18,2026-01-04,32-205,IND,@,HOU,L 30-38,0,0,0,,0,0,0,0,,,,0,0,,,,,,,1,1,1.0,0,0,0.0,2,2,24,12.0,0,100.0,12.0,1,100.0,8,12.3,0,0.0,8,22.2,RB,AbduAm00"
"327,Rasheen Ali,8,0,1,0,Sun,17,18,2026-01-04,24-322,BAL,@,PIT,L 24-26,0,0,0,,0,0,0,0,,,,0,0,,,,,,,1,0,0.0,0,0,0.0,0,0,0,,0,,,0,,8,15.7,0,0.0,16,55.2,RB,AlixRa00"
"328,Dyami Brown,8,0,0,1,Sun,17,18,2026-01-04,26-064,JAX,,TEN,W 41-7,0,0,0,,0,0,0,0,,,,0,0,,,,,,,0,0,,0,0,,1,1,8,8.0,0,100.0,8.0,1,100.0,8,13.1,0,0.0,0,0.0,WR,BrowDy00"
"329,Luke Farrell,8,0,0,0,Sat,17,18,2026-01-03,28-081,SFO,,SEA,L 3-13,0,0,0,,0,0,0,0,,,,0,0,,,,,,,0,0,,0,0,,0,0,0,,0,,,0,,8,19.0,0,0.0,11,64.7,TE,FarrLu00"
"330,Evan Hull,8,0,2,0,Sun,17,18,2026-01-04,25-070,NOR,@,ATL,L 17-19,0,0,0,,0,0,0,0,,,,0,0,,,,,,,2,11,5.5,0,0,50.0,0,0,0,,0,,,0,,8,11.8,0,0.0,10,35.7,RB,HullEv00"
"331,Sean McKeon,8,0,0,0,Sun,17,18,2026-01-04,28-007,IND,@,HOU,L 30-38,0,0,0,,0,0,0,0,,,,0,0,,,,,,,0,0,,0,0,,0,0,0,,0,,,0,,8,12.3,0,0.0,6,16.7,TE,McKeSe01"
"332,Jayden Reed,8,0,0,0,Sun,17,18,2026-01-04,25-251,GNB,@,MIN,L 3-16,0,0,0,,0,0,0,0,,,,0,0,,,,,,,0,0,,0,0,,0,0,0,,0,,,0,,8,15.7,0,0.0,0,0.0,WR,ReedJa03"
"333,Carter Runyon,8,0,0,0,Sun,17,18,2026-01-04,24-165,LVR,,KAN,W 14-12,0,0,0,,0,0,0,0,,,,0,0,,,,,,,0,0,,0,0,,0,0,0,,0,,,0,,8,12.9,0,0.0,23,71.9,TE,RunyCa00"
"334,Ben Skowronek,8,0,0,0,Sun,17,18,2026-01-04,28-191,PIT,,BAL,W 26-24,0,0,0,,0,0,0,0,,,,0,0,,,,,,,0,0,,0,0,,0,0,0,,0,,,0,,8,10.7,0,0.0,19,65.5,WR,SkowBe00"
"335,Dont'e Thornton,8,0,0,1,Sun,17,18,2026-01-04,23-035,LVR,,KAN,W 14-12,0,0,0,,0,0,0,0,,,,0,0,,,,,,,0,0,,0,0,,1,0,0,,0,0.0,0.0,0,0.0,8,12.9,0,0.0,0,0.0,WR,ThorDo00"
"336,Mitchell Tinsley,8,0,0,0,Sun,17,18,2026-01-04,26-111,CIN,,CLE,L 18-20,0,0,0,,0,0,0,0,,,,0,0,,,,,,,0,0,,0,0,,0,0,0,,0,,,0,,8,11.8,0,0.0,7,29.2,WR,TinsMi00"
"337,Dareke Young,8,0,0,0,Sat,17,18,2026-01-03,26-213,SEA,@,SFO,W 13-3,0,0,0,,0,0,0,0,,,,0,0,,,,,,,0,0,,0,0,,0,0,0,,0,,,0,,8,11.6,0,0.0,11,64.7,WR,YounDa02"
"338,Dalen Cambre,7,0,0,0,Sun,17,18,2026-01-04,24-269,NYG,,DAL,W 34-17,0,0,0,,0,0,0,0,,,,0,0,,,,,,,0,0,,0,0,,0,0,0,,0,,,0,,7,9.3,0,0.0,14,53.8,WR,CambDa00"
"339,River Cracraft,7,0,0,0,Sun,17,18,2026-01-04,31-064,WAS,@,PHI,W 24-17,0,0,0,,0,0,0,0,,,,0,0,,,,,,,0,0,,0,0,,0,0,0,,0,,,0,,7,10.1,0,0.0,3,13.6,WR,CracRi00"
"340,Keaton Mitchell,7,0,2,0,Sun,17,18,2026-01-04,23-352,BAL,@,PIT,L 24-26,0,0,0,,0,0,0,0,,,,0,0,,,,,,,2,2,1.0,0,0,0.0,0,0,0,,0,,,0,,7,13.7,0,0.0,6,20.7,RB,MitcKe01"
"341,Brycen Tremayne,7,0,0,2,Sat,17,18,2026-01-03,26-046,CAR,@,TAM,L 14-16,0,0,0,,0,0,0,0,,,,0,0,,,,,,,0,0,,0,0,,2,2,27,13.5,0,100.0,13.5,1,50.0,7,13.7,0,0.0,14,63.6,WR,TremBr00"
"342,Treyton Welch,7,0,0,0,Sun,17,18,2026-01-04,24-359,NOR,@,ATL,L 17-19,0,0,0,,0,0,0,0,,,,0,0,,,,,,,0,0,,0,0,,0,0,0,,0,,,0,,7,10.3,0,0.0,6,21.4,TE,WelcTr00"
"343,Josiah Deguara,6,0,0,2,Sun,17,18,2026-01-04,28-324,ARI,@,LAR,L 20-37,0,0,0,,0,0,0,0,,,,0,0,,,,,,,0,0,,0,0,,2,2,15,7.5,1,100.0,7.5,2,100.0,6,10.9,0,0.0,16,57.1,TE,DeguJo00"
"344,Tanner Hudson,6,0,0,0,Sun,17,18,2026-01-04,31-053,CIN,,CLE,L 18-20,0,0,0,,0,0,0,0,,,,0,0,,,,,,,0,0,,0,0,,0,0,0,,0,,,0,,6,8.8,0,0.0,11,45.8,TE,HudsTa00"
"345,Brian Robinson Jr.,6,0,2,0,Sat,17,18,2026-01-03,26-287,SFO,,SEA,L 3-13,0,0,0,,0,0,0,0,,,,0,0,,,,,,,2,9,4.5,0,0,50.0,0,0,0,,0,,,0,,6,14.3,0,0.0,4,23.5,RB,RobiBr01"
"346,Zavier Scott,6,0,3,1,Sun,17,18,2026-01-04,26-171,MIN,,GNB,W 16-3,0,0,0,,0,0,0,0,,,,0,0,,,,,,,3,9,3.0,0,0,33.3,1,1,8,8.0,0,100.0,8.0,1,100.0,6,9.0,0,0.0,14,60.9,RB,ScotZa00"
"347,Nick Westbrook-Ikhine,6,0,0,0,Sun,17,18,2026-01-04,28-289,MIA,@,NWE,L 10-38,0,0,0,,0,0,0,0,,,,0,0,,,,,,,0,0,,0,0,,0,0,0,,0,,,0,,6,10.7,0,0.0,12,44.4,WR,WestNi00"
"348,Jeff Wilson,6,0,0,0,Sun,17,18,2026-01-04,30-049,MIA,@,NWE,L 10-38,0,0,0,,0,0,0,0,,,,0,0,,,,,,,0,0,,0,0,,0,0,0,,0,,,0,,6,10.7,0,0.0,0,0.0,RB,WilsJe01"
"349,Olamide Zaccheaus,6,0,0,0,Sun,17,18,2026-01-04,28-165,CHI,,DET,L 16-19,0,0,0,,0,0,0,0,,,,0,0,,,,,,,0,0,,0,0,,0,0,0,,0,,,0,,6,10.9,0,0.0,0,0.0,WR,ZaccOl01"
"350,Jason Brownlee,5,0,0,0,Sun,17,18,2026-01-04,26-339,KAN,@,LVR,L 12-14,0,0,0,,0,0,0,0,,,,0,0,,,,,,,0,0,,0,0,,0,0,0,,0,,,0,,5,7.8,0,0.0,0,0.0,WR,BrowJa07"
"351,Shedrick Jackson,5,0,1,1,Sun,17,18,2026-01-04,26-076,LVR,,KAN,W 14-12,0,0,0,,0,0,0,0,,,,0,0,,,,,,,1,3,3.0,0,0,0.0,1,1,11,11.0,0,100.0,11.0,1,100.0,5,8.1,0,0.0,25,78.1,WR,JackSh01"
"352,Skyy Moore,5,0,0,0,Sat,17,18,2026-01-03,25-115,SFO,,SEA,L 3-13,0,0,0,,0,0,0,0,,,,0,0,,,,,,,0,0,,0,0,,0,0,0,,0,,,0,,5,11.9,0,0.0,5,29.4,WR,MoorSk01"
"353,Dameon Pierce,5,0,4,0,Sun,17,18,2026-01-04,25-319,KAN,@,LVR,L 12-14,0,0,0,,0,0,0,0,,,,0,0,,,,,,,4,10,2.5,0,0,25.0,0,0,0,,0,,,0,,5,7.8,0,0.0,0,0.0,RB,PierDa01"
"354,Deven Thompkins,5,0,0,0,Sun,17,18,2026-01-04,26-012,ATL,,NOR,W 19-17,0,0,0,,0,0,0,0,,,,0,0,,,,,,,0,0,,0,0,,0,0,0,,0,,,0,,5,7.9,0,0.0,9,32.1,WR,ThomDe07"
"355,Laquon Treadwell,5,0,0,0,Sun,17,18,2026-01-04,30-204,IND,@,HOU,L 30-38,0,0,0,,0,0,0,0,,,,0,0,,,,,,,0,0,,0,0,,0,0,0,,0,,,0,,5,7.7,0,0.0,15,41.7,WR,TreaLa00"
"356,Sean Tucker,5,0,4,0,Sat,17,18,2026-01-03,24-070,TAM,,CAR,W 16-14,0,0,0,,0,0,0,0,,,,0,0,,,,,,,4,-4,-1.0,0,0,0.0,0,0,0,,0,,,0,,5,7.5,0,0.0,7,31.8,RB,TuckSe00"
"357,Cam Ward,5,3,2,0,Sun,17,18,2026-01-04,23-224,TEN,@,JAX,L 7-41,3,3,0,100.0,52,0,0,0,0.0,0.0,118.7,0,0,0.00,17.3,17.3,17.3,17.3,66.7,2,11,5.5,1,1,50.0,0,0,0,,0,,,0,,5,9.3,0,0.0,0,0.0,QB,WardCa00"
"358,Alex Bachman,4,0,0,0,Sun,17,18,2026-01-04,29-220,LVR,,KAN,W 14-12,0,0,0,,0,0,0,0,,,,0,0,,,,,,,0,0,,0,0,,0,0,0,,0,,,0,,4,6.5,0,0.0,7,21.9,WR,BachAl00"
"359,Dawson Knox,4,0,0,2,Sun,17,18,2026-01-04,29-051,BUF,,NYJ,W 35-8,0,0,0,,0,0,0,0,,,,0,0,,,,,,,0,0,,0,0,,2,2,24,12.0,1,100.0,12.0,2,100.0,4,5.3,0,0.0,0,0.0,TE,KnoxDa00"
"360,Gage Larvadain,4,0,0,0,Sun,17,18,2026-01-04,24-001,CLE,@,CIN,W 20-18,0,0,0,,0,0,0,0,,,,0,0,,,,,,,0,0,,0,0,,0,0,0,,0,,,0,,4,7.7,0,0.0,5,20.8,WR,LarvGa00"
"361,James Mitchell,4,0,0,0,Sat,17,18,2026-01-03,26-145,CAR,@,TAM,L 14-16,0,0,0,,0,0,0,0,,,,0,0,,,,,,,0,0,,0,0,,0,0,0,,0,,,0,,4,7.8,0,0.0,8,36.4,TE,MitcJa00"
"362,Tejhaun Palmer,4,0,0,0,Sun,17,18,2026-01-04,25-230,ARI,@,LAR,L 20-37,0,0,0,,0,0,0,0,,,,0,0,,,,,,,0,0,,0,0,,0,0,0,,0,,,0,,4,7.3,0,0.0,2,7.1,WR,PalmTe00"
"363,Brady Russell,4,0,0,0,Sat,17,18,2026-01-03,27-125,SEA,@,SFO,W 13-3,0,0,0,,0,0,0,0,,,,0,0,,,,,,,0,0,,0,0,,0,0,0,,0,,,0,,4,5.8,0,0.0,16,94.1,FB,RussBr00"
"364,Tyrell Shavers,4,0,0,0,Sun,17,18,2026-01-04,26-139,BUF,,NYJ,W 35-8,0,0,0,,0,0,0,0,,,,0,0,,,,,,,0,0,,0,0,,0,0,0,,0,,,0,,4,5.3,0,0.0,12,75.0,WR,ShavTy00"
"365,Charlie Woerner,4,0,0,0,Sun,17,18,2026-01-04,28-080,ATL,,NOR,W 19-17,0,0,0,,0,0,0,0,,,,0,0,,,,,,,0,0,,0,0,,0,0,0,,0,,,0,,4,6.3,0,0.0,14,50.0,TE,WoerCh00"
"366,Jimmy Garoppolo,3,0,3,0,Sun,17,18,2026-01-04,34-063,LAR,,ARI,W 37-20,0,0,0,,0,0,0,0,,,,0,0,,,,,,,3,-3,-1.0,0,0,0.0,0,0,0,,0,,,0,,3,4.0,0,0.0,0,0.0,QB,GaroJi00"
"367,Tyler Goodson,3,0,1,0,Sun,17,18,2026-01-04,25-055,IND,@,HOU,L 30-38,0,0,0,,0,0,0,0,,,,0,0,,,,,,,1,3,3.0,0,0,0.0,0,0,0,,0,,,0,,3,4.6,0,0.0,13,36.1,RB,GoodTy00"
"368,Hassan Haskins,3,0,1,0,Sun,17,18,2026-01-04,26-039,LAC,@,DEN,L 3-19,0,0,0,,0,0,0,0,,,,0,0,,,,,,,1,3,3.0,0,1,100.0,0,0,0,,0,,,0,,3,4.2,0,0.0,13,48.1,RB,HaskHa00"
"369,Zach Horton,3,0,0,0,Sun,17,18,2026-01-04,23-033,DET,@,CHI,W 19-16,0,0,0,,0,0,0,0,,,,0,0,,,,,,,0,0,,0,0,,0,0,0,,0,,,0,,3,4.1,0,0.0,3,15.0,TE,HortZa00"
"370,Ronnie Rivers,3,0,0,0,Sun,17,18,2026-01-04,26-338,LAR,,ARI,W 37-20,0,0,0,,0,0,0,0,,,,0,0,,,,,,,0,0,,0,0,,0,0,0,,0,,,0,,3,4.0,0,0.0,13,46.4,RB,RiveRo01"
"371,Zach Wilson,3,2,0,0,Sun,17,18,2026-01-04,26-154,MIA,@,NWE,L 10-38,0,2,2,0.0,0,0,0,0,0.0,0.0,39.6,0,0,0.00,0.0,0.0,0.0,,0.0,0,0,,0,0,,0,0,0,,0,,,0,,3,5.4,0,0.0,0,0.0,QB,WilsZa00"
"372,Nathan Carter,2,0,0,0,Sun,17,18,2026-01-04,23-227,ATL,,NOR,W 19-17,0,0,0,,0,0,0,0,,,,0,0,,,,,,,0,0,,0,0,,0,0,0,,0,,,0,,2,3.2,0,0.0,8,28.6,RB,CartNa00"
"373,James Cook,2,0,2,0,Sun,17,18,2026-01-04,26-101,BUF,,NYJ,W 35-8,0,0,0,,0,0,0,0,,,,0,0,,,,,,,2,15,7.5,0,1,100.0,0,0,0,,0,,,0,,2,2.7,0,0.0,0,0.0,RB,CookJa01"
"374,AJ Dillon,2,0,0,1,Sun,17,18,2026-01-04,27-247,PHI,,WAS,L 17-24,0,0,0,,0,0,0,0,,,,0,0,,,,,,,0,0,,0,0,,1,1,3,3.0,0,100.0,3.0,0,100.0,2,3.1,0,0.0,10,45.5,RB,DillAJ00"
"375,Feleipe Franks,2,0,0,0,Sun,17,18,2026-01-04,28-013,ATL,,NOR,W 19-17,0,0,0,,0,0,0,0,,,,0,0,,,,,,,0,0,,0,0,,0,0,0,,0,,,0,,2,3.2,0,0.0,13,46.4,TE,FranFe00"
"376,Luke Musgrave,2,0,0,0,Sun,17,18,2026-01-04,25-124,GNB,@,MIN,L 3-16,0,0,0,,0,0,0,0,,,,0,0,,,,,,,0,0,,0,0,,0,0,0,,0,,,0,,2,3.9,0,0.0,0,0.0,TE,MusgLu00"
"377,Teagan Quitoriano,2,0,0,0,Sun,17,18,2026-01-04,25-295,ATL,,NOR,W 19-17,0,0,0,,0,0,0,0,,,,0,0,,,,,,,0,0,,0,0,,0,0,0,,0,,,0,,2,3.2,0,0.0,13,46.4,TE,QuitTe00"
"378,Steven Sims,2,0,0,0,Sun,17,18,2026-01-04,28-279,ARI,@,LAR,L 20-37,0,0,0,,0,0,0,0,,,,0,0,,,,,,,0,0,,0,0,,0,0,0,,0,,,0,,2,3.6,0,0.0,9,32.1,WR,SimsSt00"
"379,Robert Tonyan,2,0,0,0,Sun,17,18,2026-01-04,31-249,KAN,@,LVR,L 12-14,0,0,0,,0,0,0,0,,,,0,0,,,,,,,0,0,,0,0,,0,0,0,,0,,,0,,2,3.1,0,0.0,0,0.0,TE,TonyRo00"
"380,Zamir White,2,0,1,1,Sun,17,18,2026-01-04,26-108,LVR,,KAN,W 14-12,0,0,0,,0,0,0,0,,,,0,0,,,,,,,1,5,5.0,0,1,100.0,1,1,5,5.0,0,100.0,5.0,0,100.0,2,3.2,0,0.0,11,34.4,RB,WhitZa01"
"381,Ke'Shawn Williams,2,0,1,0,Sun,17,18,2026-01-04,24-008,CIN,,CLE,L 18-20,0,0,0,,0,0,0,0,,,,0,0,,,,,,,1,9,9.0,0,0,100.0,0,0,0,,0,,,0,,2,2.9,0,0.0,9,37.5,WR,WillKe08"
"382,Cam Akers,1,0,0,0,Sat,17,18,2026-01-03,26-195,SEA,@,SFO,W 13-3,0,0,0,,0,0,0,0,,,,0,0,,,,,,,0,0,,0,0,,0,0,0,,0,,,0,,1,1.4,0,0.0,5,29.4,RB,AkerCa00"
"383,Josh Allen,1,0,0,0,Sun,17,18,2026-01-04,29-228,BUF,,NYJ,W 35-8,0,0,0,,0,0,0,0,,,,0,0,,,,,,,0,0,,0,0,,0,0,0,,0,,,0,,1,1.3,0,0.0,0,0.0,QB,AlleJo02"
"384,Trevor Etienne,1,0,0,0,Sat,17,18,2026-01-03,21-178,CAR,@,TAM,L 14-16,0,0,0,,0,0,0,0,,,,0,0,,,,,,,0,0,,0,0,,0,0,0,,0,,,0,,1,2.0,0,0.0,7,31.8,RB,EtieTr01"
"385,Joe Flacco,1,0,1,0,Sun,17,18,2026-01-04,40-353,CIN,,CLE,L 18-20,0,0,0,,0,0,0,0,,,,0,0,,,,,,,1,2,2.0,0,1,100.0,0,0,0,,0,,,0,,1,1.5,0,0.0,0,0.0,QB,FlacJo00"
"386,Nyheim Hines,1,0,0,0,Sun,17,18,2026-01-04,29-053,NOR,@,ATL,L 17-19,0,0,0,,0,0,0,0,,,,0,0,,,,,,,0,0,,0,0,,0,0,0,,0,,,0,,1,1.5,0,0.0,8,28.6,RB,HineNy00"
"387,Jimmy Holiday,1,0,0,0,Sun,17,18,2026-01-04,24-019,KAN,@,LVR,L 12-14,0,0,0,,0,0,0,0,,,,0,0,,,,,,,0,0,,0,0,,0,0,0,,0,,,0,,1,1.6,0,0.0,0,0.0,WR,HoliJi00"
"388,Tom Kennedy,1,0,0,0,Sun,17,18,2026-01-04,29-159,DET,@,CHI,W 19-16,0,0,0,,0,0,0,0,,,,0,0,,,,,,,0,0,,0,0,,0,0,0,,0,,,0,,1,1.4,0,0.0,4,20.0,WR,KennTo01"
"389,Mason Kinsey,1,0,0,0,Sun,17,18,2026-01-04,27-128,TEN,@,JAX,L 7-41,0,0,0,,0,0,0,0,,,,0,0,,,,,,,0,0,,0,0,,0,0,0,,0,,,0,,1,1.9,0,0.0,23,88.5,WR,KinsMa00"
"390,Tylan Wallace,1,0,0,0,Sun,17,18,2026-01-04,26-236,BAL,@,PIT,L 24-26,0,0,0,,0,0,0,0,,,,0,0,,,,,,,0,0,,0,0,,0,0,0,,0,,,0,,1,2.0,0,0.0,4,13.8,WR,WallTy00"
"391,Tahj Brooks,0,0,0,0,Sun,17,18,2026-01-04,23-236,CIN,,CLE,L 18-20,0,0,0,,0,0,0,0,,,,0,0,,,,,,,0,0,,0,0,,0,0,0,,0,,,0,,0,0.0,0,0.0,9,37.5,RB,BrooTa00"
"392,Julius Chestnut,0,0,0,0,Sun,17,18,2026-01-04,25-070,TEN,@,JAX,L 7-41,0,0,0,,0,0,0,0,,,,0,0,,,,,,,0,0,,0,0,,0,0,0,,0,,,0,,0,0.0,0,0.0,17,65.4,RB,ChesJu00"
"393,Devin Culp,0,0,0,0,Sat,17,18,2026-01-03,25-335,TAM,,CAR,W 16-14,0,0,0,,0,0,0,0,,,,0,0,,,,,,,0,0,,0,0,,0,0,0,,0,,,0,,0,0.0,0,0.0,7,31.8,TE,CulpDe00"
"394,DeeJay Dallas,0,0,0,0,Sun,17,18,2026-01-04,27-110,JAX,,TEN,W 41-7,0,0,0,,0,0,0,0,,,,0,0,,,,,,,0,0,,0,0,,0,0,0,,0,,,0,,0,0.0,0,0.0,7,26.9,RB,DallDe00"
"395,Devin Duvernay,0,0,0,0,Sun,17,18,2026-01-04,28-114,CHI,,DET,L 16-19,0,0,0,,0,0,0,0,,,,0,0,,,,,,,0,0,,0,0,,0,0,0,,0,,,0,,0,0.0,0,0.0,7,35.0,WR,DuveDe00"
"396,Xavier Gipson,0,0,0,0,Sun,17,18,2026-01-04,24-302,NYG,,DAL,W 34-17,0,0,0,,0,0,0,0,,,,0,0,,,,,,,0,0,,0,0,,0,0,0,,0,,,0,,0,0.0,0,0.0,2,7.7,WR,GipsXa00"
"397,Eric Gray,0,0,0,0,Sun,17,18,2026-01-04,26-061,NYG,,DAL,W 34-17,0,0,0,,0,0,0,0,,,,0,0,,,,,,,0,0,,0,0,,0,0,0,,0,,,0,,0,0.0,0,0.0,2,7.7,RB,GrayEr01"
"398,Travis Homer,0,0,0,0,Sun,17,18,2026-01-04,27-150,CHI,,DET,L 16-19,0,0,0,,0,0,0,0,,,,0,0,,,,,,,0,0,,0,0,,0,0,0,,0,,,0,,0,0.0,0,0.0,13,65.0,RB,HomeTr00"
"399,Jordan James,0,0,0,0,Sat,17,18,2026-01-03,21-280,SFO,,SEA,L 3-13,0,0,0,,0,0,0,0,,,,0,0,,,,,,,0,0,,0,0,,0,0,0,,0,,,0,,0,0.0,0,0.0,5,29.4,RB,JameJo01"
"400,Kameron Johnson,0,0,0,0,Sat,17,18,2026-01-03,23-292,TAM,,CAR,W 16-14,0,0,0,,0,0,0,0,,,,0,0,,,,,,,0,0,,0,0,,0,0,0,,0,,,0,,0,0.0,0,0.0,11,50.0,WR,JohnKa01"
"401,Jeshaun Jones,0,0,0,0,Sun,17,18,2026-01-04,26-013,MIN,,GNB,W 16-3,0,0,0,,0,0,0,0,,,,0,0,,,,,,,0,0,,0,0,,0,0,0,,0,,,0,,0,0.0,0,0.0,7,30.4,WR,JoneJe01"
"402,Nikola Kalinic,0,0,0,0,Sun,17,18,2026-01-04,28-348,CHI,,DET,L 16-19,0,0,0,,0,0,0,0,,,,0,0,,,,,,,0,0,,0,0,,0,0,0,,0,,,0,,0,0.0,0,0.0,13,65.0,TE,KaliNi00"
"403,Dylan Laube,0,0,0,0,Sun,17,18,2026-01-04,26-021,LVR,,KAN,W 14-12,0,0,0,,0,0,0,0,,,,0,0,,,,,,,0,0,,0,0,,0,0,0,,0,,,0,,0,0.0,0,0.0,16,50.0,RB,LaubDy00"
"404,Kalel Mullings,0,0,0,0,Sun,17,18,2026-01-04,23-092,TEN,@,JAX,L 7-41,0,0,0,,0,0,0,0,,,,0,0,,,,,,,0,0,,0,0,,0,0,0,,0,,,0,,0,0.0,0,0.0,17,65.4,RB,MullKa00"
"405,Jacob Saylors,0,0,0,0,Sun,17,18,2026-01-04,24-302,DET,@,CHI,W 19-16,0,0,0,,0,0,0,0,,,,0,0,,,,,,,0,0,,0,0,,0,0,0,,0,,,0,,0,0.0,0,0.0,14,70.0,RB,SaylJa00"
"406,Jake Tonges,0,0,0,0,Sat,17,18,2026-01-03,26-179,SFO,,SEA,L 3-13,0,0,0,,0,0,0,0,,,,0,0,,,,,,,0,0,,0,0,,0,0,0,,0,,,0,,0,0.0,0,0.0,11,64.7,TE,TongJa00"
"407,Cole Turner,0,0,0,0,Sun,17,18,2026-01-04,25-294,TEN,@,JAX,L 7-41,0,0,0,,0,0,0,0,,,,0,0,,,,,,,0,0,,0,0,,0,0,0,,0,,,0,,0,0.0,0,0.0,2,7.7,TE,TurnCo00"
"408,Sione Vaki,0,0,0,0,Sun,17,18,2026-01-04,24-158,DET,@,CHI,W 19-16,0,0,0,,0,0,0,0,,,,0,0,,,,,,,0,0,,0,0,,0,0,0,,0,,,0,,0,0.0,0,0.0,14,70.0,RB,VakiSi00"
"409,Jordan Whittington,0,0,0,0,Sun,17,18,2026-01-04,25-095,LAR,,ARI,W 37-20,0,0,0,,0,0,0,0,,,,0,0,,,,,,,0,0,,0,0,,0,0,0,,0,,,0,,0,0.0,0,0.0,2,7.1,WR,WhitJo04"
